0 verbose cli /usr/local/bin/node /usr/local/bin/npm
1 info using npm@10.9.3
2 info using node@v22.20.0
3 silly config load:file:/usr/local/lib/node_modules/npm/npmrc
4 silly config load:file:/Users/gayathrisathish/Library/Mobile Documents/com~apple~CloudDocs/Desktop/Projects/RoadRhythm/.npmrc
5 silly config load:file:/Users/gayathrisathish/.npmrc
6 silly config load:file:/usr/local/etc/npmrc
7 verbose title npm install recharts next-themes clsx tailwind-merge class-variance-authority
8 verbose argv "install" "recharts" "next-themes" "clsx" "tailwind-merge" "class-variance-authority" "--cache" ".npm-cache"
9 verbose logfile logs-max:10 dir:/Users/gayathrisathish/Library/Mobile Documents/com~apple~CloudDocs/Desktop/Projects/RoadRhythm/.npm-cache/_logs/2026-03-17T04_09_08_164Z-
10 verbose logfile /Users/gayathrisathish/Library/Mobile Documents/com~apple~CloudDocs/Desktop/Projects/RoadRhythm/.npm-cache/_logs/2026-03-17T04_09_08_164Z-debug-0.log
11 silly logfile done cleaning log files
12 silly packumentCache heap:4345298944 maxSize:1086324736 maxEntrySize:543162368
13 silly idealTree buildDeps
14 silly fetch manifest react@^18
15 silly packumentCache full:https://registry.npmjs.org/react cache-miss
16 verbose shrinkwrap failed to load node_modules/.package-lock.json out of date, updated: node_modules
17 http cache https://registry.npmjs.org/react 15ms (cache hit)
18 silly packumentCache full:https://registry.npmjs.org/react set size:6543561 disposed:false
19 silly fetch manifest react-dom@^18
20 silly packumentCache full:https://registry.npmjs.org/react-dom cache-miss
21 http cache https://registry.npmjs.org/react-dom 39ms (cache hit)
22 silly packumentCache full:https://registry.npmjs.org/react-dom set size:8685222 disposed:false
23 silly fetch manifest next@14.2.5
24 silly packumentCache full:https://registry.npmjs.org/next cache-miss
25 http cache https://registry.npmjs.org/next 35ms (cache hit)
26 silly packumentCache full:https://registry.npmjs.org/next set size:29637446 disposed:false
27 silly fetch manifest @opentelemetry/api@^1.1.0
28 silly packumentCache full:https://registry.npmjs.org/@opentelemetry%2fapi cache-miss
29 http cache https://registry.npmjs.org/@opentelemetry%2fapi 4ms (cache hit)
30 silly packumentCache full:https://registry.npmjs.org/@opentelemetry%2fapi set size:455678 disposed:false
31 silly fetch manifest @playwright/test@^1.41.2
32 silly packumentCache full:https://registry.npmjs.org/@playwright%2ftest cache-miss
33 http cache https://registry.npmjs.org/@playwright%2ftest 15ms (cache hit)
34 silly packumentCache full:https://registry.npmjs.org/@playwright%2ftest set size:8851442 disposed:false
35 silly fetch manifest sass@^1.3.0
36 silly packumentCache full:https://registry.npmjs.org/sass cache-miss
37 http cache https://registry.npmjs.org/sass 3ms (cache hit)
38 silly packumentCache full:https://registry.npmjs.org/sass set size:724154 disposed:false
39 silly fetch manifest recharts@*
40 silly packumentCache full:https://registry.npmjs.org/recharts cache-miss
41 http cache https://registry.npmjs.org/recharts 4ms (cache hit)
42 silly packumentCache full:https://registry.npmjs.org/recharts set size:1336101 disposed:false
43 silly fetch manifest react-is@^16.8.0 || ^17.0.0 || ^18.0.0 || ^19.0.0
44 silly packumentCache full:https://registry.npmjs.org/react-is cache-miss
45 http cache https://registry.npmjs.org/react-is 11ms (cache hit)
46 silly packumentCache full:https://registry.npmjs.org/react-is set size:5297550 disposed:false
47 silly fetch manifest next-themes@*
48 silly packumentCache full:https://registry.npmjs.org/next-themes cache-miss
49 http cache https://registry.npmjs.org/next-themes 2ms (cache hit)
50 silly packumentCache full:https://registry.npmjs.org/next-themes set size:162039 disposed:false
51 silly fetch manifest clsx@*
52 silly packumentCache full:https://registry.npmjs.org/clsx cache-miss
53 http cache https://registry.npmjs.org/clsx 1ms (cache hit)
54 silly packumentCache full:https://registry.npmjs.org/clsx set size:42506 disposed:false
55 silly fetch manifest tailwind-merge@*
56 silly packumentCache full:https://registry.npmjs.org/tailwind-merge cache-miss
57 http cache https://registry.npmjs.org/tailwind-merge 4ms (cache hit)
58 silly packumentCache full:https://registry.npmjs.org/tailwind-merge set size:1536421 disposed:false
59 silly fetch manifest class-variance-authority@*
60 silly packumentCache full:https://registry.npmjs.org/class-variance-authority cache-miss
61 http cache https://registry.npmjs.org/class-variance-authority 2ms (cache hit)
62 silly packumentCache full:https://registry.npmjs.org/class-variance-authority set size:96388 disposed:false
63 silly fetch manifest typescript@^5
64 silly packumentCache full:https://registry.npmjs.org/typescript cache-miss
65 http cache https://registry.npmjs.org/typescript 18ms (cache hit)
66 silly packumentCache full:https://registry.npmjs.org/typescript set size:15362277 disposed:false
67 silly fetch manifest @types/node@^20
68 silly packumentCache full:https://registry.npmjs.org/@types%2fnode cache-miss
69 http cache https://registry.npmjs.org/@types%2fnode 14ms (cache hit)
70 silly packumentCache full:https://registry.npmjs.org/@types%2fnode set size:10939971 disposed:false
71 silly fetch manifest @types/react@^18
72 silly packumentCache full:https://registry.npmjs.org/@types%2freact cache-miss
73 http cache https://registry.npmjs.org/@types%2freact 4ms (cache hit)
74 silly packumentCache full:https://registry.npmjs.org/@types%2freact set size:2588986 disposed:false
75 silly fetch manifest @types/react-dom@^18
76 silly packumentCache full:https://registry.npmjs.org/@types%2freact-dom cache-miss
77 http cache https://registry.npmjs.org/@types%2freact-dom 2ms (cache hit)
78 silly packumentCache full:https://registry.npmjs.org/@types%2freact-dom set size:429026 disposed:false
79 silly fetch manifest postcss@^8
80 silly packumentCache full:https://registry.npmjs.org/postcss cache-miss
81 http cache https://registry.npmjs.org/postcss 2ms (cache hit)
82 silly packumentCache full:https://registry.npmjs.org/postcss set size:702266 disposed:false
83 silly fetch manifest tailwindcss@^3.4.1
84 silly packumentCache full:https://registry.npmjs.org/tailwindcss cache-miss
85 http cache https://registry.npmjs.org/tailwindcss 12ms (cache hit)
86 silly packumentCache full:https://registry.npmjs.org/tailwindcss set size:10260029 disposed:false
87 silly fetch manifest eslint@^8
88 silly packumentCache full:https://registry.npmjs.org/eslint cache-miss
89 http cache https://registry.npmjs.org/eslint 4ms (cache hit)
90 silly packumentCache full:https://registry.npmjs.org/eslint set size:1963267 disposed:false
91 silly fetch manifest eslint-config-next@14.2.5
92 silly packumentCache full:https://registry.npmjs.org/eslint-config-next cache-miss
93 http cache https://registry.npmjs.org/eslint-config-next 10ms (cache hit)
94 silly packumentCache full:https://registry.npmjs.org/eslint-config-next set size:6447979 disposed:false
95 silly placeDep ROOT @types/node@20.19.37 OK for: roadrhythm@0.1.0 want: ^20
96 silly placeDep ROOT @types/react@18.3.28 OK for: roadrhythm@0.1.0 want: ^18
97 silly placeDep ROOT @types/react-dom@18.3.7 OK for: roadrhythm@0.1.0 want: ^18
98 silly placeDep ROOT class-variance-authority@0.7.1 REPLACE for: roadrhythm@0.1.0 want: *
99 silly placeDep ROOT clsx@2.1.1 REPLACE for: roadrhythm@0.1.0 want: *
100 silly placeDep ROOT eslint@8.57.1 OK for: roadrhythm@0.1.0 want: ^8
101 silly placeDep ROOT eslint-config-next@14.2.5 OK for: roadrhythm@0.1.0 want: 14.2.5
102 silly placeDep ROOT next@14.2.5 OK for: roadrhythm@0.1.0 want: 14.2.5
103 silly placeDep ROOT react@18.3.1 REPLACE for: next@14.2.5 want: ^18.2.0
104 warn ERESOLVE overriding peer dependency {
104 warn ERESOLVE   code: 'ERESOLVE',
104 warn ERESOLVE   edge: {
104 warn ERESOLVE     type: 'peer',
104 warn ERESOLVE     name: 'react',
104 warn ERESOLVE     spec: '^19.2.4',
104 warn ERESOLVE     from: {
104 warn ERESOLVE       name: 'react-dom',
104 warn ERESOLVE       version: '19.2.4',
104 warn ERESOLVE       location: 'node_modules/react-dom',
104 warn ERESOLVE       isWorkspace: false,
104 warn ERESOLVE       dependents: [Array]
104 warn ERESOLVE     }
104 warn ERESOLVE   },
104 warn ERESOLVE   dep: {
104 warn ERESOLVE     name: 'react',
104 warn ERESOLVE     version: '18.3.1',
104 warn ERESOLVE     whileInstalling: {
104 warn ERESOLVE       name: 'roadrhythm',
104 warn ERESOLVE       version: '0.1.0',
104 warn ERESOLVE       path: '/Users/gayathrisathish/Library/Mobile Documents/com~apple~CloudDocs/Desktop/Projects/RoadRhythm'
104 warn ERESOLVE     },
104 warn ERESOLVE     location: 'node_modules/react',
104 warn ERESOLVE     isWorkspace: false,
104 warn ERESOLVE     dependents: [ [Object] ]
104 warn ERESOLVE   },
104 warn ERESOLVE   force: false,
104 warn ERESOLVE   isMine: true,
104 warn ERESOLVE   strictPeerDeps: false,
104 warn ERESOLVE   current: {
104 warn ERESOLVE     name: 'react',
104 warn ERESOLVE     version: '19.2.4',
104 warn ERESOLVE     location: 'node_modules/react',
104 warn ERESOLVE     isWorkspace: false,
104 warn ERESOLVE     dependents: [ [Object] ]
104 warn ERESOLVE   },
104 warn ERESOLVE   peerConflict: {
104 warn ERESOLVE     name: 'react',
104 warn ERESOLVE     version: '19.2.4',
104 warn ERESOLVE     location: 'node_modules/react',
104 warn ERESOLVE     isWorkspace: false,
104 warn ERESOLVE     dependents: [ [Object] ]
104 warn ERESOLVE   }
104 warn ERESOLVE }
105 warn ERESOLVE overriding peer dependency {
105 warn ERESOLVE   code: 'ERESOLVE',
105 warn ERESOLVE   edge: {
105 warn ERESOLVE     type: 'peer',
105 warn ERESOLVE     name: 'react',
105 warn ERESOLVE     spec: '^19.2.4',
105 warn ERESOLVE     from: {
105 warn ERESOLVE       name: 'react-dom',
105 warn ERESOLVE       version: '19.2.4',
105 warn ERESOLVE       location: 'node_modules/react-dom',
105 warn ERESOLVE       isWorkspace: false,
105 warn ERESOLVE       dependents: [Array]
105 warn ERESOLVE     }
105 warn ERESOLVE   },
105 warn ERESOLVE   dep: {
105 warn ERESOLVE     name: 'react',
105 warn ERESOLVE     version: '18.3.1',
105 warn ERESOLVE     whileInstalling: {
105 warn ERESOLVE       name: 'roadrhythm',
105 warn ERESOLVE       version: '0.1.0',
105 warn ERESOLVE       path: '/Users/gayathrisathish/Library/Mobile Documents/com~apple~CloudDocs/Desktop/Projects/RoadRhythm'
105 warn ERESOLVE     },
105 warn ERESOLVE     location: 'node_modules/react',
105 warn ERESOLVE     isWorkspace: false,
105 warn ERESOLVE     dependents: [ [Object] ]
105 warn ERESOLVE   },
105 warn ERESOLVE   force: false,
105 warn ERESOLVE   isMine: true,
105 warn ERESOLVE   strictPeerDeps: false,
105 warn ERESOLVE   current: {
105 warn ERESOLVE     name: 'react',
105 warn ERESOLVE     version: '19.2.4',
105 warn ERESOLVE     location: 'node_modules/react',
105 warn ERESOLVE     isWorkspace: false,
105 warn ERESOLVE     dependents: [ [Object] ]
105 warn ERESOLVE   },
105 warn ERESOLVE   peerConflict: {
105 warn ERESOLVE     name: 'react',
105 warn ERESOLVE     version: '19.2.4',
105 warn ERESOLVE     location: 'node_modules/react',
105 warn ERESOLVE     isWorkspace: false,
105 warn ERESOLVE     dependents: [ [Object] ]
105 warn ERESOLVE   }
105 warn ERESOLVE }
106 silly placeDep ROOT react-dom@18.3.1 REPLACE for: next@14.2.5 want: ^18.2.0
107 silly placeDep ROOT next-themes@0.4.6 REPLACE for: roadrhythm@0.1.0 want: *
108 silly placeDep ROOT postcss@8.5.8 OK for: roadrhythm@0.1.0 want: ^8
109 silly placeDep ROOT recharts@3.8.0 REPLACE for: roadrhythm@0.1.0 want: *
110 silly placeDep ROOT tailwind-merge@3.5.0 REPLACE for: roadrhythm@0.1.0 want: *
111 silly placeDep ROOT tailwindcss@3.4.19 OK for: roadrhythm@0.1.0 want: ^3.4.1
112 silly placeDep ROOT typescript@5.9.3 OK for: roadrhythm@0.1.0 want: ^5
113 silly fetch manifest undici-types@~6.21.0
114 silly packumentCache full:https://registry.npmjs.org/undici-types cache-miss
115 silly fetch manifest csstype@^3.2.2
116 silly packumentCache full:https://registry.npmjs.org/csstype cache-miss
117 silly fetch manifest @types/prop-types@*
118 silly packumentCache full:https://registry.npmjs.org/@types%2fprop-types cache-miss
119 silly fetch manifest ajv@^6.12.4
120 silly packumentCache full:https://registry.npmjs.org/ajv cache-miss
121 silly fetch manifest levn@^0.4.1
122 silly packumentCache full:https://registry.npmjs.org/levn cache-miss
123 silly fetch manifest chalk@^4.0.0
124 silly packumentCache full:https://registry.npmjs.org/chalk cache-miss
125 silly fetch manifest debug@^4.3.2
126 silly packumentCache full:https://registry.npmjs.org/debug cache-miss
127 silly fetch manifest espree@^9.6.1
128 silly packumentCache full:https://registry.npmjs.org/espree cache-miss
129 silly fetch manifest ignore@^5.2.0
130 silly packumentCache full:https://registry.npmjs.org/ignore cache-miss
131 http cache https://registry.npmjs.org/ignore 6ms (cache hit)
132 silly packumentCache full:https://registry.npmjs.org/ignore set size:237380 disposed:false
133 silly fetch manifest esquery@^1.4.2
134 silly packumentCache full:https://registry.npmjs.org/esquery cache-miss
135 http cache https://registry.npmjs.org/undici-types 8ms (cache hit)
136 silly packumentCache full:https://registry.npmjs.org/undici-types set size:188003 disposed:false
137 silly fetch manifest esutils@^2.0.2
138 silly packumentCache full:https://registry.npmjs.org/esutils cache-miss
139 http cache https://registry.npmjs.org/chalk 9ms (cache hit)
140 silly packumentCache full:https://registry.npmjs.org/chalk set size:117861 disposed:false
141 silly fetch manifest find-up@^5.0.0
142 silly packumentCache full:https://registry.npmjs.org/find-up cache-miss
143 http cache https://registry.npmjs.org/levn 10ms (cache hit)
144 silly packumentCache full:https://registry.npmjs.org/levn set size:28223 disposed:false
145 silly fetch manifest globals@^13.19.0
146 silly packumentCache full:https://registry.npmjs.org/globals cache-miss
147 http cache https://registry.npmjs.org/ajv 11ms (cache hit)
148 silly packumentCache full:https://registry.npmjs.org/ajv set size:1120197 disposed:false
149 silly fetch manifest is-glob@^4.0.0
150 silly packumentCache full:https://registry.npmjs.org/is-glob cache-miss
151 http cache https://registry.npmjs.org/csstype 14ms (cache hit)
152 silly packumentCache full:https://registry.npmjs.org/csstype set size:274189 disposed:false
153 silly fetch manifest js-yaml@^4.1.0
154 silly packumentCache full:https://registry.npmjs.org/js-yaml cache-miss
155 http cache https://registry.npmjs.org/@types%2fprop-types 16ms (cache hit)
156 silly packumentCache full:https://registry.npmjs.org/@types%2fprop-types set size:53942 disposed:false
157 silly fetch manifest doctrine@^3.0.0
158 silly packumentCache full:https://registry.npmjs.org/doctrine cache-miss
159 http cache https://registry.npmjs.org/debug 16ms (cache hit)
160 silly packumentCache full:https://registry.npmjs.org/debug set size:195840 disposed:false
161 silly fetch manifest graphemer@^1.4.0
162 silly packumentCache full:https://registry.npmjs.org/graphemer cache-miss
163 http cache https://registry.npmjs.org/espree 18ms (cache hit)
164 silly packumentCache full:https://registry.npmjs.org/espree set size:326080 disposed:false
165 silly fetch manifest minimatch@^3.1.2
166 silly packumentCache full:https://registry.npmjs.org/minimatch cache-miss
167 http cache https://registry.npmjs.org/esquery 13ms (cache hit)
168 silly packumentCache full:https://registry.npmjs.org/esquery set size:48888 disposed:false
169 silly fetch manifest @eslint/js@8.57.1
170 silly packumentCache full:https://registry.npmjs.org/@eslint%2fjs cache-miss
171 http cache https://registry.npmjs.org/esutils 13ms (cache hit)
172 silly packumentCache full:https://registry.npmjs.org/esutils set size:29522 disposed:false
173 silly fetch manifest optionator@^0.9.3
174 silly packumentCache full:https://registry.npmjs.org/optionator cache-miss
175 http cache https://registry.npmjs.org/globals 12ms (cache hit)
176 silly packumentCache full:https://registry.npmjs.org/globals set size:308609 disposed:false
177 silly fetch manifest strip-ansi@^6.0.1
178 silly packumentCache full:https://registry.npmjs.org/strip-ansi cache-miss
179 http cache https://registry.npmjs.org/find-up 14ms (cache hit)
180 silly packumentCache full:https://registry.npmjs.org/find-up set size:42620 disposed:false
181 silly fetch manifest text-table@^0.2.0
182 silly packumentCache full:https://registry.npmjs.org/text-table cache-miss
183 http cache https://registry.npmjs.org/js-yaml 9ms (cache hit)
184 silly packumentCache full:https://registry.npmjs.org/js-yaml set size:152232 disposed:false
185 silly fetch manifest cross-spawn@^7.0.2
186 silly packumentCache full:https://registry.npmjs.org/cross-spawn cache-miss
187 http cache https://registry.npmjs.org/graphemer 8ms (cache hit)
188 silly packumentCache full:https://registry.npmjs.org/graphemer set size:25853 disposed:false
189 silly fetch manifest glob-parent@^6.0.2
190 silly packumentCache full:https://registry.npmjs.org/glob-parent cache-miss
191 http cache https://registry.npmjs.org/minimatch 7ms (cache hit)
192 silly packumentCache full:https://registry.npmjs.org/minimatch set size:352359 disposed:false
193 silly fetch manifest imurmurhash@^0.1.4
194 silly packumentCache full:https://registry.npmjs.org/imurmurhash cache-miss
195 http cache https://registry.npmjs.org/is-glob 15ms (cache hit)
196 silly packumentCache full:https://registry.npmjs.org/is-glob set size:40530 disposed:false
197 silly fetch manifest eslint-scope@^7.2.2
198 silly packumentCache full:https://registry.npmjs.org/eslint-scope cache-miss
199 http cache https://registry.npmjs.org/doctrine 14ms (cache hit)
200 silly packumentCache full:https://registry.npmjs.org/doctrine set size:64052 disposed:false
201 silly fetch manifest lodash.merge@^4.6.2
202 silly packumentCache full:https://registry.npmjs.org/lodash.merge cache-miss
203 http cache https://registry.npmjs.org/@eslint%2fjs 12ms (cache hit)
204 silly packumentCache full:https://registry.npmjs.org/@eslint%2fjs set size:140022 disposed:false
205 silly fetch manifest is-path-inside@^3.0.3
206 silly packumentCache full:https://registry.npmjs.org/is-path-inside cache-miss
207 http cache https://registry.npmjs.org/optionator 13ms (cache hit)
208 silly packumentCache full:https://registry.npmjs.org/optionator set size:49651 disposed:false
209 silly fetch manifest fast-deep-equal@^3.1.3
210 silly packumentCache full:https://registry.npmjs.org/fast-deep-equal cache-miss
211 http cache https://registry.npmjs.org/text-table 11ms (cache hit)
212 silly packumentCache full:https://registry.npmjs.org/text-table set size:20701 disposed:false
213 silly fetch manifest natural-compare@^1.4.0
214 silly packumentCache full:https://registry.npmjs.org/natural-compare cache-miss
215 http cache https://registry.npmjs.org/strip-ansi 12ms (cache hit)
216 silly packumentCache full:https://registry.npmjs.org/strip-ansi set size:44998 disposed:false
217 silly fetch manifest @eslint/eslintrc@^2.1.4
218 silly packumentCache full:https://registry.npmjs.org/@eslint%2feslintrc cache-miss
219 http cache https://registry.npmjs.org/cross-spawn 11ms (cache hit)
220 silly packumentCache full:https://registry.npmjs.org/cross-spawn set size:109066 disposed:false
221 silly fetch manifest @nodelib/fs.walk@^1.2.8
222 silly packumentCache full:https://registry.npmjs.org/@nodelib%2ffs.walk cache-miss
223 http cache https://registry.npmjs.org/imurmurhash 9ms (cache hit)
224 silly packumentCache full:https://registry.npmjs.org/imurmurhash set size:35819 disposed:false
225 silly fetch manifest file-entry-cache@^6.0.1
226 silly packumentCache full:https://registry.npmjs.org/file-entry-cache cache-miss
227 http cache https://registry.npmjs.org/glob-parent 11ms (cache hit)
228 silly packumentCache full:https://registry.npmjs.org/glob-parent set size:42445 disposed:false
229 silly fetch manifest eslint-visitor-keys@^3.4.3
230 silly packumentCache full:https://registry.npmjs.org/eslint-visitor-keys cache-miss
231 http cache https://registry.npmjs.org/lodash.merge 8ms (cache hit)
232 silly packumentCache full:https://registry.npmjs.org/lodash.merge set size:78575 disposed:false
233 silly fetch manifest escape-string-regexp@^4.0.0
234 silly packumentCache full:https://registry.npmjs.org/escape-string-regexp cache-miss
235 http cache https://registry.npmjs.org/eslint-scope 10ms (cache hit)
236 silly packumentCache full:https://registry.npmjs.org/eslint-scope set size:98867 disposed:false
237 silly fetch manifest @ungap/structured-clone@^1.2.0
238 silly packumentCache full:https://registry.npmjs.org/@ungap%2fstructured-clone cache-miss
239 http cache https://registry.npmjs.org/natural-compare 5ms (cache hit)
240 silly packumentCache full:https://registry.npmjs.org/natural-compare set size:7852 disposed:false
241 silly fetch manifest @eslint-community/regexpp@^4.6.1
242 silly packumentCache full:https://registry.npmjs.org/@eslint-community%2fregexpp cache-miss
243 http cache https://registry.npmjs.org/is-path-inside 6ms (cache hit)
244 silly packumentCache full:https://registry.npmjs.org/is-path-inside set size:23585 disposed:false
245 silly fetch manifest @humanwhocodes/config-array@^0.13.0
246 silly packumentCache full:https://registry.npmjs.org/@humanwhocodes%2fconfig-array cache-miss
247 http cache https://registry.npmjs.org/fast-deep-equal 6ms (cache hit)
248 silly packumentCache full:https://registry.npmjs.org/fast-deep-equal set size:48634 disposed:false
249 silly fetch manifest @eslint-community/eslint-utils@^4.2.0
250 silly packumentCache full:https://registry.npmjs.org/@eslint-community%2feslint-utils cache-miss
251 http cache https://registry.npmjs.org/@eslint%2feslintrc 6ms (cache hit)
252 silly packumentCache full:https://registry.npmjs.org/@eslint%2feslintrc set size:168674 disposed:false
253 silly fetch manifest @humanwhocodes/module-importer@^1.0.1
254 silly packumentCache full:https://registry.npmjs.org/@humanwhocodes%2fmodule-importer cache-miss
255 http cache https://registry.npmjs.org/@nodelib%2ffs.walk 6ms (cache hit)
256 silly packumentCache full:https://registry.npmjs.org/@nodelib%2ffs.walk set size:41589 disposed:false
257 silly fetch manifest json-stable-stringify-without-jsonify@^1.0.1
258 silly packumentCache full:https://registry.npmjs.org/json-stable-stringify-without-jsonify cache-miss
259 http cache https://registry.npmjs.org/file-entry-cache 6ms (cache hit)
260 silly packumentCache full:https://registry.npmjs.org/file-entry-cache set size:151480 disposed:false
261 silly fetch manifest eslint-plugin-react@^7.33.2
262 silly packumentCache full:https://registry.npmjs.org/eslint-plugin-react cache-miss
263 http cache https://registry.npmjs.org/eslint-visitor-keys 6ms (cache hit)
264 silly packumentCache full:https://registry.npmjs.org/eslint-visitor-keys set size:69949 disposed:false
265 silly fetch manifest eslint-plugin-import@^2.28.1
266 silly packumentCache full:https://registry.npmjs.org/eslint-plugin-import cache-miss
267 http cache https://registry.npmjs.org/escape-string-regexp 7ms (cache hit)
268 silly packumentCache full:https://registry.npmjs.org/escape-string-regexp set size:22244 disposed:false
269 silly fetch manifest eslint-plugin-jsx-a11y@^6.7.1
270 silly packumentCache full:https://registry.npmjs.org/eslint-plugin-jsx-a11y cache-miss
271 http cache https://registry.npmjs.org/@ungap%2fstructured-clone 6ms (cache hit)
272 silly packumentCache full:https://registry.npmjs.org/@ungap%2fstructured-clone set size:55958 disposed:false
273 silly fetch manifest @rushstack/eslint-patch@^1.3.3
274 silly packumentCache full:https://registry.npmjs.org/@rushstack%2feslint-patch cache-miss
275 http cache https://registry.npmjs.org/@eslint-community%2fregexpp 7ms (cache hit)
276 silly packumentCache full:https://registry.npmjs.org/@eslint-community%2fregexpp set size:106609 disposed:false
277 silly fetch manifest @next/eslint-plugin-next@14.2.5
278 silly packumentCache full:https://registry.npmjs.org/@next%2feslint-plugin-next cache-miss
279 http cache https://registry.npmjs.org/@humanwhocodes%2fmodule-importer 7ms (cache hit)
280 silly packumentCache full:https://registry.npmjs.org/@humanwhocodes%2fmodule-importer set size:9516 disposed:false
281 silly fetch manifest @typescript-eslint/parser@^5.4.2 || ^6.0.0 || 7.0.0 - 7.2.0
282 silly packumentCache full:https://registry.npmjs.org/@typescript-eslint%2fparser cache-miss
283 http cache https://registry.npmjs.org/json-stable-stringify-without-jsonify 6ms (cache hit)
284 silly packumentCache full:https://registry.npmjs.org/json-stable-stringify-without-jsonify set size:5808 disposed:false
285 silly fetch manifest eslint-plugin-react-hooks@^4.5.0 || 5.0.0-canary-7118f5dd7-20230705
286 silly packumentCache full:https://registry.npmjs.org/eslint-plugin-react-hooks cache-miss
287 http cache https://registry.npmjs.org/@humanwhocodes%2fconfig-array 9ms (cache hit)
288 silly packumentCache full:https://registry.npmjs.org/@humanwhocodes%2fconfig-array set size:139493 disposed:false
289 silly fetch manifest eslint-import-resolver-node@^0.3.6
290 silly packumentCache full:https://registry.npmjs.org/eslint-import-resolver-node cache-miss
291 http cache https://registry.npmjs.org/@eslint-community%2feslint-utils 8ms (cache hit)
292 silly packumentCache full:https://registry.npmjs.org/@eslint-community%2feslint-utils set size:93301 disposed:false
293 silly fetch manifest eslint-import-resolver-typescript@^3.5.2
294 silly packumentCache full:https://registry.npmjs.org/eslint-import-resolver-typescript cache-miss
295 http cache https://registry.npmjs.org/eslint-plugin-react 7ms (cache hit)
296 silly packumentCache full:https://registry.npmjs.org/eslint-plugin-react set size:646827 disposed:false
297 silly fetch manifest busboy@1.6.0
298 silly packumentCache full:https://registry.npmjs.org/busboy cache-miss
299 http cache https://registry.npmjs.org/eslint-plugin-import 10ms (cache hit)
300 silly packumentCache full:https://registry.npmjs.org/eslint-plugin-import set size:484928 disposed:false
301 silly fetch manifest postcss@8.4.31
302 silly packumentCache full:https://registry.npmjs.org/postcss cache-hit
303 silly fetch manifest @next/env@14.2.5
304 silly packumentCache full:https://registry.npmjs.org/@next%2fenv cache-miss
305 http cache https://registry.npmjs.org/eslint-plugin-jsx-a11y 12ms (cache hit)
306 silly packumentCache full:https://registry.npmjs.org/eslint-plugin-jsx-a11y set size:280052 disposed:false
307 silly fetch manifest styled-jsx@5.1.1
308 silly packumentCache full:https://registry.npmjs.org/styled-jsx cache-miss
309 http cache https://registry.npmjs.org/@rushstack%2feslint-patch 14ms (cache hit)
310 silly packumentCache full:https://registry.npmjs.org/@rushstack%2feslint-patch set size:114235 disposed:false
311 silly fetch manifest graceful-fs@^4.2.11
312 silly packumentCache full:https://registry.npmjs.org/graceful-fs cache-miss
313 http cache https://registry.npmjs.org/eslint-import-resolver-node 10ms (cache hit)
314 silly packumentCache full:https://registry.npmjs.org/eslint-import-resolver-node set size:35202 disposed:false
315 silly fetch manifest @swc/helpers@0.5.5
316 silly packumentCache full:https://registry.npmjs.org/@swc%2fhelpers cache-miss
317 http cache https://registry.npmjs.org/eslint-import-resolver-typescript 11ms (cache hit)
318 silly packumentCache full:https://registry.npmjs.org/eslint-import-resolver-typescript set size:334387 disposed:false
319 silly fetch manifest caniuse-lite@^1.0.30001579
320 silly packumentCache full:https://registry.npmjs.org/caniuse-lite cache-miss
321 http cache https://registry.npmjs.org/eslint-plugin-react-hooks 26ms (cache hit)
322 silly packumentCache full:https://registry.npmjs.org/eslint-plugin-react-hooks set size:7219804 disposed:false
323 silly fetch manifest @next/swc-darwin-x64@14.2.5
324 silly packumentCache full:https://registry.npmjs.org/@next%2fswc-darwin-x64 cache-miss
325 http cache https://registry.npmjs.org/busboy 47ms (cache hit)
326 silly packumentCache full:https://registry.npmjs.org/busboy set size:78925 disposed:false
327 silly fetch manifest @next/swc-darwin-arm64@14.2.5
328 silly packumentCache full:https://registry.npmjs.org/@next%2fswc-darwin-arm64 cache-miss
329 http cache https://registry.npmjs.org/@next%2feslint-plugin-next 56ms (cache hit)
330 silly packumentCache full:https://registry.npmjs.org/@next%2feslint-plugin-next set size:6585286 disposed:false
331 silly fetch manifest @next/swc-linux-x64-gnu@14.2.5
332 silly packumentCache full:https://registry.npmjs.org/@next%2fswc-linux-x64-gnu cache-miss
333 http cache https://registry.npmjs.org/@typescript-eslint%2fparser 77ms (cache hit)
334 silly packumentCache full:https://registry.npmjs.org/@typescript-eslint%2fparser set size:14893708 disposed:false
335 silly fetch manifest @next/swc-linux-x64-musl@14.2.5
336 silly packumentCache full:https://registry.npmjs.org/@next%2fswc-linux-x64-musl cache-miss
337 http cache https://registry.npmjs.org/styled-jsx 131ms (cache hit)
338 silly packumentCache full:https://registry.npmjs.org/styled-jsx set size:436113 disposed:false
339 silly fetch manifest @next/swc-win32-x64-msvc@14.2.5
340 silly packumentCache full:https://registry.npmjs.org/@next%2fswc-win32-x64-msvc cache-miss
341 http cache https://registry.npmjs.org/graceful-fs 132ms (cache hit)
342 silly packumentCache full:https://registry.npmjs.org/graceful-fs set size:124285 disposed:false
343 silly fetch manifest @next/swc-linux-arm64-gnu@14.2.5
344 silly packumentCache full:https://registry.npmjs.org/@next%2fswc-linux-arm64-gnu cache-miss
345 http cache https://registry.npmjs.org/@next%2fenv 140ms (cache hit)
346 silly packumentCache full:https://registry.npmjs.org/@next%2fenv set size:7050196 disposed:false
347 silly fetch manifest @next/swc-win32-ia32-msvc@14.2.5
348 silly packumentCache full:https://registry.npmjs.org/@next%2fswc-win32-ia32-msvc cache-miss
349 http cache https://registry.npmjs.org/@swc%2fhelpers 152ms (cache hit)
350 silly packumentCache full:https://registry.npmjs.org/@swc%2fhelpers set size:678955 disposed:false
351 silly fetch manifest @next/swc-linux-arm64-musl@14.2.5
352 silly packumentCache full:https://registry.npmjs.org/@next%2fswc-linux-arm64-musl cache-miss
353 http cache https://registry.npmjs.org/caniuse-lite 157ms (cache hit)
354 silly packumentCache full:https://registry.npmjs.org/caniuse-lite set size:2268887 disposed:false
355 silly fetch manifest @next/swc-win32-arm64-msvc@14.2.5
356 silly packumentCache full:https://registry.npmjs.org/@next%2fswc-win32-arm64-msvc cache-miss
357 http cache https://registry.npmjs.org/@next%2fswc-darwin-x64 129ms (cache hit)
358 silly packumentCache full:https://registry.npmjs.org/@next%2fswc-darwin-x64 set size:5033679 disposed:false
359 silly fetch manifest scheduler@^0.23.2
360 silly packumentCache full:https://registry.npmjs.org/scheduler cache-miss
361 http cache https://registry.npmjs.org/@next%2fswc-linux-x64-gnu 125ms (cache hit)
362 silly packumentCache full:https://registry.npmjs.org/@next%2fswc-linux-x64-gnu set size:5135903 disposed:false
363 silly fetch manifest loose-envify@^1.1.0
364 silly packumentCache full:https://registry.npmjs.org/loose-envify cache-miss
365 http cache https://registry.npmjs.org/@next%2fswc-darwin-arm64 155ms (cache hit)
366 silly packumentCache full:https://registry.npmjs.org/@next%2fswc-darwin-arm64 set size:5088901 disposed:false
367 silly fetch manifest loose-envify@^1.1.0
368 silly packumentCache full:https://registry.npmjs.org/loose-envify cache-miss
369 http cache https://registry.npmjs.org/@next%2fswc-linux-x64-musl 84ms (cache hit)
370 silly packumentCache full:https://registry.npmjs.org/@next%2fswc-linux-x64-musl set size:4892209 disposed:false
371 silly fetch manifest nanoid@^3.3.11
372 silly packumentCache full:https://registry.npmjs.org/nanoid cache-miss
373 http cache https://registry.npmjs.org/@next%2fswc-win32-ia32-msvc 79ms (cache hit)
374 silly packumentCache full:https://registry.npmjs.org/@next%2fswc-win32-ia32-msvc set size:3201597 disposed:false
375 silly fetch manifest picocolors@^1.1.1
376 silly packumentCache full:https://registry.npmjs.org/picocolors cache-miss
377 http cache https://registry.npmjs.org/@next%2fswc-linux-arm64-gnu 110ms (cache hit)
378 silly packumentCache full:https://registry.npmjs.org/@next%2fswc-linux-arm64-gnu set size:4938364 disposed:false
379 silly fetch manifest source-map-js@^1.2.1
380 silly packumentCache full:https://registry.npmjs.org/source-map-js cache-miss
381 http cache https://registry.npmjs.org/loose-envify 58ms (cache hit)
382 silly packumentCache full:https://registry.npmjs.org/loose-envify set size:12559 disposed:false
383 silly fetch manifest arg@^5.0.2
384 silly packumentCache full:https://registry.npmjs.org/arg cache-miss
385 http cache https://registry.npmjs.org/@next%2fswc-win32-x64-msvc 124ms (cache hit)
386 silly packumentCache full:https://registry.npmjs.org/@next%2fswc-win32-x64-msvc set size:5108753 disposed:false
387 silly fetch manifest dlv@^1.1.3
388 silly packumentCache full:https://registry.npmjs.org/dlv cache-miss
389 http cache https://registry.npmjs.org/@next%2fswc-linux-arm64-musl 114ms (cache hit)
390 silly packumentCache full:https://registry.npmjs.org/@next%2fswc-linux-arm64-musl set size:4955569 disposed:false
391 silly fetch manifest jiti@^1.21.7
392 silly packumentCache full:https://registry.npmjs.org/jiti cache-miss
393 http cache https://registry.npmjs.org/@next%2fswc-win32-arm64-msvc 118ms (cache hit)
394 silly packumentCache full:https://registry.npmjs.org/@next%2fswc-win32-arm64-msvc set size:4921029 disposed:false
395 silly fetch manifest is-glob@^4.0.3
396 silly packumentCache full:https://registry.npmjs.org/is-glob cache-hit
397 silly fetch manifest resolve@^1.22.8
398 silly packumentCache full:https://registry.npmjs.org/resolve cache-miss
399 http cache https://registry.npmjs.org/loose-envify 86ms (cache hit)
400 silly packumentCache full:https://registry.npmjs.org/loose-envify set size:12559 disposed:false
401 silly packumentCache full:https://registry.npmjs.org/loose-envify dispose
402 silly fetch manifest sucrase@^3.35.0
403 silly packumentCache full:https://registry.npmjs.org/sucrase cache-miss
404 http cache https://registry.npmjs.org/nanoid 74ms (cache hit)
405 silly packumentCache full:https://registry.npmjs.org/nanoid set size:300313 disposed:false
406 silly fetch manifest chokidar@^3.6.0
407 silly packumentCache full:https://registry.npmjs.org/chokidar cache-miss
408 http cache https://registry.npmjs.org/scheduler 121ms (cache hit)
409 silly packumentCache full:https://registry.npmjs.org/scheduler set size:5430585 disposed:false
410 silly fetch manifest fast-glob@^3.3.2
411 silly packumentCache full:https://registry.npmjs.org/fast-glob cache-miss
412 http cache https://registry.npmjs.org/dlv 49ms (cache hit)
413 silly packumentCache full:https://registry.npmjs.org/dlv set size:16709 disposed:false
414 silly fetch manifest lilconfig@^3.1.3
415 silly packumentCache full:https://registry.npmjs.org/lilconfig cache-miss
416 http cache https://registry.npmjs.org/source-map-js 66ms (cache hit)
417 silly packumentCache full:https://registry.npmjs.org/source-map-js set size:62640 disposed:false
418 silly fetch manifest didyoumean@^1.2.2
419 silly packumentCache full:https://registry.npmjs.org/didyoumean cache-miss
420 http cache https://registry.npmjs.org/picocolors 78ms (cache hit)
421 silly packumentCache full:https://registry.npmjs.org/picocolors set size:16648 disposed:false
422 silly fetch manifest micromatch@^4.0.8
423 silly packumentCache full:https://registry.npmjs.org/micromatch cache-miss
424 http cache https://registry.npmjs.org/sucrase 24ms (cache hit)
425 silly packumentCache full:https://registry.npmjs.org/sucrase set size:449399 disposed:false
426 silly fetch manifest postcss-js@^4.0.1
427 silly packumentCache full:https://registry.npmjs.org/postcss-js cache-miss
428 http cache https://registry.npmjs.org/jiti 41ms (cache hit)
429 silly packumentCache full:https://registry.npmjs.org/jiti set size:382310 disposed:false
430 silly fetch manifest object-hash@^3.0.0
431 silly packumentCache full:https://registry.npmjs.org/object-hash cache-miss
432 http cache https://registry.npmjs.org/arg 70ms (cache hit)
433 silly packumentCache full:https://registry.npmjs.org/arg set size:67036 disposed:false
434 silly fetch manifest normalize-path@^3.0.0
435 silly packumentCache full:https://registry.npmjs.org/normalize-path cache-miss
436 http cache https://registry.npmjs.org/chokidar 27ms (cache hit)
437 silly packumentCache full:https://registry.npmjs.org/chokidar set size:255902 disposed:false
438 silly fetch manifest postcss-import@^15.1.0
439 silly packumentCache full:https://registry.npmjs.org/postcss-import cache-miss
440 http cache https://registry.npmjs.org/resolve 33ms (cache hit)
441 silly packumentCache full:https://registry.npmjs.org/resolve set size:238156 disposed:false
442 silly fetch manifest postcss-nested@^6.2.0
443 silly packumentCache full:https://registry.npmjs.org/postcss-nested cache-miss
444 http cache https://registry.npmjs.org/fast-glob 16ms (cache hit)
445 silly packumentCache full:https://registry.npmjs.org/fast-glob set size:220556 disposed:false
446 silly fetch manifest @alloc/quick-lru@^5.2.0
447 silly packumentCache full:https://registry.npmjs.org/@alloc%2fquick-lru cache-miss
448 http cache https://registry.npmjs.org/lilconfig 13ms (cache hit)
449 silly packumentCache full:https://registry.npmjs.org/lilconfig set size:45636 disposed:false
450 silly fetch manifest postcss-load-config@^4.0.2 || ^5.0 || ^6.0
451 silly packumentCache full:https://registry.npmjs.org/postcss-load-config cache-miss
452 http cache https://registry.npmjs.org/didyoumean 13ms (cache hit)
453 silly packumentCache full:https://registry.npmjs.org/didyoumean set size:11446 disposed:false
454 silly fetch manifest postcss-selector-parser@^6.1.2
455 silly packumentCache full:https://registry.npmjs.org/postcss-selector-parser cache-miss
456 http cache https://registry.npmjs.org/micromatch 13ms (cache hit)
457 silly packumentCache full:https://registry.npmjs.org/micromatch set size:240630 disposed:false
458 http cache https://registry.npmjs.org/postcss-js 13ms (cache hit)
459 silly packumentCache full:https://registry.npmjs.org/postcss-js set size:51308 disposed:false
460 http cache https://registry.npmjs.org/normalize-path 10ms (cache hit)
461 silly packumentCache full:https://registry.npmjs.org/normalize-path set size:28713 disposed:false
462 http cache https://registry.npmjs.org/object-hash 12ms (cache hit)
463 silly packumentCache full:https://registry.npmjs.org/object-hash set size:100564 disposed:false
464 http cache https://registry.npmjs.org/postcss-import 11ms (cache hit)
465 silly packumentCache full:https://registry.npmjs.org/postcss-import set size:120971 disposed:false
466 http cache https://registry.npmjs.org/postcss-nested 6ms (cache hit)
467 silly packumentCache full:https://registry.npmjs.org/postcss-nested set size:79120 disposed:false
468 http cache https://registry.npmjs.org/@alloc%2fquick-lru 6ms (cache hit)
469 silly packumentCache full:https://registry.npmjs.org/@alloc%2fquick-lru set size:7269 disposed:false
470 http cache https://registry.npmjs.org/postcss-load-config 5ms (cache hit)
471 silly packumentCache full:https://registry.npmjs.org/postcss-load-config set size:86425 disposed:false
472 http cache https://registry.npmjs.org/postcss-selector-parser 5ms (cache hit)
473 silly packumentCache full:https://registry.npmjs.org/postcss-selector-parser set size:177140 disposed:false
474 silly placeDep ROOT undici-types@6.21.0 OK for: @types/node@20.19.37 want: ~6.21.0
475 silly placeDep ROOT @types/prop-types@15.7.15 OK for: @types/react@18.3.28 want: *
476 silly placeDep ROOT csstype@3.2.3 OK for: @types/react@18.3.28 want: ^3.2.2
477 silly fetch manifest eslint@^6.0.0 || ^7.0.0 || >=8.0.0
478 silly packumentCache full:https://registry.npmjs.org/eslint cache-miss
479 http cache https://registry.npmjs.org/eslint 2ms (cache hit)
480 silly packumentCache full:https://registry.npmjs.org/eslint set size:1963267 disposed:false
481 silly fetch manifest jiti@*
482 silly packumentCache full:https://registry.npmjs.org/jiti cache-hit
483 silly placeDep ROOT @eslint-community/eslint-utils@4.9.1 OK for: eslint@8.57.1 want: ^4.2.0
484 silly placeDep ROOT @eslint-community/regexpp@4.12.2 OK for: eslint@8.57.1 want: ^4.6.1
485 silly placeDep ROOT @eslint/eslintrc@2.1.4 OK for: eslint@8.57.1 want: ^2.1.4
486 silly placeDep ROOT @eslint/js@8.57.1 OK for: eslint@8.57.1 want: 8.57.1
487 silly placeDep ROOT @humanwhocodes/config-array@0.13.0 OK for: eslint@8.57.1 want: ^0.13.0
488 silly placeDep ROOT @humanwhocodes/module-importer@1.0.1 OK for: eslint@8.57.1 want: ^1.0.1
489 silly placeDep ROOT @nodelib/fs.walk@1.2.8 OK for: eslint@8.57.1 want: ^1.2.8
490 silly placeDep ROOT @ungap/structured-clone@1.3.0 OK for: eslint@8.57.1 want: ^1.2.0
491 silly placeDep ROOT ajv@6.14.0 OK for: eslint@8.57.1 want: ^6.12.4
492 silly placeDep ROOT chalk@4.1.2 OK for: eslint@8.57.1 want: ^4.0.0
493 silly placeDep ROOT cross-spawn@7.0.6 OK for: eslint@8.57.1 want: ^7.0.2
494 silly placeDep ROOT debug@4.4.3 OK for: eslint@8.57.1 want: ^4.3.2
495 silly placeDep ROOT doctrine@3.0.0 OK for: eslint@8.57.1 want: ^3.0.0
496 silly placeDep ROOT escape-string-regexp@4.0.0 OK for: eslint@8.57.1 want: ^4.0.0
497 silly placeDep ROOT eslint-scope@7.2.2 OK for: eslint@8.57.1 want: ^7.2.2
498 silly placeDep ROOT eslint-visitor-keys@3.4.3 OK for: eslint@8.57.1 want: ^3.4.3
499 silly placeDep ROOT espree@9.6.1 OK for: eslint@8.57.1 want: ^9.6.1
500 silly placeDep ROOT esquery@1.7.0 OK for: eslint@8.57.1 want: ^1.4.2
501 silly placeDep ROOT esutils@2.0.3 OK for: eslint@8.57.1 want: ^2.0.2
502 silly placeDep ROOT fast-deep-equal@3.1.3 OK for: eslint@8.57.1 want: ^3.1.3
503 silly placeDep ROOT file-entry-cache@6.0.1 OK for: eslint@8.57.1 want: ^6.0.1
504 silly placeDep ROOT find-up@5.0.0 OK for: eslint@8.57.1 want: ^5.0.0
505 silly placeDep ROOT glob-parent@6.0.2 OK for: eslint@8.57.1 want: ^6.0.2
506 silly placeDep ROOT globals@13.24.0 OK for: eslint@8.57.1 want: ^13.19.0
507 silly placeDep ROOT graphemer@1.4.0 OK for: eslint@8.57.1 want: ^1.4.0
508 silly placeDep ROOT ignore@5.3.2 OK for: eslint@8.57.1 want: ^5.2.0
509 silly placeDep ROOT imurmurhash@0.1.4 OK for: eslint@8.57.1 want: ^0.1.4
510 silly placeDep ROOT is-glob@4.0.3 OK for: eslint@8.57.1 want: ^4.0.0
511 silly placeDep ROOT is-path-inside@3.0.3 OK for: eslint@8.57.1 want: ^3.0.3
512 silly placeDep ROOT js-yaml@4.1.1 OK for: eslint@8.57.1 want: ^4.1.0
513 silly placeDep ROOT json-stable-stringify-without-jsonify@1.0.1 OK for: eslint@8.57.1 want: ^1.0.1
514 silly placeDep ROOT levn@0.4.1 OK for: eslint@8.57.1 want: ^0.4.1
515 silly placeDep ROOT lodash.merge@4.6.2 OK for: eslint@8.57.1 want: ^4.6.2
516 silly placeDep ROOT minimatch@3.1.5 OK for: eslint@8.57.1 want: ^3.1.2
517 silly placeDep ROOT natural-compare@1.4.0 OK for: eslint@8.57.1 want: ^1.4.0
518 silly placeDep ROOT optionator@0.9.4 OK for: eslint@8.57.1 want: ^0.9.3
519 silly placeDep ROOT strip-ansi@6.0.1 OK for: eslint@8.57.1 want: ^6.0.1
520 silly placeDep ROOT text-table@0.2.0 OK for: eslint@8.57.1 want: ^0.2.0
521 silly fetch manifest espree@^9.6.0
522 silly packumentCache full:https://registry.npmjs.org/espree cache-hit
523 silly fetch manifest import-fresh@^3.2.1
524 silly packumentCache full:https://registry.npmjs.org/import-fresh cache-miss
525 silly fetch manifest strip-json-comments@^3.1.1
526 silly packumentCache full:https://registry.npmjs.org/strip-json-comments cache-miss
527 silly fetch manifest debug@^4.3.1
528 silly packumentCache full:https://registry.npmjs.org/debug cache-hit
529 silly fetch manifest minimatch@^3.0.5
530 silly packumentCache full:https://registry.npmjs.org/minimatch cache-hit
531 silly fetch manifest @humanwhocodes/object-schema@^2.0.3
532 silly packumentCache full:https://registry.npmjs.org/@humanwhocodes%2fobject-schema cache-miss
533 silly fetch manifest fastq@^1.6.0
534 silly packumentCache full:https://registry.npmjs.org/fastq cache-miss
535 silly fetch manifest @nodelib/fs.scandir@2.1.5
536 silly packumentCache full:https://registry.npmjs.org/@nodelib%2ffs.scandir cache-miss
537 silly fetch manifest fast-deep-equal@^3.1.1
538 silly packumentCache full:https://registry.npmjs.org/fast-deep-equal cache-hit
539 silly fetch manifest fast-json-stable-stringify@^2.0.0
540 silly packumentCache full:https://registry.npmjs.org/fast-json-stable-stringify cache-miss
541 silly fetch manifest json-schema-traverse@^0.4.1
542 silly packumentCache full:https://registry.npmjs.org/json-schema-traverse cache-miss
543 silly fetch manifest uri-js@^4.2.2
544 silly packumentCache full:https://registry.npmjs.org/uri-js cache-miss
545 silly fetch manifest ansi-styles@^4.1.0
546 silly packumentCache full:https://registry.npmjs.org/ansi-styles cache-miss
547 http cache https://registry.npmjs.org/strip-json-comments 4ms (cache hit)
548 silly packumentCache full:https://registry.npmjs.org/strip-json-comments set size:43569 disposed:false
549 silly fetch manifest supports-color@^7.1.0
550 silly packumentCache full:https://registry.npmjs.org/supports-color cache-miss
551 http cache https://registry.npmjs.org/import-fresh 4ms (cache hit)
552 silly packumentCache full:https://registry.npmjs.org/import-fresh set size:24604 disposed:false
553 silly fetch manifest which@^2.0.1
554 silly packumentCache full:https://registry.npmjs.org/which cache-miss
555 http cache https://registry.npmjs.org/fastq 4ms (cache hit)
556 silly packumentCache full:https://registry.npmjs.org/fastq set size:78301 disposed:false
557 silly fetch manifest path-key@^3.1.0
558 silly packumentCache full:https://registry.npmjs.org/path-key cache-miss
559 http cache https://registry.npmjs.org/fast-json-stable-stringify 4ms (cache hit)
560 silly packumentCache full:https://registry.npmjs.org/fast-json-stable-stringify set size:11337 disposed:false
561 silly fetch manifest shebang-command@^2.0.0
562 silly packumentCache full:https://registry.npmjs.org/shebang-command cache-miss
563 http cache https://registry.npmjs.org/@nodelib%2ffs.scandir 5ms (cache hit)
564 silly packumentCache full:https://registry.npmjs.org/@nodelib%2ffs.scandir set size:49256 disposed:false
565 silly fetch manifest ms@^2.1.3
566 silly packumentCache full:https://registry.npmjs.org/ms cache-miss
567 http cache https://registry.npmjs.org/@humanwhocodes%2fobject-schema 5ms (cache hit)
568 silly packumentCache full:https://registry.npmjs.org/@humanwhocodes%2fobject-schema set size:30629 disposed:false
569 silly fetch manifest esrecurse@^4.3.0
570 silly packumentCache full:https://registry.npmjs.org/esrecurse cache-miss
571 http cache https://registry.npmjs.org/uri-js 5ms (cache hit)
572 silly packumentCache full:https://registry.npmjs.org/uri-js set size:42559 disposed:false
573 silly fetch manifest estraverse@^5.2.0
574 silly packumentCache full:https://registry.npmjs.org/estraverse cache-miss
575 http cache https://registry.npmjs.org/json-schema-traverse 5ms (cache hit)
576 silly packumentCache full:https://registry.npmjs.org/json-schema-traverse set size:23537 disposed:false
577 silly fetch manifest acorn@^8.9.0
578 silly packumentCache full:https://registry.npmjs.org/acorn cache-miss
579 http cache https://registry.npmjs.org/ansi-styles 5ms (cache hit)
580 silly packumentCache full:https://registry.npmjs.org/ansi-styles set size:63233 disposed:false
581 silly fetch manifest acorn-jsx@^5.3.2
582 silly packumentCache full:https://registry.npmjs.org/acorn-jsx cache-miss
583 http cache https://registry.npmjs.org/which 5ms (cache hit)
584 silly packumentCache full:https://registry.npmjs.org/which set size:67805 disposed:false
585 silly fetch manifest estraverse@^5.1.0
586 silly packumentCache full:https://registry.npmjs.org/estraverse cache-miss
587 http cache https://registry.npmjs.org/supports-color 6ms (cache hit)
588 silly packumentCache full:https://registry.npmjs.org/supports-color set size:118680 disposed:false
589 silly fetch manifest flat-cache@^3.0.4
590 silly packumentCache full:https://registry.npmjs.org/flat-cache cache-miss
591 http cache https://registry.npmjs.org/path-key 6ms (cache hit)
592 silly packumentCache full:https://registry.npmjs.org/path-key set size:16975 disposed:false
593 silly fetch manifest locate-path@^6.0.0
594 silly packumentCache full:https://registry.npmjs.org/locate-path cache-miss
595 http cache https://registry.npmjs.org/esrecurse 5ms (cache hit)
596 silly packumentCache full:https://registry.npmjs.org/esrecurse set size:29005 disposed:false
597 silly fetch manifest path-exists@^4.0.0
598 silly packumentCache full:https://registry.npmjs.org/path-exists cache-miss
599 http cache https://registry.npmjs.org/ms 7ms (cache hit)
600 silly packumentCache full:https://registry.npmjs.org/ms set size:92208 disposed:false
601 silly fetch manifest type-fest@^0.20.2
602 silly packumentCache full:https://registry.npmjs.org/type-fest cache-miss
603 http cache https://registry.npmjs.org/shebang-command 7ms (cache hit)
604 silly packumentCache full:https://registry.npmjs.org/shebang-command set size:8525 disposed:false
605 silly fetch manifest is-extglob@^2.1.1
606 silly packumentCache full:https://registry.npmjs.org/is-extglob cache-miss
607 http cache https://registry.npmjs.org/acorn-jsx 8ms (cache hit)
608 silly packumentCache full:https://registry.npmjs.org/acorn-jsx set size:71068 disposed:false
609 silly fetch manifest argparse@^2.0.1
610 silly packumentCache full:https://registry.npmjs.org/argparse cache-miss
611 http cache https://registry.npmjs.org/acorn 9ms (cache hit)
612 silly packumentCache full:https://registry.npmjs.org/acorn set size:379626 disposed:false
613 silly fetch manifest prelude-ls@^1.2.1
614 silly packumentCache full:https://registry.npmjs.org/prelude-ls cache-miss
615 http cache https://registry.npmjs.org/estraverse 10ms (cache hit)
616 silly packumentCache full:https://registry.npmjs.org/estraverse set size:62412 disposed:false
617 silly fetch manifest type-check@~0.4.0
618 silly packumentCache full:https://registry.npmjs.org/type-check cache-miss
619 http cache https://registry.npmjs.org/flat-cache 8ms (cache hit)
620 silly packumentCache full:https://registry.npmjs.org/flat-cache set size:164041 disposed:false
621 silly fetch manifest brace-expansion@^1.1.7
622 silly packumentCache full:https://registry.npmjs.org/brace-expansion cache-miss
623 http cache https://registry.npmjs.org/type-fest 8ms (cache hit)
624 silly packumentCache full:https://registry.npmjs.org/type-fest set size:554345 disposed:false
625 silly fetch manifest prelude-ls@^1.2.1
626 silly packumentCache full:https://registry.npmjs.org/prelude-ls cache-miss
627 http cache https://registry.npmjs.org/path-exists 10ms (cache hit)
628 silly packumentCache full:https://registry.npmjs.org/path-exists set size:13704 disposed:false
629 silly fetch manifest deep-is@^0.1.3
630 silly packumentCache full:https://registry.npmjs.org/deep-is cache-miss
631 http cache https://registry.npmjs.org/is-extglob 10ms (cache hit)
632 silly packumentCache full:https://registry.npmjs.org/is-extglob set size:11766 disposed:false
633 silly fetch manifest word-wrap@^1.2.5
634 silly packumentCache full:https://registry.npmjs.org/word-wrap cache-miss
635 http cache https://registry.npmjs.org/estraverse 13ms (cache hit)
636 silly packumentCache full:https://registry.npmjs.org/estraverse set size:62412 disposed:false
637 silly packumentCache full:https://registry.npmjs.org/estraverse dispose
638 silly fetch manifest type-check@^0.4.0
639 silly packumentCache full:https://registry.npmjs.org/type-check cache-miss
640 http cache https://registry.npmjs.org/locate-path 11ms (cache hit)
641 silly packumentCache full:https://registry.npmjs.org/locate-path set size:31329 disposed:false
642 silly fetch manifest fast-levenshtein@^2.0.6
643 silly packumentCache full:https://registry.npmjs.org/fast-levenshtein cache-miss
644 http cache https://registry.npmjs.org/argparse 9ms (cache hit)
645 silly packumentCache full:https://registry.npmjs.org/argparse set size:49266 disposed:false
646 silly fetch manifest ansi-regex@^5.0.1
647 silly packumentCache full:https://registry.npmjs.org/ansi-regex cache-miss
648 http cache https://registry.npmjs.org/type-check 8ms (cache hit)
649 silly packumentCache full:https://registry.npmjs.org/type-check set size:21221 disposed:false
650 http cache https://registry.npmjs.org/prelude-ls 9ms (cache hit)
651 silly packumentCache full:https://registry.npmjs.org/prelude-ls set size:25777 disposed:false
652 http cache https://registry.npmjs.org/prelude-ls 8ms (cache hit)
653 silly packumentCache full:https://registry.npmjs.org/prelude-ls set size:25777 disposed:false
654 silly packumentCache full:https://registry.npmjs.org/prelude-ls dispose
655 http cache https://registry.npmjs.org/brace-expansion 11ms (cache hit)
656 silly packumentCache full:https://registry.npmjs.org/brace-expansion set size:55744 disposed:false
657 http cache https://registry.npmjs.org/type-check 8ms (cache hit)
658 silly packumentCache full:https://registry.npmjs.org/type-check set size:21221 disposed:false
659 silly packumentCache full:https://registry.npmjs.org/type-check dispose
660 http cache https://registry.npmjs.org/deep-is 8ms (cache hit)
661 silly packumentCache full:https://registry.npmjs.org/deep-is set size:10205 disposed:false
662 http cache https://registry.npmjs.org/word-wrap 8ms (cache hit)
663 silly packumentCache full:https://registry.npmjs.org/word-wrap set size:37835 disposed:false
664 http cache https://registry.npmjs.org/fast-levenshtein 8ms (cache hit)
665 silly packumentCache full:https://registry.npmjs.org/fast-levenshtein set size:39317 disposed:false
666 http cache https://registry.npmjs.org/ansi-regex 7ms (cache hit)
667 silly packumentCache full:https://registry.npmjs.org/ansi-regex set size:43572 disposed:false
668 silly placeDep ROOT import-fresh@3.3.1 OK for: @eslint/eslintrc@2.1.4 want: ^3.2.1
669 silly placeDep ROOT strip-json-comments@3.1.1 OK for: @eslint/eslintrc@2.1.4 want: ^3.1.1
670 silly fetch manifest resolve-from@^4.0.0
671 silly packumentCache full:https://registry.npmjs.org/resolve-from cache-miss
672 silly fetch manifest parent-module@^1.0.0
673 silly packumentCache full:https://registry.npmjs.org/parent-module cache-miss
674 http cache https://registry.npmjs.org/resolve-from 2ms (cache hit)
675 silly packumentCache full:https://registry.npmjs.org/resolve-from set size:12911 disposed:false
676 http cache https://registry.npmjs.org/parent-module 2ms (cache hit)
677 silly packumentCache full:https://registry.npmjs.org/parent-module set size:18255 disposed:false
678 silly placeDep ROOT @humanwhocodes/object-schema@2.0.3 OK for: @humanwhocodes/config-array@0.13.0 want: ^2.0.3
679 silly placeDep ROOT @nodelib/fs.scandir@2.1.5 OK for: @nodelib/fs.walk@1.2.8 want: 2.1.5
680 silly placeDep ROOT fastq@1.20.1 OK for: @nodelib/fs.walk@1.2.8 want: ^1.6.0
681 silly fetch manifest run-parallel@^1.1.9
682 silly packumentCache full:https://registry.npmjs.org/run-parallel cache-miss
683 silly fetch manifest @nodelib/fs.stat@2.0.5
684 silly packumentCache full:https://registry.npmjs.org/@nodelib%2ffs.stat cache-miss
685 silly fetch manifest reusify@^1.0.4
686 silly packumentCache full:https://registry.npmjs.org/reusify cache-miss
687 http cache https://registry.npmjs.org/run-parallel 1ms (cache hit)
688 silly packumentCache full:https://registry.npmjs.org/run-parallel set size:35172 disposed:false
689 http cache https://registry.npmjs.org/reusify 2ms (cache hit)
690 silly packumentCache full:https://registry.npmjs.org/reusify set size:14249 disposed:false
691 http cache https://registry.npmjs.org/@nodelib%2ffs.stat 2ms (cache hit)
692 silly packumentCache full:https://registry.npmjs.org/@nodelib%2ffs.stat set size:36993 disposed:false
693 silly placeDep ROOT @nodelib/fs.stat@2.0.5 OK for: @nodelib/fs.scandir@2.1.5 want: 2.0.5
694 silly placeDep ROOT run-parallel@1.2.0 OK for: @nodelib/fs.scandir@2.1.5 want: ^1.1.9
695 silly fetch manifest queue-microtask@^1.2.2
696 silly packumentCache full:https://registry.npmjs.org/queue-microtask cache-miss
697 http cache https://registry.npmjs.org/queue-microtask 0ms (cache hit)
698 silly packumentCache full:https://registry.npmjs.org/queue-microtask set size:36088 disposed:false
699 silly placeDep ROOT fast-json-stable-stringify@2.1.0 OK for: ajv@6.14.0 want: ^2.0.0
700 silly placeDep ROOT json-schema-traverse@0.4.1 OK for: ajv@6.14.0 want: ^0.4.1
701 silly placeDep ROOT uri-js@4.4.1 OK for: ajv@6.14.0 want: ^4.2.2
702 silly fetch manifest punycode@^2.1.0
703 silly packumentCache full:https://registry.npmjs.org/punycode cache-miss
704 http cache https://registry.npmjs.org/punycode 2ms (cache hit)
705 silly packumentCache full:https://registry.npmjs.org/punycode set size:61302 disposed:false
706 silly placeDep ROOT ansi-styles@4.3.0 OK for: chalk@4.1.2 want: ^4.1.0
707 silly placeDep ROOT supports-color@7.2.0 OK for: chalk@4.1.2 want: ^7.1.0
708 silly fetch manifest color-convert@^2.0.1
709 silly packumentCache full:https://registry.npmjs.org/color-convert cache-miss
710 silly fetch manifest has-flag@^4.0.0
711 silly packumentCache full:https://registry.npmjs.org/has-flag cache-miss
712 http cache https://registry.npmjs.org/has-flag 1ms (cache hit)
713 silly packumentCache full:https://registry.npmjs.org/has-flag set size:15180 disposed:false
714 http cache https://registry.npmjs.org/color-convert 1ms (cache hit)
715 silly packumentCache full:https://registry.npmjs.org/color-convert set size:72663 disposed:false
716 silly placeDep ROOT color-convert@2.0.1 OK for: ansi-styles@4.3.0 want: ^2.0.1
717 silly fetch manifest color-name@~1.1.4
718 silly packumentCache full:https://registry.npmjs.org/color-name cache-miss
719 http cache https://registry.npmjs.org/color-name 1ms (cache hit)
720 silly packumentCache full:https://registry.npmjs.org/color-name set size:19467 disposed:false
721 silly placeDep ROOT color-name@1.1.4 OK for: color-convert@2.0.1 want: ~1.1.4
722 silly placeDep ROOT path-key@3.1.1 OK for: cross-spawn@7.0.6 want: ^3.1.0
723 silly placeDep ROOT shebang-command@2.0.0 OK for: cross-spawn@7.0.6 want: ^2.0.0
724 silly placeDep ROOT which@2.0.2 OK for: cross-spawn@7.0.6 want: ^2.0.1
725 silly fetch manifest shebang-regex@^3.0.0
726 silly packumentCache full:https://registry.npmjs.org/shebang-regex cache-miss
727 silly fetch manifest isexe@^2.0.0
728 silly packumentCache full:https://registry.npmjs.org/isexe cache-miss
729 http cache https://registry.npmjs.org/shebang-regex 1ms (cache hit)
730 silly packumentCache full:https://registry.npmjs.org/shebang-regex set size:9763 disposed:false
731 http cache https://registry.npmjs.org/isexe 1ms (cache hit)
732 silly packumentCache full:https://registry.npmjs.org/isexe set size:31756 disposed:false
733 silly placeDep ROOT ms@2.1.3 OK for: debug@4.4.3 want: ^2.1.3
734 silly fetch manifest eslint@^7.23.0 || ^8.0.0
735 silly packumentCache full:https://registry.npmjs.org/eslint cache-miss
736 http cache https://registry.npmjs.org/eslint 2ms (cache hit)
737 silly packumentCache full:https://registry.npmjs.org/eslint set size:1963267 disposed:false
738 silly fetch manifest eslint-plugin-import-x@*
739 silly packumentCache full:https://registry.npmjs.org/eslint-plugin-import-x cache-miss
740 http cache https://registry.npmjs.org/eslint-plugin-import-x 2ms (cache hit)
741 silly packumentCache full:https://registry.npmjs.org/eslint-plugin-import-x set size:270770 disposed:false
742 silly fetch manifest @typescript-eslint/utils@^8.56.0
743 silly packumentCache full:https://registry.npmjs.org/@typescript-eslint%2futils cache-miss
744 http cache https://registry.npmjs.org/@typescript-eslint%2futils 12ms (cache hit)
745 silly packumentCache full:https://registry.npmjs.org/@typescript-eslint%2futils set size:9812110 disposed:false
746 silly fetch manifest typescript@>=3.3.1
747 silly packumentCache full:https://registry.npmjs.org/typescript cache-miss
748 http cache https://registry.npmjs.org/typescript 12ms (cache hit)
749 silly packumentCache full:https://registry.npmjs.org/typescript set size:15362277 disposed:false
750 silly placeDep ROOT @next/eslint-plugin-next@14.2.5 OK for: eslint-config-next@14.2.5 want: 14.2.5
751 silly placeDep ROOT @rushstack/eslint-patch@1.16.1 OK for: eslint-config-next@14.2.5 want: ^1.3.3
752 silly placeDep ROOT @typescript-eslint/parser@7.2.0 OK for: eslint-config-next@14.2.5 want: ^5.4.2 || ^6.0.0 || 7.0.0 - 7.2.0
753 silly placeDep ROOT eslint-import-resolver-node@0.3.9 OK for: eslint-config-next@14.2.5 want: ^0.3.6
754 silly placeDep ROOT eslint-import-resolver-typescript@3.10.1 OK for: eslint-config-next@14.2.5 want: ^3.5.2
755 silly placeDep ROOT eslint-plugin-import@2.32.0 OK for: eslint-config-next@14.2.5 want: ^2.28.1
756 silly placeDep ROOT eslint-plugin-jsx-a11y@6.10.2 OK for: eslint-config-next@14.2.5 want: ^6.7.1
757 silly placeDep ROOT eslint-plugin-react@7.37.5 OK for: eslint-config-next@14.2.5 want: ^7.33.2
758 silly placeDep ROOT eslint-plugin-react-hooks@5.0.0-canary-7118f5dd7-20230705 OK for: eslint-config-next@14.2.5 want: ^4.5.0 || 5.0.0-canary-7118f5dd7-20230705
759 silly fetch manifest glob@10.3.10
760 silly packumentCache full:https://registry.npmjs.org/glob cache-miss
761 silly fetch manifest @typescript-eslint/types@7.2.0
762 silly packumentCache full:https://registry.npmjs.org/@typescript-eslint%2ftypes cache-miss
763 silly fetch manifest @typescript-eslint/visitor-keys@7.2.0
764 silly packumentCache full:https://registry.npmjs.org/@typescript-eslint%2fvisitor-keys cache-miss
765 silly fetch manifest @typescript-eslint/scope-manager@7.2.0
766 silly packumentCache full:https://registry.npmjs.org/@typescript-eslint%2fscope-manager cache-miss
767 silly fetch manifest @typescript-eslint/typescript-estree@7.2.0
768 silly packumentCache full:https://registry.npmjs.org/@typescript-eslint%2ftypescript-estree cache-miss
769 silly fetch manifest debug@^3.2.7
770 silly packumentCache full:https://registry.npmjs.org/debug cache-hit
771 silly fetch manifest is-core-module@^2.13.0
772 silly packumentCache full:https://registry.npmjs.org/is-core-module cache-miss
773 silly fetch manifest resolve@^1.22.4
774 silly packumentCache full:https://registry.npmjs.org/resolve cache-hit
775 silly fetch manifest tinyglobby@^0.2.13
776 silly packumentCache full:https://registry.npmjs.org/tinyglobby cache-miss
777 silly fetch manifest stable-hash@^0.0.5
778 silly packumentCache full:https://registry.npmjs.org/stable-hash cache-miss
779 silly fetch manifest get-tsconfig@^4.10.0
780 silly packumentCache full:https://registry.npmjs.org/get-tsconfig cache-miss
781 http cache https://registry.npmjs.org/glob 5ms (cache hit)
782 silly packumentCache full:https://registry.npmjs.org/glob set size:469465 disposed:false
783 silly fetch manifest is-bun-module@^2.0.0
784 silly packumentCache full:https://registry.npmjs.org/is-bun-module cache-miss
785 http cache https://registry.npmjs.org/stable-hash 6ms (cache hit)
786 silly packumentCache full:https://registry.npmjs.org/stable-hash set size:18359 disposed:false
787 silly fetch manifest unrs-resolver@^1.6.2
788 silly packumentCache full:https://registry.npmjs.org/unrs-resolver cache-miss
789 http cache https://registry.npmjs.org/get-tsconfig 15ms (cache hit)
790 silly packumentCache full:https://registry.npmjs.org/get-tsconfig set size:112628 disposed:false
791 silly fetch manifest @nolyfill/is-core-module@1.0.39
792 silly packumentCache full:https://registry.npmjs.org/@nolyfill%2fis-core-module cache-miss
793 http cache https://registry.npmjs.org/@typescript-eslint%2fvisitor-keys 25ms (cache hit)
794 silly packumentCache full:https://registry.npmjs.org/@typescript-eslint%2fvisitor-keys set size:11563344 disposed:false
795 silly fetch manifest @rtsao/scc@^1.1.0
796 silly packumentCache full:https://registry.npmjs.org/@rtsao%2fscc cache-miss
797 http cache https://registry.npmjs.org/@typescript-eslint%2fscope-manager 54ms (cache hit)
798 silly packumentCache full:https://registry.npmjs.org/@typescript-eslint%2fscope-manager set size:12135420 disposed:false
799 silly fetch manifest array-includes@^3.1.9
800 silly packumentCache full:https://registry.npmjs.org/array-includes cache-miss
801 http cache https://registry.npmjs.org/is-core-module 78ms (cache hit)
802 silly packumentCache full:https://registry.npmjs.org/is-core-module set size:71788 disposed:false
803 silly fetch manifest array.prototype.findlastindex@^1.2.6
804 silly packumentCache full:https://registry.npmjs.org/array.prototype.findlastindex cache-miss
805 http cache https://registry.npmjs.org/@typescript-eslint%2ftypescript-estree 88ms (cache hit)
806 silly packumentCache full:https://registry.npmjs.org/@typescript-eslint%2ftypescript-estree set size:16062458 disposed:false
807 silly fetch manifest array.prototype.flat@^1.3.3
808 silly packumentCache full:https://registry.npmjs.org/array.prototype.flat cache-miss
809 http cache https://registry.npmjs.org/tinyglobby 122ms (cache hit)
810 silly packumentCache full:https://registry.npmjs.org/tinyglobby set size:49812 disposed:false
811 silly fetch manifest array.prototype.flatmap@^1.3.3
812 silly packumentCache full:https://registry.npmjs.org/array.prototype.flatmap cache-miss
813 http cache https://registry.npmjs.org/@typescript-eslint%2ftypes 131ms (cache hit)
814 silly packumentCache full:https://registry.npmjs.org/@typescript-eslint%2ftypes set size:11941716 disposed:false
815 silly fetch manifest doctrine@^2.1.0
816 silly packumentCache full:https://registry.npmjs.org/doctrine cache-hit
817 silly fetch manifest eslint-module-utils@^2.12.1
818 silly packumentCache full:https://registry.npmjs.org/eslint-module-utils cache-miss
819 http cache https://registry.npmjs.org/unrs-resolver 162ms (cache hit)
820 silly packumentCache full:https://registry.npmjs.org/unrs-resolver set size:142730 disposed:false
821 silly fetch manifest hasown@^2.0.2
822 silly packumentCache full:https://registry.npmjs.org/hasown cache-miss
823 http cache https://registry.npmjs.org/@nolyfill%2fis-core-module 153ms (cache hit)
824 silly packumentCache full:https://registry.npmjs.org/@nolyfill%2fis-core-module set size:10461 disposed:false
825 silly fetch manifest is-core-module@^2.16.1
826 silly packumentCache full:https://registry.npmjs.org/is-core-module cache-hit
827 silly fetch manifest object.fromentries@^2.0.8
828 silly packumentCache full:https://registry.npmjs.org/object.fromentries cache-miss
829 http cache https://registry.npmjs.org/is-bun-module 163ms (cache hit)
830 silly packumentCache full:https://registry.npmjs.org/is-bun-module set size:19768 disposed:false
831 silly fetch manifest object.groupby@^1.0.3
832 silly packumentCache full:https://registry.npmjs.org/object.groupby cache-miss
833 http cache https://registry.npmjs.org/array-includes 91ms (cache hit)
834 silly packumentCache full:https://registry.npmjs.org/array-includes set size:77143 disposed:false
835 silly fetch manifest object.values@^1.2.1
836 silly packumentCache full:https://registry.npmjs.org/object.values cache-miss
837 http cache https://registry.npmjs.org/array.prototype.findlastindex 92ms (cache hit)
838 silly packumentCache full:https://registry.npmjs.org/array.prototype.findlastindex set size:44828 disposed:false
839 silly fetch manifest semver@^6.3.1
840 silly packumentCache full:https://registry.npmjs.org/semver cache-miss
841 http cache https://registry.npmjs.org/array.prototype.flat 49ms (cache hit)
842 silly packumentCache full:https://registry.npmjs.org/array.prototype.flat set size:38327 disposed:false
843 silly fetch manifest string.prototype.trimend@^1.0.9
844 silly packumentCache full:https://registry.npmjs.org/string.prototype.trimend cache-miss
845 http cache https://registry.npmjs.org/@rtsao%2fscc 127ms (cache hit)
846 silly packumentCache full:https://registry.npmjs.org/@rtsao%2fscc set size:6332 disposed:false
847 silly fetch manifest tsconfig-paths@^3.15.0
848 silly packumentCache full:https://registry.npmjs.org/tsconfig-paths cache-miss
849 http cache https://registry.npmjs.org/array.prototype.flatmap 50ms (cache hit)
850 silly packumentCache full:https://registry.npmjs.org/array.prototype.flatmap set size:51458 disposed:false
851 silly fetch manifest aria-query@^5.3.2
852 silly packumentCache full:https://registry.npmjs.org/aria-query cache-miss
853 http cache https://registry.npmjs.org/eslint-module-utils 12ms (cache hit)
854 silly packumentCache full:https://registry.npmjs.org/eslint-module-utils set size:77496 disposed:false
855 silly fetch manifest array-includes@^3.1.8
856 silly packumentCache full:https://registry.npmjs.org/array-includes cache-hit
857 silly fetch manifest array.prototype.flatmap@^1.3.2
858 silly packumentCache full:https://registry.npmjs.org/array.prototype.flatmap cache-hit
859 silly fetch manifest ast-types-flow@^0.0.8
860 silly packumentCache full:https://registry.npmjs.org/ast-types-flow cache-miss
861 http cache https://registry.npmjs.org/object.fromentries 5ms (cache hit)
862 silly packumentCache full:https://registry.npmjs.org/object.fromentries set size:37686 disposed:false
863 silly fetch manifest axe-core@^4.10.0
864 silly packumentCache full:https://registry.npmjs.org/axe-core cache-miss
865 http cache https://registry.npmjs.org/hasown 6ms (cache hit)
866 silly packumentCache full:https://registry.npmjs.org/hasown set size:12476 disposed:false
867 silly fetch manifest axobject-query@^4.1.0
868 silly packumentCache full:https://registry.npmjs.org/axobject-query cache-miss
869 http cache https://registry.npmjs.org/object.groupby 6ms (cache hit)
870 silly packumentCache full:https://registry.npmjs.org/object.groupby set size:15504 disposed:false
871 silly fetch manifest damerau-levenshtein@^1.0.8
872 silly packumentCache full:https://registry.npmjs.org/damerau-levenshtein cache-miss
873 http cache https://registry.npmjs.org/string.prototype.trimend 5ms (cache hit)
874 silly packumentCache full:https://registry.npmjs.org/string.prototype.trimend set size:41090 disposed:false
875 silly fetch manifest emoji-regex@^9.2.2
876 silly packumentCache full:https://registry.npmjs.org/emoji-regex cache-miss
877 http cache https://registry.npmjs.org/semver 6ms (cache hit)
878 silly packumentCache full:https://registry.npmjs.org/semver set size:229678 disposed:false
879 silly fetch manifest jsx-ast-utils@^3.3.5
880 silly packumentCache full:https://registry.npmjs.org/jsx-ast-utils cache-miss
881 http cache https://registry.npmjs.org/object.values 7ms (cache hit)
882 silly packumentCache full:https://registry.npmjs.org/object.values set size:49009 disposed:false
883 silly fetch manifest language-tags@^1.0.9
884 silly packumentCache full:https://registry.npmjs.org/language-tags cache-miss
885 http cache https://registry.npmjs.org/tsconfig-paths 7ms (cache hit)
886 silly packumentCache full:https://registry.npmjs.org/tsconfig-paths set size:192565 disposed:false
887 silly fetch manifest safe-regex-test@^1.0.3
888 silly packumentCache full:https://registry.npmjs.org/safe-regex-test cache-miss
889 http cache https://registry.npmjs.org/aria-query 6ms (cache hit)
890 silly packumentCache full:https://registry.npmjs.org/aria-query set size:98864 disposed:false
891 silly fetch manifest string.prototype.includes@^2.0.1
892 silly packumentCache full:https://registry.npmjs.org/string.prototype.includes cache-miss
893 http cache https://registry.npmjs.org/ast-types-flow 6ms (cache hit)
894 silly packumentCache full:https://registry.npmjs.org/ast-types-flow set size:15144 disposed:false
895 silly fetch manifest array.prototype.findlast@^1.2.5
896 silly packumentCache full:https://registry.npmjs.org/array.prototype.findlast cache-miss
897 http cache https://registry.npmjs.org/axobject-query 6ms (cache hit)
898 silly packumentCache full:https://registry.npmjs.org/axobject-query set size:75032 disposed:false
899 silly fetch manifest array.prototype.tosorted@^1.1.4
900 silly packumentCache full:https://registry.npmjs.org/array.prototype.tosorted cache-miss
901 http cache https://registry.npmjs.org/damerau-levenshtein 8ms (cache hit)
902 silly packumentCache full:https://registry.npmjs.org/damerau-levenshtein set size:23390 disposed:false
903 silly fetch manifest es-iterator-helpers@^1.2.1
904 silly packumentCache full:https://registry.npmjs.org/es-iterator-helpers cache-miss
905 http cache https://registry.npmjs.org/language-tags 8ms (cache hit)
906 silly packumentCache full:https://registry.npmjs.org/language-tags set size:38675 disposed:false
907 silly fetch manifest estraverse@^5.3.0
908 silly packumentCache full:https://registry.npmjs.org/estraverse cache-hit
909 silly fetch manifest jsx-ast-utils@^2.4.1 || ^3.0.0
910 silly packumentCache full:https://registry.npmjs.org/jsx-ast-utils cache-miss
911 http cache https://registry.npmjs.org/string.prototype.includes 6ms (cache hit)
912 silly packumentCache full:https://registry.npmjs.org/string.prototype.includes set size:10217 disposed:false
913 silly fetch manifest object.entries@^1.1.9
914 silly packumentCache full:https://registry.npmjs.org/object.entries cache-miss
915 http cache https://registry.npmjs.org/jsx-ast-utils 9ms (cache hit)
916 silly packumentCache full:https://registry.npmjs.org/jsx-ast-utils set size:115998 disposed:false
917 silly fetch manifest prop-types@^15.8.1
918 silly packumentCache full:https://registry.npmjs.org/prop-types cache-miss
919 http cache https://registry.npmjs.org/array.prototype.findlast 7ms (cache hit)
920 silly packumentCache full:https://registry.npmjs.org/array.prototype.findlast set size:40323 disposed:false
921 silly fetch manifest resolve@^2.0.0-next.5
922 silly packumentCache full:https://registry.npmjs.org/resolve cache-hit
923 silly fetch manifest string.prototype.matchall@^4.0.12
924 silly packumentCache full:https://registry.npmjs.org/string.prototype.matchall cache-miss
925 http cache https://registry.npmjs.org/axe-core 18ms (cache hit)
926 silly packumentCache full:https://registry.npmjs.org/axe-core set size:9186375 disposed:false
927 silly fetch manifest string.prototype.repeat@^1.0.0
928 silly packumentCache full:https://registry.npmjs.org/string.prototype.repeat cache-miss
929 http cache https://registry.npmjs.org/emoji-regex 33ms (cache hit)
930 silly packumentCache full:https://registry.npmjs.org/emoji-regex set size:89088 disposed:false
931 http cache https://registry.npmjs.org/safe-regex-test 32ms (cache hit)
932 silly packumentCache full:https://registry.npmjs.org/safe-regex-test set size:17412 disposed:false
933 http cache https://registry.npmjs.org/es-iterator-helpers 30ms (cache hit)
934 silly packumentCache full:https://registry.npmjs.org/es-iterator-helpers set size:247864 disposed:false
935 http cache https://registry.npmjs.org/jsx-ast-utils 29ms (cache hit)
936 silly packumentCache full:https://registry.npmjs.org/jsx-ast-utils set size:115998 disposed:false
937 silly packumentCache full:https://registry.npmjs.org/jsx-ast-utils dispose
938 http cache https://registry.npmjs.org/array.prototype.tosorted 32ms (cache hit)
939 silly packumentCache full:https://registry.npmjs.org/array.prototype.tosorted set size:24661 disposed:false
940 http cache https://registry.npmjs.org/object.entries 30ms (cache hit)
941 silly packumentCache full:https://registry.npmjs.org/object.entries set size:50037 disposed:false
942 http cache https://registry.npmjs.org/prop-types 29ms (cache hit)
943 silly packumentCache full:https://registry.npmjs.org/prop-types set size:76747 disposed:false
944 http cache https://registry.npmjs.org/string.prototype.matchall 28ms (cache hit)
945 silly packumentCache full:https://registry.npmjs.org/string.prototype.matchall set size:63239 disposed:false
946 http cache https://registry.npmjs.org/string.prototype.repeat 7ms (cache hit)
947 silly packumentCache full:https://registry.npmjs.org/string.prototype.repeat set size:8608 disposed:false
948 silly placeDep ROOT glob@10.3.10 OK for: @next/eslint-plugin-next@14.2.5 want: 10.3.10
949 silly fetch manifest minipass@^5.0.0 || ^6.0.2 || ^7.0.0
950 silly packumentCache full:https://registry.npmjs.org/minipass cache-miss
951 silly fetch manifest jackspeak@^2.3.5
952 silly packumentCache full:https://registry.npmjs.org/jackspeak cache-miss
953 silly fetch manifest minimatch@^9.0.1
954 silly packumentCache full:https://registry.npmjs.org/minimatch cache-hit
955 silly fetch manifest path-scurry@^1.10.1
956 silly packumentCache full:https://registry.npmjs.org/path-scurry cache-miss
957 silly fetch manifest foreground-child@^3.1.0
958 silly packumentCache full:https://registry.npmjs.org/foreground-child cache-miss
959 http cache https://registry.npmjs.org/minipass 3ms (cache hit)
960 silly packumentCache full:https://registry.npmjs.org/minipass set size:276925 disposed:false
961 http cache https://registry.npmjs.org/path-scurry 3ms (cache hit)
962 silly packumentCache full:https://registry.npmjs.org/path-scurry set size:117612 disposed:false
963 http cache https://registry.npmjs.org/jackspeak 5ms (cache hit)
964 silly packumentCache full:https://registry.npmjs.org/jackspeak set size:204267 disposed:false
965 http cache https://registry.npmjs.org/foreground-child 5ms (cache hit)
966 silly packumentCache full:https://registry.npmjs.org/foreground-child set size:71503 disposed:false
967 silly placeDep ROOT @typescript-eslint/scope-manager@7.2.0 OK for: @typescript-eslint/parser@7.2.0 want: 7.2.0
968 silly placeDep ROOT @typescript-eslint/types@7.2.0 OK for: @typescript-eslint/parser@7.2.0 want: 7.2.0
969 silly placeDep ROOT @typescript-eslint/typescript-estree@7.2.0 OK for: @typescript-eslint/parser@7.2.0 want: 7.2.0
970 silly placeDep ROOT @typescript-eslint/visitor-keys@7.2.0 OK for: @typescript-eslint/parser@7.2.0 want: 7.2.0
971 silly fetch manifest globby@^11.1.0
972 silly packumentCache full:https://registry.npmjs.org/globby cache-miss
973 silly fetch manifest semver@^7.5.4
974 silly packumentCache full:https://registry.npmjs.org/semver cache-hit
975 silly fetch manifest minimatch@9.0.3
976 silly packumentCache full:https://registry.npmjs.org/minimatch cache-hit
977 silly fetch manifest ts-api-utils@^1.0.1
978 silly packumentCache full:https://registry.npmjs.org/ts-api-utils cache-miss
979 http cache https://registry.npmjs.org/globby 2ms (cache hit)
980 silly packumentCache full:https://registry.npmjs.org/globby set size:157140 disposed:false
981 http cache https://registry.npmjs.org/ts-api-utils 2ms (cache hit)
982 silly packumentCache full:https://registry.npmjs.org/ts-api-utils set size:220519 disposed:false
983 silly fetch manifest typescript@>=4.2.0
984 silly packumentCache full:https://registry.npmjs.org/typescript cache-miss
985 http cache https://registry.npmjs.org/typescript 10ms (cache hit)
986 silly packumentCache full:https://registry.npmjs.org/typescript set size:15362277 disposed:false
987 silly placeDep ROOT globby@11.1.0 OK for: @typescript-eslint/typescript-estree@7.2.0 want: ^11.1.0
988 silly placeDep node_modules/@typescript-eslint/typescript-estree minimatch@9.0.3 OK for: @typescript-eslint/typescript-estree@7.2.0 want: 9.0.3
989 silly placeDep ROOT semver@7.7.4 OK for: @typescript-eslint/typescript-estree@7.2.0 want: ^7.5.4
990 silly placeDep ROOT ts-api-utils@1.4.3 OK for: @typescript-eslint/typescript-estree@7.2.0 want: ^1.0.1
991 silly fetch manifest slash@^3.0.0
992 silly packumentCache full:https://registry.npmjs.org/slash cache-miss
993 silly fetch manifest merge2@^1.4.1
994 silly packumentCache full:https://registry.npmjs.org/merge2 cache-miss
995 silly fetch manifest dir-glob@^3.0.1
996 silly packumentCache full:https://registry.npmjs.org/dir-glob cache-miss
997 silly fetch manifest fast-glob@^3.2.9
998 silly packumentCache full:https://registry.npmjs.org/fast-glob cache-hit
999 silly fetch manifest array-union@^2.1.0
1000 silly packumentCache full:https://registry.npmjs.org/array-union cache-miss
1001 silly fetch manifest brace-expansion@^2.0.1
1002 silly packumentCache full:https://registry.npmjs.org/brace-expansion cache-hit
1003 http cache https://registry.npmjs.org/merge2 2ms (cache hit)
1004 silly packumentCache full:https://registry.npmjs.org/merge2 set size:46159 disposed:false
1005 http cache https://registry.npmjs.org/slash 2ms (cache hit)
1006 silly packumentCache full:https://registry.npmjs.org/slash set size:20337 disposed:false
1007 http cache https://registry.npmjs.org/array-union 3ms (cache hit)
1008 silly packumentCache full:https://registry.npmjs.org/array-union set size:18386 disposed:false
1009 http cache https://registry.npmjs.org/dir-glob 3ms (cache hit)
1010 silly packumentCache full:https://registry.npmjs.org/dir-glob set size:22205 disposed:false
1011 silly placeDep node_modules/eslint-import-resolver-node debug@3.2.7 OK for: eslint-import-resolver-node@0.3.9 want: ^3.2.7
1012 silly placeDep ROOT is-core-module@2.16.1 OK for: eslint-import-resolver-node@0.3.9 want: ^2.13.0
1013 silly placeDep ROOT resolve@1.22.11 OK for: eslint-import-resolver-node@0.3.9 want: ^1.22.4
1014 silly fetch manifest path-parse@^1.0.7
1015 silly packumentCache full:https://registry.npmjs.org/path-parse cache-miss
1016 silly fetch manifest supports-preserve-symlinks-flag@^1.0.0
1017 silly packumentCache full:https://registry.npmjs.org/supports-preserve-symlinks-flag cache-miss
1018 http cache https://registry.npmjs.org/path-parse 1ms (cache hit)
1019 silly packumentCache full:https://registry.npmjs.org/path-parse set size:14523 disposed:false
1020 http cache https://registry.npmjs.org/supports-preserve-symlinks-flag 1ms (cache hit)
1021 silly packumentCache full:https://registry.npmjs.org/supports-preserve-symlinks-flag set size:6802 disposed:false
1022 silly placeDep ROOT @nolyfill/is-core-module@1.0.39 OK for: eslint-import-resolver-typescript@3.10.1 want: 1.0.39
1023 silly placeDep ROOT get-tsconfig@4.13.6 OK for: eslint-import-resolver-typescript@3.10.1 want: ^4.10.0
1024 silly placeDep ROOT is-bun-module@2.0.0 OK for: eslint-import-resolver-typescript@3.10.1 want: ^2.0.0
1025 silly placeDep ROOT stable-hash@0.0.5 OK for: eslint-import-resolver-typescript@3.10.1 want: ^0.0.5
1026 silly placeDep ROOT tinyglobby@0.2.15 OK for: eslint-import-resolver-typescript@3.10.1 want: ^0.2.13
1027 silly placeDep ROOT unrs-resolver@1.11.1 OK for: eslint-import-resolver-typescript@3.10.1 want: ^1.6.2
1028 silly fetch manifest resolve-pkg-maps@^1.0.0
1029 silly packumentCache full:https://registry.npmjs.org/resolve-pkg-maps cache-miss
1030 silly fetch manifest fdir@^6.5.0
1031 silly packumentCache full:https://registry.npmjs.org/fdir cache-miss
1032 silly fetch manifest picomatch@^4.0.3
1033 silly packumentCache full:https://registry.npmjs.org/picomatch cache-miss
1034 silly fetch manifest napi-postinstall@^0.3.0
1035 silly packumentCache full:https://registry.npmjs.org/napi-postinstall cache-miss
1036 silly fetch manifest @unrs/resolver-binding-win32-x64-msvc@1.11.1
1037 silly packumentCache full:https://registry.npmjs.org/@unrs%2fresolver-binding-win32-x64-msvc cache-miss
1038 silly fetch manifest @unrs/resolver-binding-win32-arm64-msvc@1.11.1
1039 silly packumentCache full:https://registry.npmjs.org/@unrs%2fresolver-binding-win32-arm64-msvc cache-miss
1040 silly fetch manifest @unrs/resolver-binding-win32-ia32-msvc@1.11.1
1041 silly packumentCache full:https://registry.npmjs.org/@unrs%2fresolver-binding-win32-ia32-msvc cache-miss
1042 silly fetch manifest @unrs/resolver-binding-linux-x64-gnu@1.11.1
1043 silly packumentCache full:https://registry.npmjs.org/@unrs%2fresolver-binding-linux-x64-gnu cache-miss
1044 silly fetch manifest @unrs/resolver-binding-linux-x64-musl@1.11.1
1045 silly packumentCache full:https://registry.npmjs.org/@unrs%2fresolver-binding-linux-x64-musl cache-miss
1046 http cache https://registry.npmjs.org/resolve-pkg-maps 5ms (cache hit)
1047 silly packumentCache full:https://registry.npmjs.org/resolve-pkg-maps set size:11615 disposed:false
1048 silly fetch manifest @unrs/resolver-binding-freebsd-x64@1.11.1
1049 silly packumentCache full:https://registry.npmjs.org/@unrs%2fresolver-binding-freebsd-x64 cache-miss
1050 http cache https://registry.npmjs.org/napi-postinstall 5ms (cache hit)
1051 silly packumentCache full:https://registry.npmjs.org/napi-postinstall set size:41400 disposed:false
1052 silly fetch manifest @unrs/resolver-binding-android-arm64@1.11.1
1053 silly packumentCache full:https://registry.npmjs.org/@unrs%2fresolver-binding-android-arm64 cache-miss
1054 http cache https://registry.npmjs.org/@unrs%2fresolver-binding-linux-x64-gnu 6ms (cache hit)
1055 silly packumentCache full:https://registry.npmjs.org/@unrs%2fresolver-binding-linux-x64-gnu set size:59167 disposed:false
1056 silly fetch manifest @unrs/resolver-binding-linux-arm64-gnu@1.11.1
1057 silly packumentCache full:https://registry.npmjs.org/@unrs%2fresolver-binding-linux-arm64-gnu cache-miss
1058 http cache https://registry.npmjs.org/picomatch 6ms (cache hit)
1059 silly packumentCache full:https://registry.npmjs.org/picomatch set size:118818 disposed:false
1060 silly fetch manifest @unrs/resolver-binding-linux-arm64-musl@1.11.1
1061 silly packumentCache full:https://registry.npmjs.org/@unrs%2fresolver-binding-linux-arm64-musl cache-miss
1062 http cache https://registry.npmjs.org/@unrs%2fresolver-binding-win32-ia32-msvc 7ms (cache hit)
1063 silly packumentCache full:https://registry.npmjs.org/@unrs%2fresolver-binding-win32-ia32-msvc set size:59023 disposed:false
1064 silly fetch manifest @unrs/resolver-binding-android-arm-eabi@1.11.1
1065 silly packumentCache full:https://registry.npmjs.org/@unrs%2fresolver-binding-android-arm-eabi cache-miss
1066 http cache https://registry.npmjs.org/fdir 7ms (cache hit)
1067 silly packumentCache full:https://registry.npmjs.org/fdir set size:136182 disposed:false
1068 silly fetch manifest @unrs/resolver-binding-linux-arm-gnueabihf@1.11.1
1069 silly packumentCache full:https://registry.npmjs.org/@unrs%2fresolver-binding-linux-arm-gnueabihf cache-miss
1070 http cache https://registry.npmjs.org/@unrs%2fresolver-binding-linux-x64-musl 8ms (cache hit)
1071 silly packumentCache full:https://registry.npmjs.org/@unrs%2fresolver-binding-linux-x64-musl set size:59364 disposed:false
1072 silly fetch manifest @unrs/resolver-binding-linux-arm-musleabihf@1.11.1
1073 silly packumentCache full:https://registry.npmjs.org/@unrs%2fresolver-binding-linux-arm-musleabihf cache-miss
1074 http cache https://registry.npmjs.org/@unrs%2fresolver-binding-win32-arm64-msvc 8ms (cache hit)
1075 silly packumentCache full:https://registry.npmjs.org/@unrs%2fresolver-binding-win32-arm64-msvc set size:59292 disposed:false
1076 silly fetch manifest @unrs/resolver-binding-linux-ppc64-gnu@1.11.1
1077 silly packumentCache full:https://registry.npmjs.org/@unrs%2fresolver-binding-linux-ppc64-gnu cache-miss
1078 http cache https://registry.npmjs.org/@unrs%2fresolver-binding-win32-x64-msvc 8ms (cache hit)
1079 silly packumentCache full:https://registry.npmjs.org/@unrs%2fresolver-binding-win32-x64-msvc set size:58760 disposed:false
1080 silly fetch manifest @unrs/resolver-binding-linux-riscv64-gnu@1.11.1
1081 silly packumentCache full:https://registry.npmjs.org/@unrs%2fresolver-binding-linux-riscv64-gnu cache-miss
1082 http cache https://registry.npmjs.org/@unrs%2fresolver-binding-android-arm64 4ms (cache hit)
1083 silly packumentCache full:https://registry.npmjs.org/@unrs%2fresolver-binding-android-arm64 set size:12351 disposed:false
1084 silly fetch manifest @unrs/resolver-binding-linux-riscv64-musl@1.11.1
1085 silly packumentCache full:https://registry.npmjs.org/@unrs%2fresolver-binding-linux-riscv64-musl cache-miss
1086 http cache https://registry.npmjs.org/@unrs%2fresolver-binding-freebsd-x64 5ms (cache hit)
1087 silly packumentCache full:https://registry.npmjs.org/@unrs%2fresolver-binding-freebsd-x64 set size:58172 disposed:false
1088 silly fetch manifest @unrs/resolver-binding-linux-s390x-gnu@1.11.1
1089 silly packumentCache full:https://registry.npmjs.org/@unrs%2fresolver-binding-linux-s390x-gnu cache-miss
1090 http cache https://registry.npmjs.org/@unrs%2fresolver-binding-linux-arm64-gnu 5ms (cache hit)
1091 silly packumentCache full:https://registry.npmjs.org/@unrs%2fresolver-binding-linux-arm64-gnu set size:59697 disposed:false
1092 silly fetch manifest @unrs/resolver-binding-darwin-x64@1.11.1
1093 silly packumentCache full:https://registry.npmjs.org/@unrs%2fresolver-binding-darwin-x64 cache-miss
1094 http cache https://registry.npmjs.org/@unrs%2fresolver-binding-android-arm-eabi 4ms (cache hit)
1095 silly packumentCache full:https://registry.npmjs.org/@unrs%2fresolver-binding-android-arm-eabi set size:12473 disposed:false
1096 silly fetch manifest @unrs/resolver-binding-darwin-arm64@1.11.1
1097 silly packumentCache full:https://registry.npmjs.org/@unrs%2fresolver-binding-darwin-arm64 cache-miss
1098 http cache https://registry.npmjs.org/@unrs%2fresolver-binding-linux-arm-musleabihf 3ms (cache hit)
1099 silly packumentCache full:https://registry.npmjs.org/@unrs%2fresolver-binding-linux-arm-musleabihf set size:60135 disposed:false
1100 silly fetch manifest @unrs/resolver-binding-wasm32-wasi@1.11.1
1101 silly packumentCache full:https://registry.npmjs.org/@unrs%2fresolver-binding-wasm32-wasi cache-miss
1102 http cache https://registry.npmjs.org/@unrs%2fresolver-binding-linux-arm-gnueabihf 4ms (cache hit)
1103 silly packumentCache full:https://registry.npmjs.org/@unrs%2fresolver-binding-linux-arm-gnueabihf set size:59902 disposed:false
1104 http cache https://registry.npmjs.org/@unrs%2fresolver-binding-linux-riscv64-gnu 4ms (cache hit)
1105 silly packumentCache full:https://registry.npmjs.org/@unrs%2fresolver-binding-linux-riscv64-gnu set size:50987 disposed:false
1106 http cache https://registry.npmjs.org/@unrs%2fresolver-binding-linux-arm64-musl 5ms (cache hit)
1107 silly packumentCache full:https://registry.npmjs.org/@unrs%2fresolver-binding-linux-arm64-musl set size:59889 disposed:false
1108 http cache https://registry.npmjs.org/@unrs%2fresolver-binding-linux-ppc64-gnu 4ms (cache hit)
1109 silly packumentCache full:https://registry.npmjs.org/@unrs%2fresolver-binding-linux-ppc64-gnu set size:59704 disposed:false
1110 http cache https://registry.npmjs.org/@unrs%2fresolver-binding-linux-riscv64-musl 3ms (cache hit)
1111 silly packumentCache full:https://registry.npmjs.org/@unrs%2fresolver-binding-linux-riscv64-musl set size:40293 disposed:false
1112 http cache https://registry.npmjs.org/@unrs%2fresolver-binding-darwin-arm64 2ms (cache hit)
1113 silly packumentCache full:https://registry.npmjs.org/@unrs%2fresolver-binding-darwin-arm64 set size:58434 disposed:false
1114 http cache https://registry.npmjs.org/@unrs%2fresolver-binding-darwin-x64 3ms (cache hit)
1115 silly packumentCache full:https://registry.npmjs.org/@unrs%2fresolver-binding-darwin-x64 set size:57901 disposed:false
1116 http cache https://registry.npmjs.org/@unrs%2fresolver-binding-linux-s390x-gnu 3ms (cache hit)
1117 silly packumentCache full:https://registry.npmjs.org/@unrs%2fresolver-binding-linux-s390x-gnu set size:59697 disposed:false
1118 http cache https://registry.npmjs.org/@unrs%2fresolver-binding-wasm32-wasi 3ms (cache hit)
1119 silly packumentCache full:https://registry.npmjs.org/@unrs%2fresolver-binding-wasm32-wasi set size:61704 disposed:false
1120 silly placeDep ROOT @rtsao/scc@1.1.0 OK for: eslint-plugin-import@2.32.0 want: ^1.1.0
1121 silly placeDep ROOT array-includes@3.1.9 OK for: eslint-plugin-import@2.32.0 want: ^3.1.9
1122 silly placeDep ROOT array.prototype.findlastindex@1.2.6 OK for: eslint-plugin-import@2.32.0 want: ^1.2.6
1123 silly placeDep ROOT array.prototype.flat@1.3.3 OK for: eslint-plugin-import@2.32.0 want: ^1.3.3
1124 silly placeDep ROOT array.prototype.flatmap@1.3.3 OK for: eslint-plugin-import@2.32.0 want: ^1.3.3
1125 silly placeDep node_modules/eslint-plugin-import debug@3.2.7 OK for: eslint-plugin-import@2.32.0 want: ^3.2.7
1126 silly placeDep node_modules/eslint-plugin-import doctrine@2.1.0 OK for: eslint-plugin-import@2.32.0 want: ^2.1.0
1127 silly placeDep ROOT eslint-module-utils@2.12.1 OK for: eslint-plugin-import@2.32.0 want: ^2.12.1
1128 silly placeDep ROOT hasown@2.0.2 OK for: eslint-plugin-import@2.32.0 want: ^2.0.2
1129 silly placeDep ROOT object.fromentries@2.0.8 OK for: eslint-plugin-import@2.32.0 want: ^2.0.8
1130 silly placeDep ROOT object.groupby@1.0.3 OK for: eslint-plugin-import@2.32.0 want: ^1.0.3
1131 silly placeDep ROOT object.values@1.2.1 OK for: eslint-plugin-import@2.32.0 want: ^1.2.1
1132 silly placeDep node_modules/eslint-plugin-import semver@6.3.1 OK for: eslint-plugin-import@2.32.0 want: ^6.3.1
1133 silly placeDep ROOT string.prototype.trimend@1.0.9 OK for: eslint-plugin-import@2.32.0 want: ^1.0.9
1134 silly placeDep ROOT tsconfig-paths@3.15.0 OK for: eslint-plugin-import@2.32.0 want: ^3.15.0
1135 silly fetch manifest call-bind@^1.0.8
1136 silly packumentCache full:https://registry.npmjs.org/call-bind cache-miss
1137 silly fetch manifest call-bound@^1.0.4
1138 silly packumentCache full:https://registry.npmjs.org/call-bound cache-miss
1139 silly fetch manifest define-properties@^1.2.1
1140 silly packumentCache full:https://registry.npmjs.org/define-properties cache-miss
1141 silly fetch manifest es-abstract@^1.24.0
1142 silly packumentCache full:https://registry.npmjs.org/es-abstract cache-miss
1143 silly fetch manifest es-object-atoms@^1.1.1
1144 silly packumentCache full:https://registry.npmjs.org/es-object-atoms cache-miss
1145 silly fetch manifest get-intrinsic@^1.3.0
1146 silly packumentCache full:https://registry.npmjs.org/get-intrinsic cache-miss
1147 silly fetch manifest is-string@^1.1.1
1148 silly packumentCache full:https://registry.npmjs.org/is-string cache-miss
1149 silly fetch manifest math-intrinsics@^1.1.0
1150 silly packumentCache full:https://registry.npmjs.org/math-intrinsics cache-miss
1151 silly fetch manifest call-bind@^1.0.8
1152 silly packumentCache full:https://registry.npmjs.org/call-bind cache-miss
1153 http cache https://registry.npmjs.org/call-bound 5ms (cache hit)
1154 silly packumentCache full:https://registry.npmjs.org/call-bound set size:15317 disposed:false
1155 silly fetch manifest define-properties@^1.2.1
1156 silly packumentCache full:https://registry.npmjs.org/define-properties cache-miss
1157 http cache https://registry.npmjs.org/call-bind 5ms (cache hit)
1158 silly packumentCache full:https://registry.npmjs.org/call-bind set size:30096 disposed:false
1159 silly fetch manifest es-abstract@^1.23.9
1160 silly packumentCache full:https://registry.npmjs.org/es-abstract cache-miss
1161 http cache https://registry.npmjs.org/define-properties 6ms (cache hit)
1162 silly packumentCache full:https://registry.npmjs.org/define-properties set size:31491 disposed:false
1163 silly fetch manifest es-errors@^1.3.0
1164 silly packumentCache full:https://registry.npmjs.org/es-errors cache-miss
1165 http cache https://registry.npmjs.org/get-intrinsic 5ms (cache hit)
1166 silly packumentCache full:https://registry.npmjs.org/get-intrinsic set size:60985 disposed:false
1167 silly fetch manifest es-object-atoms@^1.1.1
1168 silly packumentCache full:https://registry.npmjs.org/es-object-atoms cache-miss
1169 http cache https://registry.npmjs.org/es-object-atoms 5ms (cache hit)
1170 silly packumentCache full:https://registry.npmjs.org/es-object-atoms set size:15304 disposed:false
1171 silly fetch manifest es-shim-unscopables@^1.1.0
1172 silly packumentCache full:https://registry.npmjs.org/es-shim-unscopables cache-miss
1173 http cache https://registry.npmjs.org/call-bind 6ms (cache hit)
1174 silly packumentCache full:https://registry.npmjs.org/call-bind set size:30096 disposed:false
1175 silly packumentCache full:https://registry.npmjs.org/call-bind dispose
1176 silly fetch manifest es-abstract@^1.23.5
1177 silly packumentCache full:https://registry.npmjs.org/es-abstract cache-miss
1178 http cache https://registry.npmjs.org/es-abstract 6ms (cache hit)
1179 silly packumentCache full:https://registry.npmjs.org/es-abstract set size:378584 disposed:false
1180 silly fetch manifest es-shim-unscopables@^1.0.2
1181 silly packumentCache full:https://registry.npmjs.org/es-shim-unscopables cache-miss
1182 http cache https://registry.npmjs.org/is-string 7ms (cache hit)
1183 silly packumentCache full:https://registry.npmjs.org/is-string set size:29636 disposed:false
1184 silly fetch manifest es-abstract@^1.23.5
1185 silly packumentCache full:https://registry.npmjs.org/es-abstract cache-hit
1186 silly fetch manifest es-shim-unscopables@^1.0.2
1187 silly packumentCache full:https://registry.npmjs.org/es-shim-unscopables cache-miss
1188 http cache https://registry.npmjs.org/math-intrinsics 8ms (cache hit)
1189 silly packumentCache full:https://registry.npmjs.org/math-intrinsics set size:9265 disposed:false
1190 silly fetch manifest function-bind@^1.1.2
1191 silly packumentCache full:https://registry.npmjs.org/function-bind cache-miss
1192 http cache https://registry.npmjs.org/define-properties 5ms (cache hit)
1193 silly packumentCache full:https://registry.npmjs.org/define-properties set size:31491 disposed:false
1194 silly packumentCache full:https://registry.npmjs.org/define-properties dispose
1195 silly fetch manifest call-bind@^1.0.7
1196 silly packumentCache full:https://registry.npmjs.org/call-bind cache-hit
1197 silly fetch manifest es-abstract@^1.23.2
1198 silly packumentCache full:https://registry.npmjs.org/es-abstract cache-hit
1199 silly fetch manifest es-object-atoms@^1.0.0
1200 silly packumentCache full:https://registry.npmjs.org/es-object-atoms cache-hit
1201 silly fetch manifest call-bound@^1.0.3
1202 silly packumentCache full:https://registry.npmjs.org/call-bound cache-hit
1203 silly fetch manifest call-bound@^1.0.2
1204 silly packumentCache full:https://registry.npmjs.org/call-bound cache-hit
1205 silly fetch manifest json5@^1.0.2
1206 silly packumentCache full:https://registry.npmjs.org/json5 cache-miss
1207 http cache https://registry.npmjs.org/es-abstract 4ms (cache hit)
1208 silly packumentCache full:https://registry.npmjs.org/es-abstract set size:378584 disposed:false
1209 silly packumentCache full:https://registry.npmjs.org/es-abstract dispose
1210 silly fetch manifest minimist@^1.2.6
1211 silly packumentCache full:https://registry.npmjs.org/minimist cache-miss
1212 http cache https://registry.npmjs.org/es-object-atoms 6ms (cache hit)
1213 silly packumentCache full:https://registry.npmjs.org/es-object-atoms set size:15304 disposed:false
1214 silly packumentCache full:https://registry.npmjs.org/es-object-atoms dispose
1215 silly fetch manifest strip-bom@^3.0.0
1216 silly packumentCache full:https://registry.npmjs.org/strip-bom cache-miss
1217 http cache https://registry.npmjs.org/es-abstract 6ms (cache hit)
1218 silly packumentCache full:https://registry.npmjs.org/es-abstract set size:378584 disposed:true
1219 silly packumentCache full:https://registry.npmjs.org/es-abstract dispose
1220 silly fetch manifest @types/json5@^0.0.29
1221 silly packumentCache full:https://registry.npmjs.org/@types%2fjson5 cache-miss
1222 http cache https://registry.npmjs.org/es-shim-unscopables 7ms (cache hit)
1223 silly packumentCache full:https://registry.npmjs.org/es-shim-unscopables set size:13965 disposed:false
1224 http cache https://registry.npmjs.org/es-shim-unscopables 6ms (cache hit)
1225 silly packumentCache full:https://registry.npmjs.org/es-shim-unscopables set size:13965 disposed:false
1226 silly packumentCache full:https://registry.npmjs.org/es-shim-unscopables dispose
1227 http cache https://registry.npmjs.org/es-shim-unscopables 5ms (cache hit)
1228 silly packumentCache full:https://registry.npmjs.org/es-shim-unscopables set size:13965 disposed:true
1229 silly packumentCache full:https://registry.npmjs.org/es-shim-unscopables dispose
1230 http cache https://registry.npmjs.org/function-bind 5ms (cache hit)
1231 silly packumentCache full:https://registry.npmjs.org/function-bind set size:15733 disposed:false
1232 http cache https://registry.npmjs.org/es-errors 8ms (cache hit)
1233 silly packumentCache full:https://registry.npmjs.org/es-errors set size:16918 disposed:false
1234 http cache https://registry.npmjs.org/strip-bom 3ms (cache hit)
1235 silly packumentCache full:https://registry.npmjs.org/strip-bom set size:19359 disposed:false
1236 http cache https://registry.npmjs.org/json5 4ms (cache hit)
1237 silly packumentCache full:https://registry.npmjs.org/json5 set size:86136 disposed:false
1238 http cache https://registry.npmjs.org/@types%2fjson5 3ms (cache hit)
1239 silly packumentCache full:https://registry.npmjs.org/@types%2fjson5 set size:19581 disposed:false
1240 http cache https://registry.npmjs.org/minimist 4ms (cache hit)
1241 silly packumentCache full:https://registry.npmjs.org/minimist set size:77063 disposed:false
1242 silly placeDep ROOT call-bind@1.0.8 OK for: array-includes@3.1.9 want: ^1.0.8
1243 silly placeDep ROOT call-bound@1.0.4 OK for: array-includes@3.1.9 want: ^1.0.4
1244 silly placeDep ROOT define-properties@1.2.1 OK for: array-includes@3.1.9 want: ^1.2.1
1245 silly placeDep ROOT es-abstract@1.24.1 OK for: array-includes@3.1.9 want: ^1.24.0
1246 silly placeDep ROOT es-object-atoms@1.1.1 OK for: array-includes@3.1.9 want: ^1.1.1
1247 silly placeDep ROOT get-intrinsic@1.3.0 OK for: array-includes@3.1.9 want: ^1.3.0
1248 silly placeDep ROOT is-string@1.1.1 OK for: array-includes@3.1.9 want: ^1.1.1
1249 silly placeDep ROOT math-intrinsics@1.1.0 OK for: array-includes@3.1.9 want: ^1.1.0
1250 silly fetch manifest call-bind-apply-helpers@^1.0.0
1251 silly packumentCache full:https://registry.npmjs.org/call-bind-apply-helpers cache-miss
1252 silly fetch manifest es-define-property@^1.0.0
1253 silly packumentCache full:https://registry.npmjs.org/es-define-property cache-miss
1254 silly fetch manifest get-intrinsic@^1.2.4
1255 silly packumentCache full:https://registry.npmjs.org/get-intrinsic cache-hit
1256 silly fetch manifest set-function-length@^1.2.2
1257 silly packumentCache full:https://registry.npmjs.org/set-function-length cache-miss
1258 silly fetch manifest call-bind-apply-helpers@^1.0.2
1259 silly packumentCache full:https://registry.npmjs.org/call-bind-apply-helpers cache-miss
1260 silly fetch manifest define-data-property@^1.0.1
1261 silly packumentCache full:https://registry.npmjs.org/define-data-property cache-miss
1262 silly fetch manifest has-property-descriptors@^1.0.0
1263 silly packumentCache full:https://registry.npmjs.org/has-property-descriptors cache-miss
1264 silly fetch manifest object-keys@^1.1.1
1265 silly packumentCache full:https://registry.npmjs.org/object-keys cache-miss
1266 silly fetch manifest array-buffer-byte-length@^1.0.2
1267 silly packumentCache full:https://registry.npmjs.org/array-buffer-byte-length cache-miss
1268 silly fetch manifest arraybuffer.prototype.slice@^1.0.4
1269 silly packumentCache full:https://registry.npmjs.org/arraybuffer.prototype.slice cache-miss
1270 http cache https://registry.npmjs.org/call-bind-apply-helpers 5ms (cache hit)
1271 silly packumentCache full:https://registry.npmjs.org/call-bind-apply-helpers set size:12744 disposed:false
1272 silly fetch manifest available-typed-arrays@^1.0.7
1273 silly packumentCache full:https://registry.npmjs.org/available-typed-arrays cache-miss
1274 http cache https://registry.npmjs.org/es-define-property 5ms (cache hit)
1275 silly packumentCache full:https://registry.npmjs.org/es-define-property set size:8542 disposed:false
1276 silly fetch manifest data-view-buffer@^1.0.2
1277 silly packumentCache full:https://registry.npmjs.org/data-view-buffer cache-miss
1278 http cache https://registry.npmjs.org/define-data-property 5ms (cache hit)
1279 silly packumentCache full:https://registry.npmjs.org/define-data-property set size:28048 disposed:false
1280 silly fetch manifest data-view-byte-length@^1.0.2
1281 silly packumentCache full:https://registry.npmjs.org/data-view-byte-length cache-miss
1282 http cache https://registry.npmjs.org/object-keys 6ms (cache hit)
1283 silly packumentCache full:https://registry.npmjs.org/object-keys set size:67744 disposed:false
1284 silly fetch manifest data-view-byte-offset@^1.0.1
1285 silly packumentCache full:https://registry.npmjs.org/data-view-byte-offset cache-miss
1286 http cache https://registry.npmjs.org/call-bind-apply-helpers 6ms (cache hit)
1287 silly packumentCache full:https://registry.npmjs.org/call-bind-apply-helpers set size:12744 disposed:false
1288 silly packumentCache full:https://registry.npmjs.org/call-bind-apply-helpers dispose
1289 silly fetch manifest es-define-property@^1.0.1
1290 silly packumentCache full:https://registry.npmjs.org/es-define-property cache-hit
1291 silly fetch manifest es-set-tostringtag@^2.1.0
1292 silly packumentCache full:https://registry.npmjs.org/es-set-tostringtag cache-miss
1293 http cache https://registry.npmjs.org/arraybuffer.prototype.slice 6ms (cache hit)
1294 silly packumentCache full:https://registry.npmjs.org/arraybuffer.prototype.slice set size:20917 disposed:false
1295 silly fetch manifest es-to-primitive@^1.3.0
1296 silly packumentCache full:https://registry.npmjs.org/es-to-primitive cache-miss
1297 http cache https://registry.npmjs.org/array-buffer-byte-length 7ms (cache hit)
1298 silly packumentCache full:https://registry.npmjs.org/array-buffer-byte-length set size:13099 disposed:false
1299 silly fetch manifest function.prototype.name@^1.1.8
1300 silly packumentCache full:https://registry.npmjs.org/function.prototype.name cache-miss
1301 http cache https://registry.npmjs.org/set-function-length 7ms (cache hit)
1302 silly packumentCache full:https://registry.npmjs.org/set-function-length set size:24261 disposed:false
1303 silly fetch manifest get-proto@^1.0.1
1304 silly packumentCache full:https://registry.npmjs.org/get-proto cache-miss
1305 http cache https://registry.npmjs.org/has-property-descriptors 8ms (cache hit)
1306 silly packumentCache full:https://registry.npmjs.org/has-property-descriptors set size:12452 disposed:false
1307 silly fetch manifest get-symbol-description@^1.1.0
1308 silly packumentCache full:https://registry.npmjs.org/get-symbol-description cache-miss
1309 http cache https://registry.npmjs.org/data-view-buffer 5ms (cache hit)
1310 silly packumentCache full:https://registry.npmjs.org/data-view-buffer set size:11789 disposed:false
1311 silly fetch manifest globalthis@^1.0.4
1312 silly packumentCache full:https://registry.npmjs.org/globalthis cache-miss
1313 http cache https://registry.npmjs.org/available-typed-arrays 5ms (cache hit)
1314 silly packumentCache full:https://registry.npmjs.org/available-typed-arrays set size:31390 disposed:false
1315 silly fetch manifest gopd@^1.2.0
1316 silly packumentCache full:https://registry.npmjs.org/gopd cache-miss
1317 http cache https://registry.npmjs.org/data-view-byte-offset 4ms (cache hit)
1318 silly packumentCache full:https://registry.npmjs.org/data-view-byte-offset set size:9200 disposed:false
1319 silly fetch manifest has-property-descriptors@^1.0.2
1320 silly packumentCache full:https://registry.npmjs.org/has-property-descriptors cache-hit
1321 silly fetch manifest has-proto@^1.2.0
1322 silly packumentCache full:https://registry.npmjs.org/has-proto cache-miss
1323 http cache https://registry.npmjs.org/es-set-tostringtag 4ms (cache hit)
1324 silly packumentCache full:https://registry.npmjs.org/es-set-tostringtag set size:22094 disposed:false
1325 silly fetch manifest has-symbols@^1.1.0
1326 silly packumentCache full:https://registry.npmjs.org/has-symbols cache-miss
1327 http cache https://registry.npmjs.org/function.prototype.name 4ms (cache hit)
1328 silly packumentCache full:https://registry.npmjs.org/function.prototype.name set size:44756 disposed:false
1329 silly fetch manifest internal-slot@^1.1.0
1330 silly packumentCache full:https://registry.npmjs.org/internal-slot cache-miss
1331 http cache https://registry.npmjs.org/data-view-byte-length 5ms (cache hit)
1332 silly packumentCache full:https://registry.npmjs.org/data-view-byte-length set size:12269 disposed:false
1333 silly fetch manifest is-array-buffer@^3.0.5
1334 silly packumentCache full:https://registry.npmjs.org/is-array-buffer cache-miss
1335 http cache https://registry.npmjs.org/es-to-primitive 4ms (cache hit)
1336 silly packumentCache full:https://registry.npmjs.org/es-to-primitive set size:22465 disposed:false
1337 silly fetch manifest is-callable@^1.2.7
1338 silly packumentCache full:https://registry.npmjs.org/is-callable cache-miss
1339 http cache https://registry.npmjs.org/get-proto 4ms (cache hit)
1340 silly packumentCache full:https://registry.npmjs.org/get-proto set size:8300 disposed:false
1341 silly fetch manifest is-data-view@^1.0.2
1342 silly packumentCache full:https://registry.npmjs.org/is-data-view cache-miss
1343 http cache https://registry.npmjs.org/get-symbol-description 4ms (cache hit)
1344 silly packumentCache full:https://registry.npmjs.org/get-symbol-description set size:15540 disposed:false
1345 silly fetch manifest is-negative-zero@^2.0.3
1346 silly packumentCache full:https://registry.npmjs.org/is-negative-zero cache-miss
1347 http cache https://registry.npmjs.org/gopd 3ms (cache hit)
1348 silly packumentCache full:https://registry.npmjs.org/gopd set size:11458 disposed:false
1349 silly fetch manifest is-regex@^1.2.1
1350 silly packumentCache full:https://registry.npmjs.org/is-regex cache-miss
1351 http cache https://registry.npmjs.org/has-proto 3ms (cache hit)
1352 silly packumentCache full:https://registry.npmjs.org/has-proto set size:21527 disposed:false
1353 silly fetch manifest is-set@^2.0.3
1354 silly packumentCache full:https://registry.npmjs.org/is-set cache-miss
1355 http cache https://registry.npmjs.org/globalthis 4ms (cache hit)
1356 silly packumentCache full:https://registry.npmjs.org/globalthis set size:22522 disposed:false
1357 silly fetch manifest is-shared-array-buffer@^1.0.4
1358 silly packumentCache full:https://registry.npmjs.org/is-shared-array-buffer cache-miss
1359 http cache https://registry.npmjs.org/is-callable 3ms (cache hit)
1360 silly packumentCache full:https://registry.npmjs.org/is-callable set size:66606 disposed:false
1361 silly fetch manifest is-typed-array@^1.1.15
1362 silly packumentCache full:https://registry.npmjs.org/is-typed-array cache-miss
1363 http cache https://registry.npmjs.org/has-symbols 4ms (cache hit)
1364 silly packumentCache full:https://registry.npmjs.org/has-symbols set size:21550 disposed:false
1365 silly fetch manifest is-weakref@^1.1.1
1366 silly packumentCache full:https://registry.npmjs.org/is-weakref cache-miss
1367 http cache https://registry.npmjs.org/internal-slot 4ms (cache hit)
1368 silly packumentCache full:https://registry.npmjs.org/internal-slot set size:30267 disposed:false
1369 silly fetch manifest object-inspect@^1.13.4
1370 silly packumentCache full:https://registry.npmjs.org/object-inspect cache-miss
1371 http cache https://registry.npmjs.org/is-array-buffer 5ms (cache hit)
1372 silly packumentCache full:https://registry.npmjs.org/is-array-buffer set size:33562 disposed:false
1373 silly fetch manifest object.assign@^4.1.7
1374 silly packumentCache full:https://registry.npmjs.org/object.assign cache-miss
1375 http cache https://registry.npmjs.org/is-data-view 4ms (cache hit)
1376 silly packumentCache full:https://registry.npmjs.org/is-data-view set size:13756 disposed:false
1377 silly fetch manifest own-keys@^1.0.1
1378 silly packumentCache full:https://registry.npmjs.org/own-keys cache-miss
1379 http cache https://registry.npmjs.org/is-negative-zero 5ms (cache hit)
1380 silly packumentCache full:https://registry.npmjs.org/is-negative-zero set size:22152 disposed:false
1381 silly fetch manifest regexp.prototype.flags@^1.5.4
1382 silly packumentCache full:https://registry.npmjs.org/regexp.prototype.flags cache-miss
1383 http cache https://registry.npmjs.org/is-set 4ms (cache hit)
1384 silly packumentCache full:https://registry.npmjs.org/is-set set size:16614 disposed:false
1385 silly fetch manifest safe-array-concat@^1.1.3
1386 silly packumentCache full:https://registry.npmjs.org/safe-array-concat cache-miss
1387 http cache https://registry.npmjs.org/is-regex 5ms (cache hit)
1388 silly packumentCache full:https://registry.npmjs.org/is-regex set size:42924 disposed:false
1389 silly fetch manifest safe-push-apply@^1.0.0
1390 silly packumentCache full:https://registry.npmjs.org/safe-push-apply cache-miss
1391 http cache https://registry.npmjs.org/is-typed-array 5ms (cache hit)
1392 silly packumentCache full:https://registry.npmjs.org/is-typed-array set size:79965 disposed:false
1393 silly fetch manifest safe-regex-test@^1.1.0
1394 silly packumentCache full:https://registry.npmjs.org/safe-regex-test cache-hit
1395 silly fetch manifest set-proto@^1.0.0
1396 silly packumentCache full:https://registry.npmjs.org/set-proto cache-miss
1397 http cache https://registry.npmjs.org/is-shared-array-buffer 6ms (cache hit)
1398 silly packumentCache full:https://registry.npmjs.org/is-shared-array-buffer set size:19880 disposed:false
1399 silly fetch manifest stop-iteration-iterator@^1.1.0
1400 silly packumentCache full:https://registry.npmjs.org/stop-iteration-iterator cache-miss
1401 http cache https://registry.npmjs.org/is-weakref 5ms (cache hit)
1402 silly packumentCache full:https://registry.npmjs.org/is-weakref set size:18473 disposed:false
1403 silly fetch manifest string.prototype.trim@^1.2.10
1404 silly packumentCache full:https://registry.npmjs.org/string.prototype.trim cache-miss
1405 http cache https://registry.npmjs.org/object-inspect 6ms (cache hit)
1406 silly packumentCache full:https://registry.npmjs.org/object-inspect set size:101912 disposed:false
1407 silly fetch manifest string.prototype.trimstart@^1.0.8
1408 silly packumentCache full:https://registry.npmjs.org/string.prototype.trimstart cache-miss
1409 http cache https://registry.npmjs.org/own-keys 5ms (cache hit)
1410 silly packumentCache full:https://registry.npmjs.org/own-keys set size:8735 disposed:false
1411 silly fetch manifest typed-array-buffer@^1.0.3
1412 silly packumentCache full:https://registry.npmjs.org/typed-array-buffer cache-miss
1413 http cache https://registry.npmjs.org/object.assign 7ms (cache hit)
1414 silly packumentCache full:https://registry.npmjs.org/object.assign set size:85907 disposed:false
1415 silly fetch manifest typed-array-byte-length@^1.0.3
1416 silly packumentCache full:https://registry.npmjs.org/typed-array-byte-length cache-miss
1417 http cache https://registry.npmjs.org/regexp.prototype.flags 6ms (cache hit)
1418 silly packumentCache full:https://registry.npmjs.org/regexp.prototype.flags set size:60621 disposed:false
1419 silly fetch manifest typed-array-byte-offset@^1.0.4
1420 silly packumentCache full:https://registry.npmjs.org/typed-array-byte-offset cache-miss
1421 http cache https://registry.npmjs.org/safe-array-concat 7ms (cache hit)
1422 silly packumentCache full:https://registry.npmjs.org/safe-array-concat set size:22426 disposed:false
1423 silly fetch manifest typed-array-length@^1.0.7
1424 silly packumentCache full:https://registry.npmjs.org/typed-array-length cache-miss
1425 http cache https://registry.npmjs.org/set-proto 6ms (cache hit)
1426 silly packumentCache full:https://registry.npmjs.org/set-proto set size:5334 disposed:false
1427 silly fetch manifest unbox-primitive@^1.1.0
1428 silly packumentCache full:https://registry.npmjs.org/unbox-primitive cache-miss
1429 http cache https://registry.npmjs.org/safe-push-apply 7ms (cache hit)
1430 silly packumentCache full:https://registry.npmjs.org/safe-push-apply set size:5759 disposed:false
1431 silly fetch manifest which-typed-array@^1.1.19
1432 silly packumentCache full:https://registry.npmjs.org/which-typed-array cache-miss
1433 http cache https://registry.npmjs.org/stop-iteration-iterator 5ms (cache hit)
1434 silly packumentCache full:https://registry.npmjs.org/stop-iteration-iterator set size:9160 disposed:false
1435 silly fetch manifest has-tostringtag@^1.0.2
1436 silly packumentCache full:https://registry.npmjs.org/has-tostringtag cache-miss
1437 http cache https://registry.npmjs.org/string.prototype.trim 6ms (cache hit)
1438 silly packumentCache full:https://registry.npmjs.org/string.prototype.trim set size:54116 disposed:false
1439 http cache https://registry.npmjs.org/string.prototype.trimstart 6ms (cache hit)
1440 silly packumentCache full:https://registry.npmjs.org/string.prototype.trimstart set size:38291 disposed:false
1441 http cache https://registry.npmjs.org/typed-array-buffer 6ms (cache hit)
1442 silly packumentCache full:https://registry.npmjs.org/typed-array-buffer set size:14045 disposed:false
1443 http cache https://registry.npmjs.org/typed-array-byte-offset 6ms (cache hit)
1444 silly packumentCache full:https://registry.npmjs.org/typed-array-byte-offset set size:21714 disposed:false
1445 http cache https://registry.npmjs.org/typed-array-byte-length 6ms (cache hit)
1446 silly packumentCache full:https://registry.npmjs.org/typed-array-byte-length set size:18382 disposed:false
1447 http cache https://registry.npmjs.org/typed-array-length 5ms (cache hit)
1448 silly packumentCache full:https://registry.npmjs.org/typed-array-length set size:32113 disposed:false
1449 http cache https://registry.npmjs.org/unbox-primitive 5ms (cache hit)
1450 silly packumentCache full:https://registry.npmjs.org/unbox-primitive set size:15669 disposed:false
1451 http cache https://registry.npmjs.org/which-typed-array 5ms (cache hit)
1452 silly packumentCache full:https://registry.npmjs.org/which-typed-array set size:93605 disposed:false
1453 http cache https://registry.npmjs.org/has-tostringtag 4ms (cache hit)
1454 silly packumentCache full:https://registry.npmjs.org/has-tostringtag set size:13945 disposed:false
1455 silly placeDep ROOT es-errors@1.3.0 OK for: array.prototype.findlastindex@1.2.6 want: ^1.3.0
1456 silly placeDep ROOT es-shim-unscopables@1.1.0 OK for: array.prototype.findlastindex@1.2.6 want: ^1.1.0
1457 silly placeDep ROOT call-bind-apply-helpers@1.0.2 OK for: call-bind@1.0.8 want: ^1.0.0
1458 silly placeDep ROOT es-define-property@1.0.1 OK for: call-bind@1.0.8 want: ^1.0.0
1459 silly placeDep ROOT set-function-length@1.2.2 OK for: call-bind@1.0.8 want: ^1.2.2
1460 silly fetch manifest define-data-property@^1.1.4
1461 silly packumentCache full:https://registry.npmjs.org/define-data-property cache-hit
1462 silly fetch manifest gopd@^1.0.1
1463 silly packumentCache full:https://registry.npmjs.org/gopd cache-hit
1464 silly placeDep ROOT function-bind@1.1.2 OK for: call-bind-apply-helpers@1.0.2 want: ^1.1.2
1465 silly placeDep ROOT define-data-property@1.1.4 OK for: define-properties@1.2.1 want: ^1.0.1
1466 silly placeDep ROOT has-property-descriptors@1.0.2 OK for: define-properties@1.2.1 want: ^1.0.0
1467 silly placeDep ROOT object-keys@1.1.1 OK for: define-properties@1.2.1 want: ^1.1.1
1468 silly placeDep ROOT gopd@1.2.0 OK for: define-data-property@1.1.4 want: ^1.0.1
1469 silly placeDep ROOT array-buffer-byte-length@1.0.2 OK for: es-abstract@1.24.1 want: ^1.0.2
1470 silly placeDep ROOT arraybuffer.prototype.slice@1.0.4 OK for: es-abstract@1.24.1 want: ^1.0.4
1471 silly placeDep ROOT available-typed-arrays@1.0.7 OK for: es-abstract@1.24.1 want: ^1.0.7
1472 silly placeDep ROOT data-view-buffer@1.0.2 OK for: es-abstract@1.24.1 want: ^1.0.2
1473 silly placeDep ROOT data-view-byte-length@1.0.2 OK for: es-abstract@1.24.1 want: ^1.0.2
1474 silly placeDep ROOT data-view-byte-offset@1.0.1 OK for: es-abstract@1.24.1 want: ^1.0.1
1475 silly placeDep ROOT es-set-tostringtag@2.1.0 OK for: es-abstract@1.24.1 want: ^2.1.0
1476 silly placeDep ROOT es-to-primitive@1.3.0 OK for: es-abstract@1.24.1 want: ^1.3.0
1477 silly placeDep ROOT function.prototype.name@1.1.8 OK for: es-abstract@1.24.1 want: ^1.1.8
1478 silly placeDep ROOT get-proto@1.0.1 OK for: es-abstract@1.24.1 want: ^1.0.1
1479 silly placeDep ROOT get-symbol-description@1.1.0 OK for: es-abstract@1.24.1 want: ^1.1.0
1480 silly placeDep ROOT globalthis@1.0.4 OK for: es-abstract@1.24.1 want: ^1.0.4
1481 silly placeDep ROOT has-proto@1.2.0 OK for: es-abstract@1.24.1 want: ^1.2.0
1482 silly placeDep ROOT has-symbols@1.1.0 OK for: es-abstract@1.24.1 want: ^1.1.0
1483 silly placeDep ROOT internal-slot@1.1.0 OK for: es-abstract@1.24.1 want: ^1.1.0
1484 silly placeDep ROOT is-array-buffer@3.0.5 OK for: es-abstract@1.24.1 want: ^3.0.5
1485 silly placeDep ROOT is-callable@1.2.7 OK for: es-abstract@1.24.1 want: ^1.2.7
1486 silly placeDep ROOT is-data-view@1.0.2 OK for: es-abstract@1.24.1 want: ^1.0.2
1487 silly placeDep ROOT is-negative-zero@2.0.3 OK for: es-abstract@1.24.1 want: ^2.0.3
1488 silly placeDep ROOT is-regex@1.2.1 OK for: es-abstract@1.24.1 want: ^1.2.1
1489 silly placeDep ROOT is-set@2.0.3 OK for: es-abstract@1.24.1 want: ^2.0.3
1490 silly placeDep ROOT is-shared-array-buffer@1.0.4 OK for: es-abstract@1.24.1 want: ^1.0.4
1491 silly placeDep ROOT is-typed-array@1.1.15 OK for: es-abstract@1.24.1 want: ^1.1.15
1492 silly placeDep ROOT is-weakref@1.1.1 OK for: es-abstract@1.24.1 want: ^1.1.1
1493 silly placeDep ROOT object-inspect@1.13.4 OK for: es-abstract@1.24.1 want: ^1.13.4
1494 silly placeDep ROOT object.assign@4.1.7 OK for: es-abstract@1.24.1 want: ^4.1.7
1495 silly placeDep ROOT own-keys@1.0.1 OK for: es-abstract@1.24.1 want: ^1.0.1
1496 silly placeDep ROOT regexp.prototype.flags@1.5.4 OK for: es-abstract@1.24.1 want: ^1.5.4
1497 silly placeDep ROOT safe-array-concat@1.1.3 OK for: es-abstract@1.24.1 want: ^1.1.3
1498 silly placeDep ROOT safe-push-apply@1.0.0 OK for: es-abstract@1.24.1 want: ^1.0.0
1499 silly placeDep ROOT safe-regex-test@1.1.0 OK for: es-abstract@1.24.1 want: ^1.1.0
1500 silly placeDep ROOT set-proto@1.0.0 OK for: es-abstract@1.24.1 want: ^1.0.0
1501 silly placeDep ROOT stop-iteration-iterator@1.1.0 OK for: es-abstract@1.24.1 want: ^1.1.0
1502 silly placeDep ROOT string.prototype.trim@1.2.10 OK for: es-abstract@1.24.1 want: ^1.2.10
1503 silly placeDep ROOT string.prototype.trimstart@1.0.8 OK for: es-abstract@1.24.1 want: ^1.0.8
1504 silly placeDep ROOT typed-array-buffer@1.0.3 OK for: es-abstract@1.24.1 want: ^1.0.3
1505 silly placeDep ROOT typed-array-byte-length@1.0.3 OK for: es-abstract@1.24.1 want: ^1.0.3
1506 silly placeDep ROOT typed-array-byte-offset@1.0.4 OK for: es-abstract@1.24.1 want: ^1.0.4
1507 silly placeDep ROOT typed-array-length@1.0.7 OK for: es-abstract@1.24.1 want: ^1.0.7
1508 silly placeDep ROOT unbox-primitive@1.1.0 OK for: es-abstract@1.24.1 want: ^1.1.0
1509 silly placeDep ROOT which-typed-array@1.1.20 OK for: es-abstract@1.24.1 want: ^1.1.19
1510 silly fetch manifest is-array-buffer@^3.0.4
1511 silly packumentCache full:https://registry.npmjs.org/is-array-buffer cache-hit
1512 silly fetch manifest possible-typed-array-names@^1.0.0
1513 silly packumentCache full:https://registry.npmjs.org/possible-typed-array-names cache-miss
1514 silly fetch manifest is-data-view@^1.0.1
1515 silly packumentCache full:https://registry.npmjs.org/is-data-view cache-hit
1516 silly fetch manifest is-date-object@^1.0.5
1517 silly packumentCache full:https://registry.npmjs.org/is-date-object cache-miss
1518 silly fetch manifest is-symbol@^1.0.4
1519 silly packumentCache full:https://registry.npmjs.org/is-symbol cache-miss
1520 silly fetch manifest functions-have-names@^1.2.3
1521 silly packumentCache full:https://registry.npmjs.org/functions-have-names cache-miss
1522 silly fetch manifest dunder-proto@^1.0.1
1523 silly packumentCache full:https://registry.npmjs.org/dunder-proto cache-miss
1524 silly fetch manifest dunder-proto@^1.0.0
1525 silly packumentCache full:https://registry.npmjs.org/dunder-proto cache-miss
1526 silly fetch manifest side-channel@^1.1.0
1527 silly packumentCache full:https://registry.npmjs.org/side-channel cache-miss
1528 silly fetch manifest is-typed-array@^1.1.13
1529 silly packumentCache full:https://registry.npmjs.org/is-typed-array cache-hit
1530 silly fetch manifest which-typed-array@^1.1.16
1531 silly packumentCache full:https://registry.npmjs.org/which-typed-array cache-hit
1532 silly fetch manifest set-function-name@^2.0.2
1533 silly packumentCache full:https://registry.npmjs.org/set-function-name cache-miss
1534 silly fetch manifest isarray@^2.0.5
1535 silly packumentCache full:https://registry.npmjs.org/isarray cache-miss
1536 http cache https://registry.npmjs.org/is-date-object 5ms (cache hit)
1537 silly packumentCache full:https://registry.npmjs.org/is-date-object set size:25050 disposed:false
1538 silly fetch manifest isarray@^2.0.5
1539 silly packumentCache full:https://registry.npmjs.org/isarray cache-miss
1540 http cache https://registry.npmjs.org/is-symbol 5ms (cache hit)
1541 silly packumentCache full:https://registry.npmjs.org/is-symbol set size:22675 disposed:false
1542 silly fetch manifest dunder-proto@^1.0.1
1543 silly packumentCache full:https://registry.npmjs.org/dunder-proto cache-miss
1544 http cache https://registry.npmjs.org/dunder-proto 4ms (cache hit)
1545 silly packumentCache full:https://registry.npmjs.org/dunder-proto set size:8256 disposed:false
1546 silly fetch manifest for-each@^0.3.3
1547 silly packumentCache full:https://registry.npmjs.org/for-each cache-miss
1548 http cache https://registry.npmjs.org/side-channel 4ms (cache hit)
1549 silly packumentCache full:https://registry.npmjs.org/side-channel set size:24660 disposed:false
1550 silly fetch manifest for-each@^0.3.3
1551 silly packumentCache full:https://registry.npmjs.org/for-each cache-miss
1552 http cache https://registry.npmjs.org/possible-typed-array-names 6ms (cache hit)
1553 silly packumentCache full:https://registry.npmjs.org/possible-typed-array-names set size:9167 disposed:false
1554 silly fetch manifest reflect.getprototypeof@^1.0.9
1555 silly packumentCache full:https://registry.npmjs.org/reflect.getprototypeof cache-miss
1556 http cache https://registry.npmjs.org/functions-have-names 6ms (cache hit)
1557 silly packumentCache full:https://registry.npmjs.org/functions-have-names set size:24196 disposed:false
1558 silly fetch manifest for-each@^0.3.3
1559 silly packumentCache full:https://registry.npmjs.org/for-each cache-miss
1560 http cache https://registry.npmjs.org/set-function-name 5ms (cache hit)
1561 silly packumentCache full:https://registry.npmjs.org/set-function-name set size:13766 disposed:false
1562 silly fetch manifest reflect.getprototypeof@^1.0.6
1563 silly packumentCache full:https://registry.npmjs.org/reflect.getprototypeof cache-miss
1564 http cache https://registry.npmjs.org/isarray 6ms (cache hit)
1565 silly packumentCache full:https://registry.npmjs.org/isarray set size:17392 disposed:false
1566 silly fetch manifest has-bigints@^1.0.2
1567 silly packumentCache full:https://registry.npmjs.org/has-bigints cache-miss
1568 http cache https://registry.npmjs.org/dunder-proto 6ms (cache hit)
1569 silly packumentCache full:https://registry.npmjs.org/dunder-proto set size:8256 disposed:false
1570 silly packumentCache full:https://registry.npmjs.org/dunder-proto dispose
1571 silly fetch manifest which-boxed-primitive@^1.1.1
1572 silly packumentCache full:https://registry.npmjs.org/which-boxed-primitive cache-miss
1573 http cache https://registry.npmjs.org/dunder-proto 3ms (cache hit)
1574 silly packumentCache full:https://registry.npmjs.org/dunder-proto set size:8256 disposed:true
1575 silly packumentCache full:https://registry.npmjs.org/dunder-proto dispose
1576 silly fetch manifest for-each@^0.3.5
1577 silly packumentCache full:https://registry.npmjs.org/for-each cache-miss
1578 http cache https://registry.npmjs.org/isarray 3ms (cache hit)
1579 silly packumentCache full:https://registry.npmjs.org/isarray set size:17392 disposed:false
1580 silly packumentCache full:https://registry.npmjs.org/isarray dispose
1581 http cache https://registry.npmjs.org/for-each 3ms (cache hit)
1582 silly packumentCache full:https://registry.npmjs.org/for-each set size:14327 disposed:false
1583 http cache https://registry.npmjs.org/reflect.getprototypeof 3ms (cache hit)
1584 silly packumentCache full:https://registry.npmjs.org/reflect.getprototypeof set size:44083 disposed:false
1585 http cache https://registry.npmjs.org/for-each 3ms (cache hit)
1586 silly packumentCache full:https://registry.npmjs.org/for-each set size:14327 disposed:false
1587 silly packumentCache full:https://registry.npmjs.org/for-each dispose
1588 http cache https://registry.npmjs.org/for-each 4ms (cache hit)
1589 silly packumentCache full:https://registry.npmjs.org/for-each set size:14327 disposed:true
1590 silly packumentCache full:https://registry.npmjs.org/for-each dispose
1591 http cache https://registry.npmjs.org/reflect.getprototypeof 2ms (cache hit)
1592 silly packumentCache full:https://registry.npmjs.org/reflect.getprototypeof set size:44083 disposed:false
1593 silly packumentCache full:https://registry.npmjs.org/reflect.getprototypeof dispose
1594 http cache https://registry.npmjs.org/has-bigints 3ms (cache hit)
1595 silly packumentCache full:https://registry.npmjs.org/has-bigints set size:14176 disposed:false
1596 http cache https://registry.npmjs.org/for-each 2ms (cache hit)
1597 silly packumentCache full:https://registry.npmjs.org/for-each set size:14327 disposed:true
1598 silly packumentCache full:https://registry.npmjs.org/for-each dispose
1599 http cache https://registry.npmjs.org/which-boxed-primitive 3ms (cache hit)
1600 silly packumentCache full:https://registry.npmjs.org/which-boxed-primitive set size:19407 disposed:false
1601 silly placeDep ROOT possible-typed-array-names@1.1.0 OK for: available-typed-arrays@1.0.7 want: ^1.0.0
1602 silly placeDep ROOT has-tostringtag@1.0.2 OK for: es-set-tostringtag@2.1.0 want: ^1.0.2
1603 silly placeDep ROOT is-date-object@1.1.0 OK for: es-to-primitive@1.3.0 want: ^1.0.5
1604 silly placeDep ROOT is-symbol@1.1.1 OK for: es-to-primitive@1.3.0 want: ^1.0.4
1605 silly placeDep node_modules/eslint-module-utils debug@3.2.7 OK for: eslint-module-utils@2.12.1 want: ^3.2.7
1606 silly placeDep ROOT aria-query@5.3.2 OK for: eslint-plugin-jsx-a11y@6.10.2 want: ^5.3.2
1607 silly placeDep ROOT ast-types-flow@0.0.8 OK for: eslint-plugin-jsx-a11y@6.10.2 want: ^0.0.8
1608 silly placeDep ROOT axe-core@4.11.1 OK for: eslint-plugin-jsx-a11y@6.10.2 want: ^4.10.0
1609 silly placeDep ROOT axobject-query@4.1.0 OK for: eslint-plugin-jsx-a11y@6.10.2 want: ^4.1.0
1610 silly placeDep ROOT damerau-levenshtein@1.0.8 OK for: eslint-plugin-jsx-a11y@6.10.2 want: ^1.0.8
1611 silly placeDep ROOT emoji-regex@9.2.2 OK for: eslint-plugin-jsx-a11y@6.10.2 want: ^9.2.2
1612 silly placeDep ROOT jsx-ast-utils@3.3.5 OK for: eslint-plugin-jsx-a11y@6.10.2 want: ^3.3.5
1613 silly placeDep ROOT language-tags@1.0.9 OK for: eslint-plugin-jsx-a11y@6.10.2 want: ^1.0.9
1614 silly placeDep ROOT string.prototype.includes@2.0.1 OK for: eslint-plugin-jsx-a11y@6.10.2 want: ^2.0.1
1615 silly fetch manifest language-subtag-registry@^0.3.20
1616 silly packumentCache full:https://registry.npmjs.org/language-subtag-registry cache-miss
1617 http cache https://registry.npmjs.org/language-subtag-registry 1ms (cache hit)
1618 silly packumentCache full:https://registry.npmjs.org/language-subtag-registry set size:46437 disposed:false
1619 silly placeDep ROOT array.prototype.findlast@1.2.5 OK for: eslint-plugin-react@7.37.5 want: ^1.2.5
1620 silly placeDep ROOT array.prototype.tosorted@1.1.4 OK for: eslint-plugin-react@7.37.5 want: ^1.1.4
1621 silly placeDep node_modules/eslint-plugin-react doctrine@2.1.0 OK for: eslint-plugin-react@7.37.5 want: ^2.1.0
1622 silly placeDep ROOT es-iterator-helpers@1.3.1 OK for: eslint-plugin-react@7.37.5 want: ^1.2.1
1623 silly placeDep ROOT estraverse@5.3.0 OK for: eslint-plugin-react@7.37.5 want: ^5.3.0
1624 silly placeDep ROOT object.entries@1.1.9 OK for: eslint-plugin-react@7.37.5 want: ^1.1.9
1625 silly placeDep ROOT prop-types@15.8.1 OK for: eslint-plugin-react@7.37.5 want: ^15.8.1
1626 silly placeDep node_modules/eslint-plugin-react resolve@2.0.0-next.6 OK for: eslint-plugin-react@7.37.5 want: ^2.0.0-next.5
1627 silly placeDep node_modules/eslint-plugin-react semver@6.3.1 OK for: eslint-plugin-react@7.37.5 want: ^6.3.1
1628 silly placeDep ROOT string.prototype.matchall@4.0.12 OK for: eslint-plugin-react@7.37.5 want: ^4.0.12
1629 silly placeDep ROOT string.prototype.repeat@1.0.0 OK for: eslint-plugin-react@7.37.5 want: ^1.0.0
1630 silly fetch manifest iterator.prototype@^1.1.5
1631 silly packumentCache full:https://registry.npmjs.org/iterator.prototype cache-miss
1632 silly fetch manifest loose-envify@^1.4.0
1633 silly packumentCache full:https://registry.npmjs.org/loose-envify cache-hit
1634 silly fetch manifest object-assign@^4.1.1
1635 silly packumentCache full:https://registry.npmjs.org/object-assign cache-miss
1636 silly fetch manifest react-is@^16.13.1
1637 silly packumentCache full:https://registry.npmjs.org/react-is cache-miss
1638 silly fetch manifest node-exports-info@^1.6.0
1639 silly packumentCache full:https://registry.npmjs.org/node-exports-info cache-miss
1640 http cache https://registry.npmjs.org/iterator.prototype 2ms (cache hit)
1641 silly packumentCache full:https://registry.npmjs.org/iterator.prototype set size:26870 disposed:false
1642 http cache https://registry.npmjs.org/node-exports-info 2ms (cache hit)
1643 silly packumentCache full:https://registry.npmjs.org/node-exports-info set size:58723 disposed:false
1644 http cache https://registry.npmjs.org/object-assign 3ms (cache hit)
1645 silly packumentCache full:https://registry.npmjs.org/object-assign set size:28988 disposed:false
1646 http cache https://registry.npmjs.org/react-is 6ms (cache hit)
1647 silly packumentCache full:https://registry.npmjs.org/react-is set size:5297550 disposed:false
1648 silly placeDep ROOT iterator.prototype@1.1.5 OK for: es-iterator-helpers@1.3.1 want: ^1.1.5
1649 silly placeDep ROOT esrecurse@4.3.0 OK for: eslint-scope@7.2.2 want: ^4.3.0
1650 silly placeDep ROOT acorn@8.16.0 OK for: espree@9.6.1 want: ^8.9.0
1651 silly placeDep ROOT acorn-jsx@5.3.2 OK for: espree@9.6.1 want: ^5.3.2
1652 silly placeDep ROOT reusify@1.1.0 OK for: fastq@1.20.1 want: ^1.0.4
1653 silly placeDep ROOT flat-cache@3.2.0 OK for: file-entry-cache@6.0.1 want: ^3.0.4
1654 silly fetch manifest keyv@^4.5.3
1655 silly packumentCache full:https://registry.npmjs.org/keyv cache-miss
1656 silly fetch manifest rimraf@^3.0.2
1657 silly packumentCache full:https://registry.npmjs.org/rimraf cache-miss
1658 silly fetch manifest flatted@^3.2.9
1659 silly packumentCache full:https://registry.npmjs.org/flatted cache-miss
1660 http cache https://registry.npmjs.org/flatted 2ms (cache hit)
1661 silly packumentCache full:https://registry.npmjs.org/flatted set size:134503 disposed:false
1662 http cache https://registry.npmjs.org/keyv 2ms (cache hit)
1663 silly packumentCache full:https://registry.npmjs.org/keyv set size:213163 disposed:false
1664 http cache https://registry.npmjs.org/rimraf 3ms (cache hit)
1665 silly packumentCache full:https://registry.npmjs.org/rimraf set size:212644 disposed:false
1666 silly placeDep ROOT locate-path@6.0.0 OK for: find-up@5.0.0 want: ^6.0.0
1667 silly placeDep ROOT path-exists@4.0.0 OK for: find-up@5.0.0 want: ^4.0.0
1668 silly fetch manifest p-locate@^5.0.0
1669 silly packumentCache full:https://registry.npmjs.org/p-locate cache-miss
1670 http cache https://registry.npmjs.org/p-locate 0ms (cache hit)
1671 silly packumentCache full:https://registry.npmjs.org/p-locate set size:22488 disposed:false
1672 silly placeDep ROOT flatted@3.4.1 OK for: flat-cache@3.2.0 want: ^3.2.9
1673 silly placeDep ROOT keyv@4.5.4 OK for: flat-cache@3.2.0 want: ^4.5.3
1674 silly placeDep ROOT rimraf@3.0.2 OK for: flat-cache@3.2.0 want: ^3.0.2
1675 silly fetch manifest json-buffer@3.0.1
1676 silly packumentCache full:https://registry.npmjs.org/json-buffer cache-miss
1677 silly fetch manifest glob@^7.1.3
1678 silly packumentCache full:https://registry.npmjs.org/glob cache-hit
1679 http cache https://registry.npmjs.org/json-buffer 1ms (cache hit)
1680 silly packumentCache full:https://registry.npmjs.org/json-buffer set size:23474 disposed:false
1681 silly placeDep ROOT functions-have-names@1.2.3 OK for: function.prototype.name@1.1.8 want: ^1.2.3
1682 silly placeDep ROOT dunder-proto@1.0.1 OK for: get-proto@1.0.1 want: ^1.0.1
1683 silly placeDep ROOT resolve-pkg-maps@1.0.0 OK for: get-tsconfig@4.13.6 want: ^1.0.0
1684 silly placeDep ROOT foreground-child@3.3.1 OK for: glob@10.3.10 want: ^3.1.0
1685 silly placeDep ROOT jackspeak@2.3.6 OK for: glob@10.3.10 want: ^2.3.5
1686 silly placeDep node_modules/glob minimatch@9.0.9 OK for: glob@10.3.10 want: ^9.0.1
1687 silly placeDep ROOT minipass@7.1.3 OK for: glob@10.3.10 want: ^5.0.0 || ^6.0.2 || ^7.0.0
1688 silly placeDep ROOT path-scurry@1.11.1 OK for: glob@10.3.10 want: ^1.10.1
1689 silly fetch manifest signal-exit@^4.0.1
1690 silly packumentCache full:https://registry.npmjs.org/signal-exit cache-miss
1691 silly fetch manifest @isaacs/cliui@^8.0.2
1692 silly packumentCache full:https://registry.npmjs.org/@isaacs%2fcliui cache-miss
1693 silly fetch manifest @pkgjs/parseargs@^0.11.0
1694 silly packumentCache full:https://registry.npmjs.org/@pkgjs%2fparseargs cache-miss
1695 silly fetch manifest brace-expansion@^2.0.2
1696 silly packumentCache full:https://registry.npmjs.org/brace-expansion cache-hit
1697 silly fetch manifest lru-cache@^10.2.0
1698 silly packumentCache full:https://registry.npmjs.org/lru-cache cache-miss
1699 http cache https://registry.npmjs.org/@pkgjs%2fparseargs 2ms (cache hit)
1700 silly packumentCache full:https://registry.npmjs.org/@pkgjs%2fparseargs set size:51085 disposed:false
1701 http cache https://registry.npmjs.org/signal-exit 2ms (cache hit)
1702 silly packumentCache full:https://registry.npmjs.org/signal-exit set size:53489 disposed:false
1703 http cache https://registry.npmjs.org/lru-cache 1ms (cache hit)
1704 silly packumentCache full:https://registry.npmjs.org/lru-cache set size:416454 disposed:false
1705 http cache https://registry.npmjs.org/@isaacs%2fcliui 4ms (cache hit)
1706 silly packumentCache full:https://registry.npmjs.org/@isaacs%2fcliui set size:12263 disposed:false
1707 silly placeDep ROOT signal-exit@4.1.0 OK for: foreground-child@3.3.1 want: ^4.0.1
1708 silly placeDep ROOT type-fest@0.20.2 OK for: globals@13.24.0 want: ^0.20.2
1709 silly placeDep ROOT array-union@2.1.0 OK for: globby@11.1.0 want: ^2.1.0
1710 silly placeDep ROOT dir-glob@3.0.1 OK for: globby@11.1.0 want: ^3.0.1
1711 silly placeDep ROOT fast-glob@3.3.3 OK for: globby@11.1.0 want: ^3.2.9
1712 silly placeDep ROOT merge2@1.4.1 OK for: globby@11.1.0 want: ^1.4.1
1713 silly placeDep ROOT slash@3.0.0 OK for: globby@11.1.0 want: ^3.0.0
1714 silly fetch manifest path-type@^4.0.0
1715 silly packumentCache full:https://registry.npmjs.org/path-type cache-miss
1716 silly fetch manifest glob-parent@^5.1.2
1717 silly packumentCache full:https://registry.npmjs.org/glob-parent cache-hit
1718 silly fetch manifest merge2@^1.3.0
1719 silly packumentCache full:https://registry.npmjs.org/merge2 cache-hit
1720 http cache https://registry.npmjs.org/path-type 1ms (cache hit)
1721 silly packumentCache full:https://registry.npmjs.org/path-type set size:15341 disposed:false
1722 silly placeDep ROOT path-type@4.0.0 OK for: dir-glob@3.0.1 want: ^4.0.0
1723 silly placeDep node_modules/fast-glob glob-parent@5.1.2 OK for: fast-glob@3.3.3 want: ^5.1.2
1724 silly placeDep ROOT micromatch@4.0.8 OK for: fast-glob@3.3.3 want: ^4.0.8
1725 silly fetch manifest braces@^3.0.3
1726 silly packumentCache full:https://registry.npmjs.org/braces cache-miss
1727 silly fetch manifest picomatch@^2.3.1
1728 silly packumentCache full:https://registry.npmjs.org/picomatch cache-hit
1729 http cache https://registry.npmjs.org/braces 1ms (cache hit)
1730 silly packumentCache full:https://registry.npmjs.org/braces set size:114529 disposed:false
1731 silly placeDep ROOT parent-module@1.0.1 OK for: import-fresh@3.3.1 want: ^1.0.0
1732 silly placeDep ROOT resolve-from@4.0.0 OK for: import-fresh@3.3.1 want: ^4.0.0
1733 silly fetch manifest callsites@^3.0.0
1734 silly packumentCache full:https://registry.npmjs.org/callsites cache-miss
1735 http cache https://registry.npmjs.org/callsites 1ms (cache hit)
1736 silly packumentCache full:https://registry.npmjs.org/callsites set size:21349 disposed:false
1737 silly placeDep ROOT side-channel@1.1.0 OK for: internal-slot@1.1.0 want: ^1.1.0
1738 silly fetch manifest side-channel-list@^1.0.0
1739 silly packumentCache full:https://registry.npmjs.org/side-channel-list cache-miss
1740 silly fetch manifest side-channel-map@^1.0.1
1741 silly packumentCache full:https://registry.npmjs.org/side-channel-map cache-miss
1742 silly fetch manifest side-channel-weakmap@^1.0.2
1743 silly packumentCache full:https://registry.npmjs.org/side-channel-weakmap cache-miss
1744 http cache https://registry.npmjs.org/side-channel-list 1ms (cache hit)
1745 silly packumentCache full:https://registry.npmjs.org/side-channel-list set size:6005 disposed:false
1746 http cache https://registry.npmjs.org/side-channel-map 1ms (cache hit)
1747 silly packumentCache full:https://registry.npmjs.org/side-channel-map set size:9126 disposed:false
1748 http cache https://registry.npmjs.org/side-channel-weakmap 2ms (cache hit)
1749 silly packumentCache full:https://registry.npmjs.org/side-channel-weakmap set size:12620 disposed:false
1750 silly placeDep ROOT is-extglob@2.1.1 OK for: is-glob@4.0.3 want: ^2.1.1
1751 silly placeDep ROOT set-function-name@2.0.2 OK for: iterator.prototype@1.1.5 want: ^2.0.2
1752 silly placeDep ROOT @isaacs/cliui@8.0.2 OK for: jackspeak@2.3.6 want: ^8.0.2
1753 silly placeDep ROOT @pkgjs/parseargs@0.11.0 OK for: jackspeak@2.3.6 want: ^0.11.0
1754 silly fetch manifest wrap-ansi@^8.1.0
1755 silly packumentCache full:https://registry.npmjs.org/wrap-ansi cache-miss
1756 silly fetch manifest strip-ansi@^7.0.1
1757 silly packumentCache full:https://registry.npmjs.org/strip-ansi cache-hit
1758 silly fetch manifest string-width@^5.1.2
1759 silly packumentCache full:https://registry.npmjs.org/string-width cache-miss
1760 silly fetch manifest wrap-ansi-cjs@npm:wrap-ansi@^7.0.0
1761 silly packumentCache full:https://registry.npmjs.org/wrap-ansi cache-miss
1762 silly fetch manifest strip-ansi-cjs@npm:strip-ansi@^6.0.1
1763 silly packumentCache full:https://registry.npmjs.org/strip-ansi cache-hit
1764 silly fetch manifest string-width-cjs@npm:string-width@^4.2.0
1765 silly packumentCache full:https://registry.npmjs.org/string-width cache-miss
1766 http cache https://registry.npmjs.org/wrap-ansi 2ms (cache hit)
1767 silly packumentCache full:https://registry.npmjs.org/wrap-ansi set size:55299 disposed:false
1768 http cache https://registry.npmjs.org/string-width 3ms (cache hit)
1769 silly packumentCache full:https://registry.npmjs.org/string-width set size:68305 disposed:false
1770 http cache https://registry.npmjs.org/wrap-ansi 3ms (cache hit)
1771 silly packumentCache full:https://registry.npmjs.org/wrap-ansi set size:55299 disposed:false
1772 silly packumentCache full:https://registry.npmjs.org/wrap-ansi dispose
1773 http cache https://registry.npmjs.org/string-width 3ms (cache hit)
1774 silly packumentCache full:https://registry.npmjs.org/string-width set size:68305 disposed:false
1775 silly packumentCache full:https://registry.npmjs.org/string-width dispose
1776 silly placeDep ROOT string-width@5.1.2 OK for: @isaacs/cliui@8.0.2 want: ^5.1.2
1777 silly placeDep ROOT string-width-cjs@4.2.3 OK for: @isaacs/cliui@8.0.2 want: npm:string-width@^4.2.0
1778 silly placeDep node_modules/@isaacs/cliui strip-ansi@7.2.0 OK for: @isaacs/cliui@8.0.2 want: ^7.0.1
1779 silly placeDep ROOT strip-ansi-cjs@6.0.1 OK for: @isaacs/cliui@8.0.2 want: npm:strip-ansi@^6.0.1
1780 silly placeDep ROOT wrap-ansi@8.1.0 OK for: @isaacs/cliui@8.0.2 want: ^8.1.0
1781 silly placeDep ROOT wrap-ansi-cjs@7.0.0 OK for: @isaacs/cliui@8.0.2 want: npm:wrap-ansi@^7.0.0
1782 silly fetch manifest eastasianwidth@^0.2.0
1783 silly packumentCache full:https://registry.npmjs.org/eastasianwidth cache-miss
1784 silly fetch manifest emoji-regex@^8.0.0
1785 silly packumentCache full:https://registry.npmjs.org/emoji-regex cache-hit
1786 silly fetch manifest is-fullwidth-code-point@^3.0.0
1787 silly packumentCache full:https://registry.npmjs.org/is-fullwidth-code-point cache-miss
1788 silly fetch manifest ansi-regex@^6.2.2
1789 silly packumentCache full:https://registry.npmjs.org/ansi-regex cache-hit
1790 silly fetch manifest ansi-styles@^6.1.0
1791 silly packumentCache full:https://registry.npmjs.org/ansi-styles cache-hit
1792 silly fetch manifest string-width@^4.1.0
1793 silly packumentCache full:https://registry.npmjs.org/string-width cache-hit
1794 http cache https://registry.npmjs.org/eastasianwidth 2ms (cache hit)
1795 silly packumentCache full:https://registry.npmjs.org/eastasianwidth set size:7890 disposed:false
1796 http cache https://registry.npmjs.org/is-fullwidth-code-point 2ms (cache hit)
1797 silly packumentCache full:https://registry.npmjs.org/is-fullwidth-code-point set size:14578 disposed:false
1798 silly placeDep ROOT argparse@2.0.1 OK for: js-yaml@4.1.1 want: ^2.0.1
1799 silly placeDep ROOT json-buffer@3.0.1 OK for: keyv@4.5.4 want: 3.0.1
1800 silly placeDep ROOT language-subtag-registry@0.3.23 OK for: language-tags@1.0.9 want: ^0.3.20
1801 silly placeDep ROOT prelude-ls@1.2.1 OK for: levn@0.4.1 want: ^1.2.1
1802 silly placeDep ROOT type-check@0.4.0 OK for: levn@0.4.1 want: ~0.4.0
1803 silly placeDep ROOT p-locate@5.0.0 OK for: locate-path@6.0.0 want: ^5.0.0
1804 silly fetch manifest p-limit@^3.0.2
1805 silly packumentCache full:https://registry.npmjs.org/p-limit cache-miss
1806 http cache https://registry.npmjs.org/p-limit 1ms (cache hit)
1807 silly packumentCache full:https://registry.npmjs.org/p-limit set size:61867 disposed:false
1808 silly placeDep ROOT braces@3.0.3 OK for: micromatch@4.0.8 want: ^3.0.3
1809 silly placeDep ROOT picomatch@2.3.1 OK for: micromatch@4.0.8 want: ^2.3.1
1810 silly fetch manifest fill-range@^7.1.1
1811 silly packumentCache full:https://registry.npmjs.org/fill-range cache-miss
1812 http cache https://registry.npmjs.org/fill-range 1ms (cache hit)
1813 silly packumentCache full:https://registry.npmjs.org/fill-range set size:90212 disposed:false
1814 silly placeDep ROOT fill-range@7.1.1 OK for: braces@3.0.3 want: ^7.1.1
1815 silly fetch manifest to-regex-range@^5.0.1
1816 silly packumentCache full:https://registry.npmjs.org/to-regex-range cache-miss
1817 http cache https://registry.npmjs.org/to-regex-range 1ms (cache hit)
1818 silly packumentCache full:https://registry.npmjs.org/to-regex-range set size:61569 disposed:false
1819 silly placeDep ROOT to-regex-range@5.0.1 OK for: fill-range@7.1.1 want: ^5.0.1
1820 silly fetch manifest is-number@^7.0.0
1821 silly packumentCache full:https://registry.npmjs.org/is-number cache-miss
1822 http cache https://registry.npmjs.org/is-number 1ms (cache hit)
1823 silly packumentCache full:https://registry.npmjs.org/is-number set size:36183 disposed:false
1824 silly placeDep ROOT brace-expansion@1.1.12 OK for: minimatch@3.1.5 want: ^1.1.7
1825 silly fetch manifest concat-map@0.0.1
1826 silly packumentCache full:https://registry.npmjs.org/concat-map cache-miss
1827 silly fetch manifest balanced-match@^1.0.0
1828 silly packumentCache full:https://registry.npmjs.org/balanced-match cache-miss
1829 http cache https://registry.npmjs.org/concat-map 4ms (cache hit)
1830 silly packumentCache full:https://registry.npmjs.org/concat-map set size:9290 disposed:false
1831 http cache https://registry.npmjs.org/balanced-match 5ms (cache hit)
1832 silly packumentCache full:https://registry.npmjs.org/balanced-match set size:39082 disposed:false
1833 silly placeDep ROOT balanced-match@1.0.2 OK for: brace-expansion@1.1.12 want: ^1.0.0
1834 silly placeDep ROOT concat-map@0.0.1 OK for: brace-expansion@1.1.12 want: 0.0.1
1835 silly fetch manifest react@^18.2.0
1836 silly packumentCache full:https://registry.npmjs.org/react cache-miss
1837 http cache https://registry.npmjs.org/react 5ms (cache hit)
1838 silly packumentCache full:https://registry.npmjs.org/react set size:6543561 disposed:false
1839 silly placeDep ROOT @next/env@14.2.5 OK for: next@14.2.5 want: 14.2.5
1840 silly placeDep ROOT @next/swc-darwin-arm64@14.2.5 OK for: next@14.2.5 want: 14.2.5
1841 silly placeDep ROOT @next/swc-darwin-x64@14.2.5 OK for: next@14.2.5 want: 14.2.5
1842 silly placeDep ROOT @next/swc-linux-arm64-gnu@14.2.5 OK for: next@14.2.5 want: 14.2.5
1843 silly placeDep ROOT @next/swc-linux-arm64-musl@14.2.5 OK for: next@14.2.5 want: 14.2.5
1844 silly placeDep ROOT @next/swc-linux-x64-gnu@14.2.5 OK for: next@14.2.5 want: 14.2.5
1845 silly placeDep ROOT @next/swc-linux-x64-musl@14.2.5 OK for: next@14.2.5 want: 14.2.5
1846 silly placeDep ROOT @next/swc-win32-arm64-msvc@14.2.5 OK for: next@14.2.5 want: 14.2.5
1847 silly placeDep ROOT @next/swc-win32-ia32-msvc@14.2.5 OK for: next@14.2.5 want: 14.2.5
1848 silly placeDep ROOT @next/swc-win32-x64-msvc@14.2.5 OK for: next@14.2.5 want: 14.2.5
1849 silly placeDep ROOT @swc/helpers@0.5.5 OK for: next@14.2.5 want: 0.5.5
1850 silly placeDep ROOT busboy@1.6.0 OK for: next@14.2.5 want: 1.6.0
1851 silly placeDep ROOT caniuse-lite@1.0.30001779 OK for: next@14.2.5 want: ^1.0.30001579
1852 silly placeDep ROOT graceful-fs@4.2.11 OK for: next@14.2.5 want: ^4.2.11
1853 silly placeDep node_modules/next postcss@8.4.31 OK for: next@14.2.5 want: 8.4.31
1854 silly placeDep ROOT styled-jsx@5.1.1 OK for: next@14.2.5 want: 5.1.1
1855 silly fetch manifest tslib@^2.4.0
1856 silly packumentCache full:https://registry.npmjs.org/tslib cache-miss
1857 silly fetch manifest @swc/counter@^0.1.3
1858 silly packumentCache full:https://registry.npmjs.org/@swc%2fcounter cache-miss
1859 silly fetch manifest streamsearch@^1.1.0
1860 silly packumentCache full:https://registry.npmjs.org/streamsearch cache-miss
1861 silly fetch manifest nanoid@^3.3.6
1862 silly packumentCache full:https://registry.npmjs.org/nanoid cache-hit
1863 silly fetch manifest picocolors@^1.0.0
1864 silly packumentCache full:https://registry.npmjs.org/picocolors cache-hit
1865 silly fetch manifest source-map-js@^1.0.2
1866 silly packumentCache full:https://registry.npmjs.org/source-map-js cache-hit
1867 silly fetch manifest client-only@0.0.1
1868 silly packumentCache full:https://registry.npmjs.org/client-only cache-miss
1869 http cache https://registry.npmjs.org/@swc%2fcounter 5ms (cache hit)
1870 silly packumentCache full:https://registry.npmjs.org/@swc%2fcounter set size:7199 disposed:false
1871 http cache https://registry.npmjs.org/tslib 8ms (cache hit)
1872 silly packumentCache full:https://registry.npmjs.org/tslib set size:108760 disposed:false
1873 http cache https://registry.npmjs.org/client-only 8ms (cache hit)
1874 silly packumentCache full:https://registry.npmjs.org/client-only set size:2750 disposed:false
1875 http cache https://registry.npmjs.org/streamsearch 9ms (cache hit)
1876 silly packumentCache full:https://registry.npmjs.org/streamsearch set size:27372 disposed:false
1877 silly placeDep ROOT @swc/counter@0.1.3 OK for: @swc/helpers@0.5.5 want: ^0.1.3
1878 silly placeDep ROOT tslib@2.8.1 OK for: @swc/helpers@0.5.5 want: ^2.4.0
1879 silly placeDep ROOT streamsearch@1.1.0 OK for: busboy@1.6.0 want: ^1.1.0
1880 silly placeDep ROOT deep-is@0.1.4 OK for: optionator@0.9.4 want: ^0.1.3
1881 silly placeDep ROOT fast-levenshtein@2.0.6 OK for: optionator@0.9.4 want: ^2.0.6
1882 silly placeDep ROOT word-wrap@1.2.5 OK for: optionator@0.9.4 want: ^1.2.5
1883 silly placeDep ROOT p-limit@3.1.0 OK for: p-locate@5.0.0 want: ^3.0.2
1884 silly fetch manifest yocto-queue@^0.1.0
1885 silly packumentCache full:https://registry.npmjs.org/yocto-queue cache-miss
1886 http cache https://registry.npmjs.org/yocto-queue 1ms (cache hit)
1887 silly packumentCache full:https://registry.npmjs.org/yocto-queue set size:20256 disposed:false
1888 silly placeDep ROOT yocto-queue@0.1.0 OK for: p-limit@3.1.0 want: ^0.1.0
1889 silly placeDep ROOT callsites@3.1.0 OK for: parent-module@1.0.1 want: ^3.0.0
1890 silly placeDep ROOT lru-cache@10.4.3 OK for: path-scurry@1.11.1 want: ^10.2.0
1891 silly placeDep ROOT nanoid@3.3.11 OK for: postcss@8.5.8 want: ^3.3.11
1892 silly placeDep ROOT picocolors@1.1.1 OK for: postcss@8.5.8 want: ^1.1.1
1893 silly placeDep ROOT source-map-js@1.2.1 OK for: postcss@8.5.8 want: ^1.2.1
1894 silly placeDep ROOT loose-envify@1.4.0 OK for: prop-types@15.8.1 want: ^1.4.0
1895 silly placeDep ROOT object-assign@4.1.1 OK for: prop-types@15.8.1 want: ^4.1.1
1896 silly placeDep node_modules/prop-types react-is@16.13.1 OK for: prop-types@15.8.1 want: ^16.13.1
1897 silly fetch manifest js-tokens@^3.0.0 || ^4.0.0
1898 silly packumentCache full:https://registry.npmjs.org/js-tokens cache-miss
1899 http cache https://registry.npmjs.org/js-tokens 2ms (cache hit)
1900 silly packumentCache full:https://registry.npmjs.org/js-tokens set size:41947 disposed:false
1901 silly placeDep ROOT js-tokens@4.0.0 OK for: loose-envify@1.4.0 want: ^3.0.0 || ^4.0.0
1902 silly placeDep ROOT scheduler@0.23.2 OK for: react-dom@18.3.1 want: ^0.23.2
1903 silly placeDep ROOT path-parse@1.0.7 OK for: resolve@1.22.11 want: ^1.0.7
1904 silly placeDep ROOT supports-preserve-symlinks-flag@1.0.0 OK for: resolve@1.22.11 want: ^1.0.0
1905 silly placeDep node_modules/rimraf glob@7.2.3 OK for: rimraf@3.0.2 want: ^7.1.3
1906 silly fetch manifest once@^1.3.0
1907 silly packumentCache full:https://registry.npmjs.org/once cache-miss
1908 silly fetch manifest inflight@^1.0.4
1909 silly packumentCache full:https://registry.npmjs.org/inflight cache-miss
1910 silly fetch manifest inherits@2
1911 silly packumentCache full:https://registry.npmjs.org/inherits cache-miss
1912 silly fetch manifest fs.realpath@^1.0.0
1913 silly packumentCache full:https://registry.npmjs.org/fs.realpath cache-miss
1914 silly fetch manifest path-is-absolute@^1.0.0
1915 silly packumentCache full:https://registry.npmjs.org/path-is-absolute cache-miss
1916 http cache https://registry.npmjs.org/once 2ms (cache hit)
1917 silly packumentCache full:https://registry.npmjs.org/once set size:11752 disposed:false
1918 http cache https://registry.npmjs.org/fs.realpath 2ms (cache hit)
1919 silly packumentCache full:https://registry.npmjs.org/fs.realpath set size:4806 disposed:false
1920 http cache https://registry.npmjs.org/inherits 2ms (cache hit)
1921 silly packumentCache full:https://registry.npmjs.org/inherits set size:12925 disposed:false
1922 http cache https://registry.npmjs.org/path-is-absolute 3ms (cache hit)
1923 silly packumentCache full:https://registry.npmjs.org/path-is-absolute set size:8253 disposed:false
1924 http cache https://registry.npmjs.org/inflight 4ms (cache hit)
1925 silly packumentCache full:https://registry.npmjs.org/inflight set size:13140 disposed:false
1926 silly placeDep ROOT queue-microtask@1.2.3 OK for: run-parallel@1.2.0 want: ^1.2.2
1927 silly placeDep ROOT isarray@2.0.5 OK for: safe-array-concat@1.1.3 want: ^2.0.5
1928 silly placeDep ROOT shebang-regex@3.0.0 OK for: shebang-command@2.0.0 want: ^3.0.0
1929 silly placeDep ROOT side-channel-list@1.0.0 OK for: side-channel@1.1.0 want: ^1.0.0
1930 silly placeDep ROOT side-channel-map@1.0.1 OK for: side-channel@1.1.0 want: ^1.0.1
1931 silly placeDep ROOT side-channel-weakmap@1.0.2 OK for: side-channel@1.1.0 want: ^1.0.2
1932 silly placeDep ROOT eastasianwidth@0.2.0 OK for: string-width@5.1.2 want: ^0.2.0
1933 silly placeDep node_modules/string-width strip-ansi@7.2.0 OK for: string-width@5.1.2 want: ^7.0.1
1934 silly placeDep node_modules/string-width-cjs emoji-regex@8.0.0 OK for: string-width@4.2.3 want: ^8.0.0
1935 silly placeDep ROOT is-fullwidth-code-point@3.0.0 OK for: string-width@4.2.3 want: ^3.0.0
1936 silly placeDep ROOT ansi-regex@5.0.1 OK for: strip-ansi@6.0.1 want: ^5.0.1
1937 silly placeDep ROOT client-only@0.0.1 OK for: styled-jsx@5.1.1 want: 0.0.1
1938 silly placeDep ROOT has-flag@4.0.0 OK for: supports-color@7.2.0 want: ^4.0.0
1939 silly fetch manifest postcss@^8.4.47
1940 silly packumentCache full:https://registry.npmjs.org/postcss cache-hit
1941 silly fetch manifest tsx@^4.8.1
1942 silly packumentCache full:https://registry.npmjs.org/tsx cache-miss
1943 http cache https://registry.npmjs.org/tsx 1ms (cache hit)
1944 silly packumentCache full:https://registry.npmjs.org/tsx set size:289592 disposed:false
1945 silly fetch manifest yaml@^2.4.2
1946 silly packumentCache full:https://registry.npmjs.org/yaml cache-miss
1947 http cache https://registry.npmjs.org/yaml 1ms (cache hit)
1948 silly packumentCache full:https://registry.npmjs.org/yaml set size:361552 disposed:false
1949 silly placeDep ROOT @alloc/quick-lru@5.2.0 OK for: tailwindcss@3.4.19 want: ^5.2.0
1950 silly placeDep ROOT arg@5.0.2 OK for: tailwindcss@3.4.19 want: ^5.0.2
1951 silly placeDep ROOT chokidar@3.6.0 OK for: tailwindcss@3.4.19 want: ^3.6.0
1952 silly placeDep ROOT didyoumean@1.2.2 OK for: tailwindcss@3.4.19 want: ^1.2.2
1953 silly placeDep ROOT dlv@1.1.3 OK for: tailwindcss@3.4.19 want: ^1.1.3
1954 silly placeDep ROOT jiti@1.21.7 OK for: tailwindcss@3.4.19 want: ^1.21.7
1955 silly placeDep ROOT lilconfig@3.1.3 OK for: tailwindcss@3.4.19 want: ^3.1.3
1956 silly placeDep ROOT normalize-path@3.0.0 OK for: tailwindcss@3.4.19 want: ^3.0.0
1957 silly placeDep ROOT object-hash@3.0.0 OK for: tailwindcss@3.4.19 want: ^3.0.0
1958 silly placeDep ROOT postcss-import@15.1.0 OK for: tailwindcss@3.4.19 want: ^15.1.0
1959 silly placeDep ROOT postcss-js@4.1.0 OK for: tailwindcss@3.4.19 want: ^4.0.1
1960 silly placeDep ROOT postcss-load-config@6.0.1 OK for: tailwindcss@3.4.19 want: ^4.0.2 || ^5.0 || ^6.0
1961 silly placeDep ROOT postcss-nested@6.2.0 OK for: tailwindcss@3.4.19 want: ^6.2.0
1962 silly placeDep ROOT postcss-selector-parser@6.1.2 OK for: tailwindcss@3.4.19 want: ^6.1.2
1963 silly placeDep ROOT sucrase@3.35.1 OK for: tailwindcss@3.4.19 want: ^3.35.0
1964 silly fetch manifest anymatch@~3.1.2
1965 silly packumentCache full:https://registry.npmjs.org/anymatch cache-miss
1966 silly fetch manifest readdirp@~3.6.0
1967 silly packumentCache full:https://registry.npmjs.org/readdirp cache-miss
1968 silly fetch manifest glob-parent@~5.1.2
1969 silly packumentCache full:https://registry.npmjs.org/glob-parent cache-hit
1970 silly fetch manifest is-binary-path@~2.1.0
1971 silly packumentCache full:https://registry.npmjs.org/is-binary-path cache-miss
1972 silly fetch manifest normalize-path@~3.0.0
1973 silly packumentCache full:https://registry.npmjs.org/normalize-path cache-hit
1974 silly fetch manifest fsevents@~2.3.2
1975 silly packumentCache full:https://registry.npmjs.org/fsevents cache-miss
1976 silly fetch manifest read-cache@^1.0.0
1977 silly packumentCache full:https://registry.npmjs.org/read-cache cache-miss
1978 silly fetch manifest postcss-value-parser@^4.0.0
1979 silly packumentCache full:https://registry.npmjs.org/postcss-value-parser cache-miss
1980 silly fetch manifest camelcase-css@^2.0.1
1981 silly packumentCache full:https://registry.npmjs.org/camelcase-css cache-miss
1982 silly fetch manifest postcss-selector-parser@^6.1.1
1983 silly packumentCache full:https://registry.npmjs.org/postcss-selector-parser cache-hit
1984 silly fetch manifest cssesc@^3.0.0
1985 silly packumentCache full:https://registry.npmjs.org/cssesc cache-miss
1986 silly fetch manifest util-deprecate@^1.0.2
1987 silly packumentCache full:https://registry.npmjs.org/util-deprecate cache-miss
1988 http cache https://registry.npmjs.org/read-cache 3ms (cache hit)
1989 silly packumentCache full:https://registry.npmjs.org/read-cache set size:3003 disposed:false
1990 silly fetch manifest @jridgewell/gen-mapping@^0.3.2
1991 silly packumentCache full:https://registry.npmjs.org/@jridgewell%2fgen-mapping cache-miss
1992 http cache https://registry.npmjs.org/anymatch 4ms (cache hit)
1993 silly packumentCache full:https://registry.npmjs.org/anymatch set size:42974 disposed:false
1994 silly fetch manifest commander@^4.0.0
1995 silly packumentCache full:https://registry.npmjs.org/commander cache-miss
1996 http cache https://registry.npmjs.org/readdirp 4ms (cache hit)
1997 silly packumentCache full:https://registry.npmjs.org/readdirp set size:107589 disposed:false
1998 silly fetch manifest lines-and-columns@^1.1.6
1999 silly packumentCache full:https://registry.npmjs.org/lines-and-columns cache-miss
2000 http cache https://registry.npmjs.org/fsevents 5ms (cache hit)
2001 silly packumentCache full:https://registry.npmjs.org/fsevents set size:182472 disposed:false
2002 silly fetch manifest mz@^2.7.0
2003 silly packumentCache full:https://registry.npmjs.org/mz cache-miss
2004 http cache https://registry.npmjs.org/util-deprecate 4ms (cache hit)
2005 silly packumentCache full:https://registry.npmjs.org/util-deprecate set size:6674 disposed:false
2006 silly fetch manifest pirates@^4.0.1
2007 silly packumentCache full:https://registry.npmjs.org/pirates cache-miss
2008 http cache https://registry.npmjs.org/camelcase-css 5ms (cache hit)
2009 silly packumentCache full:https://registry.npmjs.org/camelcase-css set size:9392 disposed:false
2010 silly fetch manifest ts-interface-checker@^0.1.9
2011 silly packumentCache full:https://registry.npmjs.org/ts-interface-checker cache-miss
2012 http cache https://registry.npmjs.org/is-binary-path 7ms (cache hit)
2013 silly packumentCache full:https://registry.npmjs.org/is-binary-path set size:13475 disposed:false
2014 http cache https://registry.npmjs.org/postcss-value-parser 7ms (cache hit)
2015 silly packumentCache full:https://registry.npmjs.org/postcss-value-parser set size:73484 disposed:false
2016 http cache https://registry.npmjs.org/cssesc 7ms (cache hit)
2017 silly packumentCache full:https://registry.npmjs.org/cssesc set size:18815 disposed:false
2018 http cache https://registry.npmjs.org/lines-and-columns 4ms (cache hit)
2019 silly packumentCache full:https://registry.npmjs.org/lines-and-columns set size:73796 disposed:false
2020 http cache https://registry.npmjs.org/commander 5ms (cache hit)
2021 silly packumentCache full:https://registry.npmjs.org/commander set size:306325 disposed:false
2022 http cache https://registry.npmjs.org/mz 5ms (cache hit)
2023 silly packumentCache full:https://registry.npmjs.org/mz set size:42731 disposed:false
2024 http cache https://registry.npmjs.org/pirates 5ms (cache hit)
2025 silly packumentCache full:https://registry.npmjs.org/pirates set size:51327 disposed:false
2026 http cache https://registry.npmjs.org/ts-interface-checker 4ms (cache hit)
2027 silly packumentCache full:https://registry.npmjs.org/ts-interface-checker set size:58946 disposed:false
2028 http cache https://registry.npmjs.org/@jridgewell%2fgen-mapping 8ms (cache hit)
2029 silly packumentCache full:https://registry.npmjs.org/@jridgewell%2fgen-mapping set size:80719 disposed:false
2030 silly placeDep ROOT anymatch@3.1.3 OK for: chokidar@3.6.0 want: ~3.1.2
2031 silly placeDep ROOT fsevents@2.3.3 OK for: chokidar@3.6.0 want: ~2.3.2
2032 silly placeDep node_modules/chokidar glob-parent@5.1.2 OK for: chokidar@3.6.0 want: ~5.1.2
2033 silly placeDep ROOT is-binary-path@2.1.0 OK for: chokidar@3.6.0 want: ~2.1.0
2034 silly placeDep ROOT readdirp@3.6.0 OK for: chokidar@3.6.0 want: ~3.6.0
2035 silly fetch manifest binary-extensions@^2.0.0
2036 silly packumentCache full:https://registry.npmjs.org/binary-extensions cache-miss
2037 http cache https://registry.npmjs.org/binary-extensions 1ms (cache hit)
2038 silly packumentCache full:https://registry.npmjs.org/binary-extensions set size:51551 disposed:false
2039 silly placeDep ROOT binary-extensions@2.3.0 OK for: is-binary-path@2.1.0 want: ^2.0.0
2040 silly placeDep ROOT postcss-value-parser@4.2.0 OK for: postcss-import@15.1.0 want: ^4.0.0
2041 silly placeDep ROOT read-cache@1.0.0 OK for: postcss-import@15.1.0 want: ^1.0.0
2042 silly fetch manifest pify@^2.3.0
2043 silly packumentCache full:https://registry.npmjs.org/pify cache-miss
2044 http cache https://registry.npmjs.org/pify 1ms (cache hit)
2045 silly packumentCache full:https://registry.npmjs.org/pify set size:33583 disposed:false
2046 silly placeDep ROOT camelcase-css@2.0.1 OK for: postcss-js@4.1.0 want: ^2.0.1
2047 silly placeDep ROOT cssesc@3.0.0 OK for: postcss-selector-parser@6.1.2 want: ^3.0.0
2048 silly placeDep ROOT util-deprecate@1.0.2 OK for: postcss-selector-parser@6.1.2 want: ^1.0.2
2049 silly placeDep ROOT pify@2.3.0 OK for: read-cache@1.0.0 want: ^2.3.0
2050 silly placeDep ROOT @jridgewell/gen-mapping@0.3.13 OK for: sucrase@3.35.1 want: ^0.3.2
2051 silly placeDep ROOT commander@4.1.1 OK for: sucrase@3.35.1 want: ^4.0.0
2052 silly placeDep ROOT lines-and-columns@1.2.4 OK for: sucrase@3.35.1 want: ^1.1.6
2053 silly placeDep ROOT mz@2.7.0 OK for: sucrase@3.35.1 want: ^2.7.0
2054 silly placeDep ROOT pirates@4.0.7 OK for: sucrase@3.35.1 want: ^4.0.1
2055 silly placeDep ROOT ts-interface-checker@0.1.13 OK for: sucrase@3.35.1 want: ^0.1.9
2056 silly fetch manifest @jridgewell/sourcemap-codec@^1.5.0
2057 silly packumentCache full:https://registry.npmjs.org/@jridgewell%2fsourcemap-codec cache-miss
2058 silly fetch manifest @jridgewell/trace-mapping@^0.3.24
2059 silly packumentCache full:https://registry.npmjs.org/@jridgewell%2ftrace-mapping cache-miss
2060 silly fetch manifest any-promise@^1.0.0
2061 silly packumentCache full:https://registry.npmjs.org/any-promise cache-miss
2062 silly fetch manifest thenify-all@^1.0.0
2063 silly packumentCache full:https://registry.npmjs.org/thenify-all cache-miss
2064 http cache https://registry.npmjs.org/thenify-all 3ms (cache hit)
2065 silly packumentCache full:https://registry.npmjs.org/thenify-all set size:18488 disposed:false
2066 http cache https://registry.npmjs.org/@jridgewell%2fsourcemap-codec 3ms (cache hit)
2067 silly packumentCache full:https://registry.npmjs.org/@jridgewell%2fsourcemap-codec set size:59275 disposed:false
2068 http cache https://registry.npmjs.org/any-promise 3ms (cache hit)
2069 silly packumentCache full:https://registry.npmjs.org/any-promise set size:20233 disposed:false
2070 http cache https://registry.npmjs.org/@jridgewell%2ftrace-mapping 4ms (cache hit)
2071 silly packumentCache full:https://registry.npmjs.org/@jridgewell%2ftrace-mapping set size:170909 disposed:false
2072 silly placeDep ROOT @jridgewell/sourcemap-codec@1.5.5 OK for: @jridgewell/gen-mapping@0.3.13 want: ^1.5.0
2073 silly placeDep ROOT @jridgewell/trace-mapping@0.3.31 OK for: @jridgewell/gen-mapping@0.3.13 want: ^0.3.24
2074 silly fetch manifest @jridgewell/resolve-uri@^3.1.0
2075 silly packumentCache full:https://registry.npmjs.org/@jridgewell%2fresolve-uri cache-miss
2076 http cache https://registry.npmjs.org/@jridgewell%2fresolve-uri 2ms (cache hit)
2077 silly packumentCache full:https://registry.npmjs.org/@jridgewell%2fresolve-uri set size:57361 disposed:false
2078 silly placeDep ROOT @jridgewell/resolve-uri@3.1.2 OK for: @jridgewell/trace-mapping@0.3.31 want: ^3.1.0
2079 silly placeDep ROOT any-promise@1.3.0 OK for: mz@2.7.0 want: ^1.0.0
2080 silly placeDep ROOT thenify-all@1.6.0 OK for: mz@2.7.0 want: ^1.0.0
2081 silly fetch manifest thenify@>= 3.1.0 < 4
2082 silly packumentCache full:https://registry.npmjs.org/thenify cache-miss
2083 http cache https://registry.npmjs.org/thenify 1ms (cache hit)
2084 silly packumentCache full:https://registry.npmjs.org/thenify set size:21379 disposed:false
2085 silly placeDep ROOT thenify@3.3.1 OK for: thenify-all@1.6.0 want: >= 3.1.0 < 4
2086 silly placeDep node_modules/tinyglobby fdir@6.5.0 OK for: tinyglobby@0.2.15 want: ^6.5.0
2087 silly placeDep node_modules/tinyglobby picomatch@4.0.3 OK for: fdir@6.5.0 want: ^3 || ^4
2088 silly placeDep ROOT is-number@7.0.0 OK for: to-regex-range@5.0.1 want: ^7.0.0
2089 silly placeDep ROOT @types/json5@0.0.29 OK for: tsconfig-paths@3.15.0 want: ^0.0.29
2090 silly placeDep ROOT json5@1.0.2 OK for: tsconfig-paths@3.15.0 want: ^1.0.2
2091 silly placeDep ROOT minimist@1.2.8 OK for: tsconfig-paths@3.15.0 want: ^1.2.6
2092 silly placeDep ROOT strip-bom@3.0.0 OK for: tsconfig-paths@3.15.0 want: ^3.0.0
2093 silly fetch manifest minimist@^1.2.0
2094 silly packumentCache full:https://registry.npmjs.org/minimist cache-hit
2095 silly placeDep ROOT for-each@0.3.5 OK for: typed-array-byte-length@1.0.3 want: ^0.3.3
2096 silly placeDep ROOT reflect.getprototypeof@1.0.10 OK for: typed-array-byte-offset@1.0.4 want: ^1.0.9
2097 silly fetch manifest which-builtin-type@^1.2.1
2098 silly packumentCache full:https://registry.npmjs.org/which-builtin-type cache-miss
2099 http cache https://registry.npmjs.org/which-builtin-type 0ms (cache hit)
2100 silly packumentCache full:https://registry.npmjs.org/which-builtin-type set size:39107 disposed:false
2101 silly placeDep ROOT which-builtin-type@1.2.1 OK for: reflect.getprototypeof@1.0.10 want: ^1.2.1
2102 silly fetch manifest is-async-function@^2.0.0
2103 silly packumentCache full:https://registry.npmjs.org/is-async-function cache-miss
2104 silly fetch manifest is-finalizationregistry@^1.1.0
2105 silly packumentCache full:https://registry.npmjs.org/is-finalizationregistry cache-miss
2106 silly fetch manifest is-generator-function@^1.0.10
2107 silly packumentCache full:https://registry.npmjs.org/is-generator-function cache-miss
2108 silly fetch manifest which-boxed-primitive@^1.1.0
2109 silly packumentCache full:https://registry.npmjs.org/which-boxed-primitive cache-hit
2110 silly fetch manifest which-collection@^1.0.2
2111 silly packumentCache full:https://registry.npmjs.org/which-collection cache-miss
2112 http cache https://registry.npmjs.org/is-finalizationregistry 1ms (cache hit)
2113 silly packumentCache full:https://registry.npmjs.org/is-finalizationregistry set size:19800 disposed:false
2114 http cache https://registry.npmjs.org/is-async-function 2ms (cache hit)
2115 silly packumentCache full:https://registry.npmjs.org/is-async-function set size:51614 disposed:false
2116 http cache https://registry.npmjs.org/which-collection 2ms (cache hit)
2117 silly packumentCache full:https://registry.npmjs.org/which-collection set size:13607 disposed:false
2118 http cache https://registry.npmjs.org/is-generator-function 2ms (cache hit)
2119 silly packumentCache full:https://registry.npmjs.org/is-generator-function set size:44643 disposed:false
2120 silly placeDep ROOT has-bigints@1.1.0 OK for: unbox-primitive@1.1.0 want: ^1.0.2
2121 silly placeDep ROOT which-boxed-primitive@1.1.1 OK for: unbox-primitive@1.1.0 want: ^1.1.1
2122 silly fetch manifest is-bigint@^1.1.0
2123 silly packumentCache full:https://registry.npmjs.org/is-bigint cache-miss
2124 silly fetch manifest is-boolean-object@^1.2.1
2125 silly packumentCache full:https://registry.npmjs.org/is-boolean-object cache-miss
2126 silly fetch manifest is-number-object@^1.1.1
2127 silly packumentCache full:https://registry.npmjs.org/is-number-object cache-miss
2128 http cache https://registry.npmjs.org/is-bigint 1ms (cache hit)
2129 silly packumentCache full:https://registry.npmjs.org/is-bigint set size:20283 disposed:false
2130 http cache https://registry.npmjs.org/is-boolean-object 1ms (cache hit)
2131 silly packumentCache full:https://registry.npmjs.org/is-boolean-object set size:31341 disposed:false
2132 http cache https://registry.npmjs.org/is-number-object 1ms (cache hit)
2133 silly packumentCache full:https://registry.npmjs.org/is-number-object set size:31189 disposed:false
2134 silly placeDep ROOT @unrs/resolver-binding-android-arm-eabi@1.11.1 OK for: unrs-resolver@1.11.1 want: 1.11.1
2135 silly placeDep ROOT @unrs/resolver-binding-android-arm64@1.11.1 OK for: unrs-resolver@1.11.1 want: 1.11.1
2136 silly placeDep ROOT @unrs/resolver-binding-darwin-arm64@1.11.1 OK for: unrs-resolver@1.11.1 want: 1.11.1
2137 silly placeDep ROOT @unrs/resolver-binding-darwin-x64@1.11.1 OK for: unrs-resolver@1.11.1 want: 1.11.1
2138 silly placeDep ROOT @unrs/resolver-binding-freebsd-x64@1.11.1 OK for: unrs-resolver@1.11.1 want: 1.11.1
2139 silly placeDep ROOT @unrs/resolver-binding-linux-arm-gnueabihf@1.11.1 OK for: unrs-resolver@1.11.1 want: 1.11.1
2140 silly placeDep ROOT @unrs/resolver-binding-linux-arm-musleabihf@1.11.1 OK for: unrs-resolver@1.11.1 want: 1.11.1
2141 silly placeDep ROOT @unrs/resolver-binding-linux-arm64-gnu@1.11.1 OK for: unrs-resolver@1.11.1 want: 1.11.1
2142 silly placeDep ROOT @unrs/resolver-binding-linux-arm64-musl@1.11.1 OK for: unrs-resolver@1.11.1 want: 1.11.1
2143 silly placeDep ROOT @unrs/resolver-binding-linux-ppc64-gnu@1.11.1 OK for: unrs-resolver@1.11.1 want: 1.11.1
2144 silly placeDep ROOT @unrs/resolver-binding-linux-riscv64-gnu@1.11.1 OK for: unrs-resolver@1.11.1 want: 1.11.1
2145 silly placeDep ROOT @unrs/resolver-binding-linux-riscv64-musl@1.11.1 OK for: unrs-resolver@1.11.1 want: 1.11.1
2146 silly placeDep ROOT @unrs/resolver-binding-linux-s390x-gnu@1.11.1 OK for: unrs-resolver@1.11.1 want: 1.11.1
2147 silly placeDep ROOT @unrs/resolver-binding-linux-x64-gnu@1.11.1 OK for: unrs-resolver@1.11.1 want: 1.11.1
2148 silly placeDep ROOT @unrs/resolver-binding-linux-x64-musl@1.11.1 OK for: unrs-resolver@1.11.1 want: 1.11.1
2149 silly placeDep ROOT @unrs/resolver-binding-wasm32-wasi@1.11.1 OK for: unrs-resolver@1.11.1 want: 1.11.1
2150 silly placeDep ROOT @unrs/resolver-binding-win32-arm64-msvc@1.11.1 OK for: unrs-resolver@1.11.1 want: 1.11.1
2151 silly placeDep ROOT @unrs/resolver-binding-win32-ia32-msvc@1.11.1 OK for: unrs-resolver@1.11.1 want: 1.11.1
2152 silly placeDep ROOT @unrs/resolver-binding-win32-x64-msvc@1.11.1 OK for: unrs-resolver@1.11.1 want: 1.11.1
2153 silly placeDep ROOT napi-postinstall@0.3.4 OK for: unrs-resolver@1.11.1 want: ^0.3.0
2154 silly fetch manifest @napi-rs/wasm-runtime@^0.2.11
2155 silly packumentCache full:https://registry.npmjs.org/@napi-rs%2fwasm-runtime cache-miss
2156 http cache https://registry.npmjs.org/@napi-rs%2fwasm-runtime 2ms (cache hit)
2157 silly packumentCache full:https://registry.npmjs.org/@napi-rs%2fwasm-runtime set size:63456 disposed:false
2158 silly placeDep ROOT @napi-rs/wasm-runtime@0.2.12 OK for: @unrs/resolver-binding-wasm32-wasi@1.11.1 want: ^0.2.11
2159 silly fetch manifest @emnapi/core@^1.4.3
2160 silly packumentCache full:https://registry.npmjs.org/@emnapi%2fcore cache-miss
2161 silly fetch manifest @emnapi/runtime@^1.4.3
2162 silly packumentCache full:https://registry.npmjs.org/@emnapi%2fruntime cache-miss
2163 silly fetch manifest @tybys/wasm-util@^0.10.0
2164 silly packumentCache full:https://registry.npmjs.org/@tybys%2fwasm-util cache-miss
2165 http cache https://registry.npmjs.org/@emnapi%2fruntime 1ms (cache hit)
2166 silly packumentCache full:https://registry.npmjs.org/@emnapi%2fruntime set size:101620 disposed:false
2167 http cache https://registry.npmjs.org/@emnapi%2fcore 1ms (cache hit)
2168 silly packumentCache full:https://registry.npmjs.org/@emnapi%2fcore set size:99104 disposed:false
2169 http cache https://registry.npmjs.org/@tybys%2fwasm-util 2ms (cache hit)
2170 silly packumentCache full:https://registry.npmjs.org/@tybys%2fwasm-util set size:55410 disposed:false
2171 silly placeDep ROOT @emnapi/core@1.9.0 OK for: @napi-rs/wasm-runtime@0.2.12 want: ^1.4.3
2172 silly placeDep ROOT @emnapi/runtime@1.9.0 OK for: @napi-rs/wasm-runtime@0.2.12 want: ^1.4.3
2173 silly placeDep ROOT @tybys/wasm-util@0.10.1 OK for: @napi-rs/wasm-runtime@0.2.12 want: ^0.10.0
2174 silly fetch manifest @emnapi/wasi-threads@1.2.0
2175 silly packumentCache full:https://registry.npmjs.org/@emnapi%2fwasi-threads cache-miss
2176 http cache https://registry.npmjs.org/@emnapi%2fwasi-threads 1ms (cache hit)
2177 silly packumentCache full:https://registry.npmjs.org/@emnapi%2fwasi-threads set size:21830 disposed:false
2178 silly placeDep ROOT @emnapi/wasi-threads@1.2.0 OK for: @emnapi/core@1.9.0 want: 1.2.0
2179 silly placeDep ROOT punycode@2.3.1 OK for: uri-js@4.4.1 want: ^2.1.0
2180 silly placeDep ROOT isexe@2.0.0 OK for: which@2.0.2 want: ^2.0.0
2181 silly placeDep ROOT is-bigint@1.1.0 OK for: which-boxed-primitive@1.1.1 want: ^1.1.0
2182 silly placeDep ROOT is-boolean-object@1.2.2 OK for: which-boxed-primitive@1.1.1 want: ^1.2.1
2183 silly placeDep ROOT is-number-object@1.1.1 OK for: which-boxed-primitive@1.1.1 want: ^1.1.1
2184 silly placeDep ROOT is-async-function@2.1.1 OK for: which-builtin-type@1.2.1 want: ^2.0.0
2185 silly placeDep ROOT is-finalizationregistry@1.1.1 OK for: which-builtin-type@1.2.1 want: ^1.1.0
2186 silly placeDep ROOT is-generator-function@1.1.2 OK for: which-builtin-type@1.2.1 want: ^1.0.10
2187 silly placeDep ROOT which-collection@1.0.2 OK for: which-builtin-type@1.2.1 want: ^1.0.2
2188 silly fetch manifest async-function@^1.0.0
2189 silly packumentCache full:https://registry.npmjs.org/async-function cache-miss
2190 silly fetch manifest generator-function@^2.0.0
2191 silly packumentCache full:https://registry.npmjs.org/generator-function cache-miss
2192 silly fetch manifest is-map@^2.0.3
2193 silly packumentCache full:https://registry.npmjs.org/is-map cache-miss
2194 silly fetch manifest is-weakmap@^2.0.2
2195 silly packumentCache full:https://registry.npmjs.org/is-weakmap cache-miss
2196 silly fetch manifest is-weakset@^2.0.3
2197 silly packumentCache full:https://registry.npmjs.org/is-weakset cache-miss
2198 http cache https://registry.npmjs.org/async-function 2ms (cache hit)
2199 silly packumentCache full:https://registry.npmjs.org/async-function set size:7150 disposed:false
2200 http cache https://registry.npmjs.org/generator-function 2ms (cache hit)
2201 silly packumentCache full:https://registry.npmjs.org/generator-function set size:10401 disposed:false
2202 http cache https://registry.npmjs.org/is-weakset 3ms (cache hit)
2203 silly packumentCache full:https://registry.npmjs.org/is-weakset set size:21965 disposed:false
2204 http cache https://registry.npmjs.org/is-weakmap 3ms (cache hit)
2205 silly packumentCache full:https://registry.npmjs.org/is-weakmap set size:15163 disposed:false
2206 http cache https://registry.npmjs.org/is-map 3ms (cache hit)
2207 silly packumentCache full:https://registry.npmjs.org/is-map set size:18079 disposed:false
2208 silly placeDep ROOT async-function@1.0.0 OK for: is-async-function@2.1.1 want: ^1.0.0
2209 silly placeDep ROOT generator-function@2.0.1 OK for: is-generator-function@1.1.2 want: ^2.0.0
2210 silly placeDep ROOT is-map@2.0.3 OK for: which-collection@1.0.2 want: ^2.0.3
2211 silly placeDep ROOT is-weakmap@2.0.2 OK for: which-collection@1.0.2 want: ^2.0.2
2212 silly placeDep ROOT is-weakset@2.0.4 OK for: which-collection@1.0.2 want: ^2.0.3
2213 silly placeDep node_modules/wrap-ansi ansi-styles@6.2.3 OK for: wrap-ansi@8.1.0 want: ^6.1.0
2214 silly placeDep node_modules/wrap-ansi strip-ansi@7.2.0 OK for: wrap-ansi@8.1.0 want: ^7.0.1
2215 silly placeDep node_modules/wrap-ansi-cjs string-width@4.2.3 OK for: wrap-ansi@7.0.0 want: ^4.1.0
2216 silly placeDep node_modules/@isaacs/cliui ansi-regex@6.2.2 OK for: strip-ansi@7.2.0 want: ^6.2.2
2217 silly placeDep node_modules/@typescript-eslint/typescript-estree brace-expansion@2.0.2 OK for: minimatch@9.0.3 want: ^2.0.1
2218 silly placeDep ROOT node-exports-info@1.6.0 OK for: resolve@2.0.0-next.6 want: ^1.6.0
2219 silly placeDep node_modules/node-exports-info semver@6.3.1 OK for: node-exports-info@1.6.0 want: ^6.3.1
2220 silly placeDep node_modules/glob brace-expansion@2.0.2 OK for: minimatch@9.0.9 want: ^2.0.2
2221 silly placeDep ROOT fs.realpath@1.0.0 OK for: glob@7.2.3 want: ^1.0.0
2222 silly placeDep ROOT inflight@1.0.6 OK for: glob@7.2.3 want: ^1.0.4
2223 silly placeDep ROOT inherits@2.0.4 OK for: glob@7.2.3 want: 2
2224 silly placeDep ROOT once@1.4.0 OK for: glob@7.2.3 want: ^1.3.0
2225 silly placeDep ROOT path-is-absolute@1.0.1 OK for: glob@7.2.3 want: ^1.0.0
2226 silly fetch manifest wrappy@1
2227 silly packumentCache full:https://registry.npmjs.org/wrappy cache-miss
2228 silly fetch manifest wrappy@1
2229 silly packumentCache full:https://registry.npmjs.org/wrappy cache-miss
2230 http cache https://registry.npmjs.org/wrappy 1ms (cache hit)
2231 silly packumentCache full:https://registry.npmjs.org/wrappy set size:7682 disposed:false
2232 http cache https://registry.npmjs.org/wrappy 1ms (cache hit)
2233 silly packumentCache full:https://registry.npmjs.org/wrappy set size:7682 disposed:false
2234 silly packumentCache full:https://registry.npmjs.org/wrappy dispose
2235 silly placeDep ROOT wrappy@1.0.2 OK for: inflight@1.0.6 want: 1
2236 silly placeDep node_modules/string-width ansi-regex@6.2.2 OK for: strip-ansi@7.2.0 want: ^6.2.2
2237 silly placeDep node_modules/wrap-ansi-cjs emoji-regex@8.0.0 OK for: string-width@4.2.3 want: ^8.0.0
2238 silly placeDep node_modules/wrap-ansi ansi-regex@6.2.2 OK for: strip-ansi@7.2.0 want: ^6.2.2
2239 silly reify mark retired [
2239 silly reify   '/Users/gayathrisathish/Library/Mobile Documents/com~apple~CloudDocs/Desktop/Projects/RoadRhythm/node_modules/lucide-react'
2239 silly reify ]
2240 silly reify mark retired [
2240 silly reify   '/Users/gayathrisathish/Library/Mobile Documents/com~apple~CloudDocs/Desktop/Projects/RoadRhythm/node_modules/react'
2240 silly reify ]
2241 silly reify mark retired [
2241 silly reify   '/Users/gayathrisathish/Library/Mobile Documents/com~apple~CloudDocs/Desktop/Projects/RoadRhythm/node_modules/react-dom'
2241 silly reify ]
2242 silly reify mark retired [
2242 silly reify   '/Users/gayathrisathish/Library/Mobile Documents/com~apple~CloudDocs/Desktop/Projects/RoadRhythm/node_modules/scheduler'
2242 silly reify ]
2243 silly reify moves {
2243 silly reify   '/Users/gayathrisathish/Library/Mobile Documents/com~apple~CloudDocs/Desktop/Projects/RoadRhythm/node_modules/lucide-react': '/Users/gayathrisathish/Library/Mobile Documents/com~apple~CloudDocs/Desktop/Projects/RoadRhythm/node_modules/.lucide-react-mERSqKhA',
2243 silly reify   '/Users/gayathrisathish/Library/Mobile Documents/com~apple~CloudDocs/Desktop/Projects/RoadRhythm/node_modules/react': '/Users/gayathrisathish/Library/Mobile Documents/com~apple~CloudDocs/Desktop/Projects/RoadRhythm/node_modules/.react-JZTCu5m7',
2243 silly reify   '/Users/gayathrisathish/Library/Mobile Documents/com~apple~CloudDocs/Desktop/Projects/RoadRhythm/node_modules/react-dom': '/Users/gayathrisathish/Library/Mobile Documents/com~apple~CloudDocs/Desktop/Projects/RoadRhythm/node_modules/.react-dom-9fKc5zkH',
2243 silly reify   '/Users/gayathrisathish/Library/Mobile Documents/com~apple~CloudDocs/Desktop/Projects/RoadRhythm/node_modules/scheduler': '/Users/gayathrisathish/Library/Mobile Documents/com~apple~CloudDocs/Desktop/Projects/RoadRhythm/node_modules/.scheduler-zclNP4zm'
2243 silly reify }
2244 silly audit bulk request {
2244 silly audit   '@reduxjs/toolkit': [ '2.11.2' ],
2244 silly audit   immer: [ '11.1.4', '10.2.0' ],
2244 silly audit   '@standard-schema/spec': [ '1.1.0' ],
2244 silly audit   '@standard-schema/utils': [ '0.3.0' ],
2244 silly audit   '@types/d3-array': [ '3.2.2' ],
2244 silly audit   '@types/d3-color': [ '3.1.3' ],
2244 silly audit   '@types/d3-ease': [ '3.0.2' ],
2244 silly audit   '@types/d3-interpolate': [ '3.0.4' ],
2244 silly audit   '@types/d3-path': [ '3.1.1' ],
2244 silly audit   '@types/d3-scale': [ '4.0.9' ],
2244 silly audit   '@types/d3-shape': [ '3.1.8' ],
2244 silly audit   '@types/d3-time': [ '3.0.4' ],
2244 silly audit   '@types/d3-timer': [ '3.0.2' ],
2244 silly audit   '@types/use-sync-external-store': [ '0.0.6' ],
2244 silly audit   'd3-array': [ '3.2.4' ],
2244 silly audit   'd3-color': [ '3.1.0' ],
2244 silly audit   'd3-ease': [ '3.0.1' ],
2244 silly audit   'd3-format': [ '3.1.2' ],
2244 silly audit   'd3-interpolate': [ '3.0.1' ],
2244 silly audit   'd3-path': [ '3.1.0' ],
2244 silly audit   'd3-scale': [ '4.0.2' ],
2244 silly audit   'd3-shape': [ '3.2.0' ],
2244 silly audit   'd3-time': [ '3.1.0' ],
2244 silly audit   'd3-time-format': [ '4.1.0' ],
2244 silly audit   'd3-timer': [ '3.0.1' ],
2244 silly audit   'decimal.js-light': [ '2.5.1' ],
2244 silly audit   'es-toolkit': [ '1.45.1' ],
2244 silly audit   eventemitter3: [ '5.0.4' ],
2244 silly audit   internmap: [ '2.0.3' ],
2244 silly audit   'react-is': [ '19.2.4', '16.13.1' ],
2244 silly audit   'react-redux': [ '9.2.0' ],
2244 silly audit   redux: [ '5.0.1' ],
2244 silly audit   'redux-thunk': [ '3.1.0' ],
2244 silly audit   reselect: [ '5.1.1' ],
2244 silly audit   'tiny-invariant': [ '1.3.3' ],
2244 silly audit   'use-sync-external-store': [ '1.6.0' ],
2244 silly audit   'victory-vendor': [ '37.3.6' ],
2244 silly audit   '@types/node': [ '20.19.37' ],
2244 silly audit   '@types/react': [ '18.3.28' ],
2244 silly audit   '@types/react-dom': [ '18.3.7' ],
2244 silly audit   'class-variance-authority': [ '0.7.1' ],
2244 silly audit   clsx: [ '2.1.1' ],
2244 silly audit   eslint: [ '8.57.1' ],
2244 silly audit   'eslint-config-next': [ '14.2.5' ],
2244 silly audit   next: [ '14.2.5' ],
2244 silly audit   react: [ '18.3.1' ],
2244 silly audit   'react-dom': [ '18.3.1' ],
2244 silly audit   'next-themes': [ '0.4.6' ],
2244 silly audit   postcss: [ '8.5.8', '8.4.31' ],
2244 silly audit   recharts: [ '3.8.0' ],
2244 silly audit   'tailwind-merge': [ '3.5.0' ],
2244 silly audit   tailwindcss: [ '3.4.19' ],
2244 silly audit   typescript: [ '5.9.3' ],
2244 silly audit   'undici-types': [ '6.21.0' ],
2244 silly audit   '@types/prop-types': [ '15.7.15' ],
2244 silly audit   csstype: [ '3.2.3' ],
2244 silly audit   '@eslint-community/eslint-utils': [ '4.9.1' ],
2244 silly audit   '@eslint-community/regexpp': [ '4.12.2' ],
2244 silly audit   '@eslint/eslintrc': [ '2.1.4' ],
2244 silly audit   '@eslint/js': [ '8.57.1' ],
2244 silly audit   '@humanwhocodes/config-array': [ '0.13.0' ],
2244 silly audit   '@humanwhocodes/module-importer': [ '1.0.1' ],
2244 silly audit   '@nodelib/fs.walk': [ '1.2.8' ],
2244 silly audit   '@ungap/structured-clone': [ '1.3.0' ],
2244 silly audit   ajv: [ '6.14.0' ],
2244 silly audit   chalk: [ '4.1.2' ],
2244 silly audit   'cross-spawn': [ '7.0.6' ],
2244 silly audit   debug: [ '4.4.3', '3.2.7' ],
2244 silly audit   doctrine: [ '3.0.0', '2.1.0' ],
2244 silly audit   'escape-string-regexp': [ '4.0.0' ],
2244 silly audit   'eslint-scope': [ '7.2.2' ],
2244 silly audit   'eslint-visitor-keys': [ '3.4.3' ],
2244 silly audit   espree: [ '9.6.1' ],
2244 silly audit   esquery: [ '1.7.0' ],
2244 silly audit   esutils: [ '2.0.3' ],
2244 silly audit   'fast-deep-equal': [ '3.1.3' ],
2244 silly audit   'file-entry-cache': [ '6.0.1' ],
2244 silly audit   'find-up': [ '5.0.0' ],
2244 silly audit   'glob-parent': [ '6.0.2', '5.1.2' ],
2244 silly audit   globals: [ '13.24.0' ],
2244 silly audit   graphemer: [ '1.4.0' ],
2244 silly audit   ignore: [ '5.3.2' ],
2244 silly audit   imurmurhash: [ '0.1.4' ],
2244 silly audit   'is-glob': [ '4.0.3' ],
2244 silly audit   'is-path-inside': [ '3.0.3' ],
2244 silly audit   'js-yaml': [ '4.1.1' ],
2244 silly audit   'json-stable-stringify-without-jsonify': [ '1.0.1' ],
2244 silly audit   levn: [ '0.4.1' ],
2244 silly audit   'lodash.merge': [ '4.6.2' ],
2244 silly audit   minimatch: [ '3.1.5', '9.0.3', '9.0.9' ],
2244 silly audit   'natural-compare': [ '1.4.0' ],
2244 silly audit   optionator: [ '0.9.4' ],
2244 silly audit   'strip-ansi': [ '6.0.1', '7.2.0' ],
2244 silly audit   'text-table': [ '0.2.0' ],
2244 silly audit   'import-fresh': [ '3.3.1' ],
2244 silly audit   'strip-json-comments': [ '3.1.1' ],
2244 silly audit   '@humanwhocodes/object-schema': [ '2.0.3' ],
2244 silly audit   '@nodelib/fs.scandir': [ '2.1.5' ],
2244 silly audit   fastq: [ '1.20.1' ],
2244 silly audit   '@nodelib/fs.stat': [ '2.0.5' ],
2244 silly audit   'run-parallel': [ '1.2.0' ],
2244 silly audit   'fast-json-stable-stringify': [ '2.1.0' ],
2244 silly audit   'json-schema-traverse': [ '0.4.1' ],
2244 silly audit   'uri-js': [ '4.4.1' ],
2244 silly audit   'ansi-styles': [ '4.3.0', '6.2.3' ],
2244 silly audit   'supports-color': [ '7.2.0' ],
2244 silly audit   'color-convert': [ '2.0.1' ],
2244 silly audit   'color-name': [ '1.1.4' ],
2244 silly audit   'path-key': [ '3.1.1' ],
2244 silly audit   'shebang-command': [ '2.0.0' ],
2244 silly audit   which: [ '2.0.2' ],
2244 silly audit   ms: [ '2.1.3' ],
2244 silly audit   '@next/eslint-plugin-next': [ '14.2.5' ],
2244 silly audit   '@rushstack/eslint-patch': [ '1.16.1' ],
2244 silly audit   '@typescript-eslint/parser': [ '7.2.0' ],
2244 silly audit   'eslint-import-resolver-node': [ '0.3.9' ],
2244 silly audit   'eslint-import-resolver-typescript': [ '3.10.1' ],
2244 silly audit   'eslint-plugin-import': [ '2.32.0' ],
2244 silly audit   'eslint-plugin-jsx-a11y': [ '6.10.2' ],
2244 silly audit   'eslint-plugin-react': [ '7.37.5' ],
2244 silly audit   'eslint-plugin-react-hooks': [ '5.0.0-canary-7118f5dd7-20230705' ],
2244 silly audit   glob: [ '10.3.10', '7.2.3' ],
2244 silly audit   '@typescript-eslint/scope-manager': [ '7.2.0' ],
2244 silly audit   '@typescript-eslint/types': [ '7.2.0' ],
2244 silly audit   '@typescript-eslint/typescript-estree': [ '7.2.0' ],
2244 silly audit   '@typescript-eslint/visitor-keys': [ '7.2.0' ],
2244 silly audit   globby: [ '11.1.0' ],
2244 silly audit   semver: [ '7.7.4', '6.3.1' ],
2244 silly audit   'ts-api-utils': [ '1.4.3' ],
2244 silly audit   'is-core-module': [ '2.16.1' ],
2244 silly audit   resolve: [ '1.22.11', '2.0.0-next.6' ],
2244 silly audit   '@nolyfill/is-core-module': [ '1.0.39' ],
2244 silly audit   'get-tsconfig': [ '4.13.6' ],
2244 silly audit   'is-bun-module': [ '2.0.0' ],
2244 silly audit   'stable-hash': [ '0.0.5' ],
2244 silly audit   tinyglobby: [ '0.2.15' ],
2244 silly audit   'unrs-resolver': [ '1.11.1' ],
2244 silly audit   '@rtsao/scc': [ '1.1.0' ],
2244 silly audit   'array-includes': [ '3.1.9' ],
2244 silly audit   'array.prototype.findlastindex': [ '1.2.6' ],
2244 silly audit   'array.prototype.flat': [ '1.3.3' ],
2244 silly audit   'array.prototype.flatmap': [ '1.3.3' ],
2244 silly audit   'eslint-module-utils': [ '2.12.1' ],
2244 silly audit   hasown: [ '2.0.2' ],
2244 silly audit   'object.fromentries': [ '2.0.8' ],
2244 silly audit   'object.groupby': [ '1.0.3' ],
2244 silly audit   'object.values': [ '1.2.1' ],
2244 silly audit   'string.prototype.trimend': [ '1.0.9' ],
2244 silly audit   'tsconfig-paths': [ '3.15.0' ],
2244 silly audit   'call-bind': [ '1.0.8' ],
2244 silly audit   'call-bound': [ '1.0.4' ],
2244 silly audit   'define-properties': [ '1.2.1' ],
2244 silly audit   'es-abstract': [ '1.24.1' ],
2244 silly audit   'es-object-atoms': [ '1.1.1' ],
2244 silly audit   'get-intrinsic': [ '1.3.0' ],
2244 silly audit   'is-string': [ '1.1.1' ],
2244 silly audit   'math-intrinsics': [ '1.1.0' ],
2244 silly audit   'es-errors': [ '1.3.0' ],
2244 silly audit   'es-shim-unscopables': [ '1.1.0' ],
2244 silly audit   'call-bind-apply-helpers': [ '1.0.2' ],
2244 silly audit   'es-define-property': [ '1.0.1' ],
2244 silly audit   'set-function-length': [ '1.2.2' ],
2244 silly audit   'function-bind': [ '1.1.2' ],
2244 silly audit   'define-data-property': [ '1.1.4' ],
2244 silly audit   'has-property-descriptors': [ '1.0.2' ],
2244 silly audit   'object-keys': [ '1.1.1' ],
2244 silly audit   gopd: [ '1.2.0' ],
2244 silly audit   'array-buffer-byte-length': [ '1.0.2' ],
2244 silly audit   'arraybuffer.prototype.slice': [ '1.0.4' ],
2244 silly audit   'available-typed-arrays': [ '1.0.7' ],
2244 silly audit   'data-view-buffer': [ '1.0.2' ],
2244 silly audit   'data-view-byte-length': [ '1.0.2' ],
2244 silly audit   'data-view-byte-offset': [ '1.0.1' ],
2244 silly audit   'es-set-tostringtag': [ '2.1.0' ],
2244 silly audit   'es-to-primitive': [ '1.3.0' ],
2244 silly audit   'function.prototype.name': [ '1.1.8' ],
2244 silly audit   'get-proto': [ '1.0.1' ],
2244 silly audit   'get-symbol-description': [ '1.1.0' ],
2244 silly audit   globalthis: [ '1.0.4' ],
2244 silly audit   'has-proto': [ '1.2.0' ],
2244 silly audit   'has-symbols': [ '1.1.0' ],
2244 silly audit   'internal-slot': [ '1.1.0' ],
2244 silly audit   'is-array-buffer': [ '3.0.5' ],
2244 silly audit   'is-callable': [ '1.2.7' ],
2244 silly audit   'is-data-view': [ '1.0.2' ],
2244 silly audit   'is-negative-zero': [ '2.0.3' ],
2244 silly audit   'is-regex': [ '1.2.1' ],
2244 silly audit   'is-set': [ '2.0.3' ],
2244 silly audit   'is-shared-array-buffer': [ '1.0.4' ],
2244 silly audit   'is-typed-array': [ '1.1.15' ],
2244 silly audit   'is-weakref': [ '1.1.1' ],
2244 silly audit   'object-inspect': [ '1.13.4' ],
2244 silly audit   'object.assign': [ '4.1.7' ],
2244 silly audit   'own-keys': [ '1.0.1' ],
2244 silly audit   'regexp.prototype.flags': [ '1.5.4' ],
2244 silly audit   'safe-array-concat': [ '1.1.3' ],
2244 silly audit   'safe-push-apply': [ '1.0.0' ],
2244 silly audit   'safe-regex-test': [ '1.1.0' ],
2244 silly audit   'set-proto': [ '1.0.0' ],
2244 silly audit   'stop-iteration-iterator': [ '1.1.0' ],
2244 silly audit   'string.prototype.trim': [ '1.2.10' ],
2244 silly audit   'string.prototype.trimstart': [ '1.0.8' ],
2244 silly audit   'typed-array-buffer': [ '1.0.3' ],
2244 silly audit   'typed-array-byte-length': [ '1.0.3' ],
2244 silly audit   'typed-array-byte-offset': [ '1.0.4' ],
2244 silly audit   'typed-array-length': [ '1.0.7' ],
2244 silly audit   'unbox-primitive': [ '1.1.0' ],
2244 silly audit   'which-typed-array': [ '1.1.20' ],
2244 silly audit   'possible-typed-array-names': [ '1.1.0' ],
2244 silly audit   'has-tostringtag': [ '1.0.2' ],
2244 silly audit   'is-date-object': [ '1.1.0' ],
2244 silly audit   'is-symbol': [ '1.1.1' ],
2244 silly audit   'aria-query': [ '5.3.2' ],
2244 silly audit   'ast-types-flow': [ '0.0.8' ],
2244 silly audit   'axe-core': [ '4.11.1' ],
2244 silly audit   'axobject-query': [ '4.1.0' ],
2244 silly audit   'damerau-levenshtein': [ '1.0.8' ],
2244 silly audit   'emoji-regex': [ '9.2.2', '8.0.0' ],
2244 silly audit   'jsx-ast-utils': [ '3.3.5' ],
2244 silly audit   'language-tags': [ '1.0.9' ],
2244 silly audit   'string.prototype.includes': [ '2.0.1' ],
2244 silly audit   'array.prototype.findlast': [ '1.2.5' ],
2244 silly audit   'array.prototype.tosorted': [ '1.1.4' ],
2244 silly audit   'es-iterator-helpers': [ '1.3.1' ],
2244 silly audit   estraverse: [ '5.3.0' ],
2244 silly audit   'object.entries': [ '1.1.9' ],
2244 silly audit   'prop-types': [ '15.8.1' ],
2244 silly audit   'string.prototype.matchall': [ '4.0.12' ],
2244 silly audit   'string.prototype.repeat': [ '1.0.0' ],
2244 silly audit   'iterator.prototype': [ '1.1.5' ],
2244 silly audit   esrecurse: [ '4.3.0' ],
2244 silly audit   acorn: [ '8.16.0' ],
2244 silly audit   'acorn-jsx': [ '5.3.2' ],
2244 silly audit   reusify: [ '1.1.0' ],
2244 silly audit   'flat-cache': [ '3.2.0' ],
2244 silly audit   'locate-path': [ '6.0.0' ],
2244 silly audit   'path-exists': [ '4.0.0' ],
2244 silly audit   flatted: [ '3.4.1' ],
2244 silly audit   keyv: [ '4.5.4' ],
2244 silly audit   rimraf: [ '3.0.2' ],
2244 silly audit   'functions-have-names': [ '1.2.3' ],
2244 silly audit   'dunder-proto': [ '1.0.1' ],
2244 silly audit   'resolve-pkg-maps': [ '1.0.0' ],
2244 silly audit   'foreground-child': [ '3.3.1' ],
2244 silly audit   jackspeak: [ '2.3.6' ],
2244 silly audit   minipass: [ '7.1.3' ],
2244 silly audit   'path-scurry': [ '1.11.1' ],
2244 silly audit   'signal-exit': [ '4.1.0' ],
2244 silly audit   'type-fest': [ '0.20.2' ],
2244 silly audit   'array-union': [ '2.1.0' ],
2244 silly audit   'dir-glob': [ '3.0.1' ],
2244 silly audit   'fast-glob': [ '3.3.3' ],
2244 silly audit   merge2: [ '1.4.1' ],
2244 silly audit   slash: [ '3.0.0' ],
2244 silly audit   'path-type': [ '4.0.0' ],
2244 silly audit   micromatch: [ '4.0.8' ],
2244 silly audit   'parent-module': [ '1.0.1' ],
2244 silly audit   'resolve-from': [ '4.0.0' ],
2244 silly audit   'side-channel': [ '1.1.0' ],
2244 silly audit   'is-extglob': [ '2.1.1' ],
2244 silly audit   'set-function-name': [ '2.0.2' ],
2244 silly audit   '@isaacs/cliui': [ '8.0.2' ],
2244 silly audit   '@pkgjs/parseargs': [ '0.11.0' ],
2244 silly audit   'string-width': [ '5.1.2', '4.2.3' ],
2244 silly audit   'wrap-ansi': [ '8.1.0', '7.0.0' ],
2244 silly audit   argparse: [ '2.0.1' ],
2244 silly audit   'json-buffer': [ '3.0.1' ],
2244 silly audit   'language-subtag-registry': [ '0.3.23' ],
2244 silly audit   'prelude-ls': [ '1.2.1' ],
2244 silly audit   'type-check': [ '0.4.0' ],
2244 silly audit   'p-locate': [ '5.0.0' ],
2244 silly audit   braces: [ '3.0.3' ],
2244 silly audit   picomatch: [ '2.3.1', '4.0.3' ],
2244 silly audit   'fill-range': [ '7.1.1' ],
2244 silly audit   'to-regex-range': [ '5.0.1' ],
2244 silly audit   'brace-expansion': [ '1.1.12', '2.0.2' ],
2244 silly audit   'balanced-match': [ '1.0.2' ],
2244 silly audit   'concat-map': [ '0.0.1' ],
2244 silly audit   '@next/env': [ '14.2.5' ],
2244 silly audit   '@next/swc-darwin-arm64': [ '14.2.5' ],
2244 silly audit   '@next/swc-darwin-x64': [ '14.2.5' ],
2244 silly audit   '@next/swc-linux-arm64-gnu': [ '14.2.5' ],
2244 silly audit   '@next/swc-linux-arm64-musl': [ '14.2.5' ],
2244 silly audit   '@next/swc-linux-x64-gnu': [ '14.2.5' ],
2244 silly audit   '@next/swc-linux-x64-musl': [ '14.2.5' ],
2244 silly audit   '@next/swc-win32-arm64-msvc': [ '14.2.5' ],
2244 silly audit   '@next/swc-win32-ia32-msvc': [ '14.2.5' ],
2244 silly audit   '@next/swc-win32-x64-msvc': [ '14.2.5' ],
2244 silly audit   '@swc/helpers': [ '0.5.5' ],
2244 silly audit   busboy: [ '1.6.0' ],
2244 silly audit   'caniuse-lite': [ '1.0.30001779' ],
2244 silly audit   'graceful-fs': [ '4.2.11' ],
2244 silly audit   'styled-jsx': [ '5.1.1' ],
2244 silly audit   '@swc/counter': [ '0.1.3' ],
2244 silly audit   tslib: [ '2.8.1' ],
2244 silly audit   streamsearch: [ '1.1.0' ],
2244 silly audit   'deep-is': [ '0.1.4' ],
2244 silly audit   'fast-levenshtein': [ '2.0.6' ],
2244 silly audit   'word-wrap': [ '1.2.5' ],
2244 silly audit   'p-limit': [ '3.1.0' ],
2244 silly audit   'yocto-queue': [ '0.1.0' ],
2244 silly audit   callsites: [ '3.1.0' ],
2244 silly audit   'lru-cache': [ '10.4.3' ],
2244 silly audit   nanoid: [ '3.3.11' ],
2244 silly audit   picocolors: [ '1.1.1' ],
2244 silly audit   'source-map-js': [ '1.2.1' ],
2244 silly audit   'loose-envify': [ '1.4.0' ],
2244 silly audit   'object-assign': [ '4.1.1' ],
2244 silly audit   'js-tokens': [ '4.0.0' ],
2244 silly audit   scheduler: [ '0.23.2' ],
2244 silly audit   'path-parse': [ '1.0.7' ],
2244 silly audit   'supports-preserve-symlinks-flag': [ '1.0.0' ],
2244 silly audit   'queue-microtask': [ '1.2.3' ],
2244 silly audit   isarray: [ '2.0.5' ],
2244 silly audit   'shebang-regex': [ '3.0.0' ],
2244 silly audit   'side-channel-list': [ '1.0.0' ],
2244 silly audit   'side-channel-map': [ '1.0.1' ],
2244 silly audit   'side-channel-weakmap': [ '1.0.2' ],
2244 silly audit   eastasianwidth: [ '0.2.0' ],
2244 silly audit   'is-fullwidth-code-point': [ '3.0.0' ],
2244 silly audit   'ansi-regex': [ '5.0.1', '6.2.2' ],
2244 silly audit   'client-only': [ '0.0.1' ],
2244 silly audit   'has-flag': [ '4.0.0' ],
2244 silly audit   '@alloc/quick-lru': [ '5.2.0' ],
2244 silly audit   arg: [ '5.0.2' ],
2244 silly audit   chokidar: [ '3.6.0' ],
2244 silly audit   didyoumean: [ '1.2.2' ],
2244 silly audit   dlv: [ '1.1.3' ],
2244 silly audit   jiti: [ '1.21.7' ],
2244 silly audit   lilconfig: [ '3.1.3' ],
2244 silly audit   'normalize-path': [ '3.0.0' ],
2244 silly audit   'object-hash': [ '3.0.0' ],
2244 silly audit   'postcss-import': [ '15.1.0' ],
2244 silly audit   'postcss-js': [ '4.1.0' ],
2244 silly audit   'postcss-load-config': [ '6.0.1' ],
2244 silly audit   'postcss-nested': [ '6.2.0' ],
2244 silly audit   'postcss-selector-parser': [ '6.1.2' ],
2244 silly audit   sucrase: [ '3.35.1' ],
2244 silly audit   anymatch: [ '3.1.3' ],
2244 silly audit   fsevents: [ '2.3.3' ],
2244 silly audit   'is-binary-path': [ '2.1.0' ],
2244 silly audit   readdirp: [ '3.6.0' ],
2244 silly audit   'binary-extensions': [ '2.3.0' ],
2244 silly audit   'postcss-value-parser': [ '4.2.0' ],
2244 silly audit   'read-cache': [ '1.0.0' ],
2244 silly audit   'camelcase-css': [ '2.0.1' ],
2244 silly audit   cssesc: [ '3.0.0' ],
2244 silly audit   'util-deprecate': [ '1.0.2' ],
2244 silly audit   pify: [ '2.3.0' ],
2244 silly audit   '@jridgewell/gen-mapping': [ '0.3.13' ],
2244 silly audit   commander: [ '4.1.1' ],
2244 silly audit   'lines-and-columns': [ '1.2.4' ],
2244 silly audit   mz: [ '2.7.0' ],
2244 silly audit   pirates: [ '4.0.7' ],
2244 silly audit   'ts-interface-checker': [ '0.1.13' ],
2244 silly audit   '@jridgewell/sourcemap-codec': [ '1.5.5' ],
2244 silly audit   '@jridgewell/trace-mapping': [ '0.3.31' ],
2244 silly audit   '@jridgewell/resolve-uri': [ '3.1.2' ],
2244 silly audit   'any-promise': [ '1.3.0' ],
2244 silly audit   'thenify-all': [ '1.6.0' ],
2244 silly audit   thenify: [ '3.3.1' ],
2244 silly audit   fdir: [ '6.5.0' ],
2244 silly audit   'is-number': [ '7.0.0' ],
2244 silly audit   '@types/json5': [ '0.0.29' ],
2244 silly audit   json5: [ '1.0.2' ],
2244 silly audit   minimist: [ '1.2.8' ],
2244 silly audit   'strip-bom': [ '3.0.0' ],
2244 silly audit   'for-each': [ '0.3.5' ],
2244 silly audit   'reflect.getprototypeof': [ '1.0.10' ],
2244 silly audit   'which-builtin-type': [ '1.2.1' ],
2244 silly audit   'has-bigints': [ '1.1.0' ],
2244 silly audit   'which-boxed-primitive': [ '1.1.1' ],
2244 silly audit   '@unrs/resolver-binding-android-arm-eabi': [ '1.11.1' ],
2244 silly audit   '@unrs/resolver-binding-android-arm64': [ '1.11.1' ],
2244 silly audit   '@unrs/resolver-binding-darwin-arm64': [ '1.11.1' ],
2244 silly audit   '@unrs/resolver-binding-darwin-x64': [ '1.11.1' ],
2244 silly audit   '@unrs/resolver-binding-freebsd-x64': [ '1.11.1' ],
2244 silly audit   '@unrs/resolver-binding-linux-arm-gnueabihf': [ '1.11.1' ],
2244 silly audit   '@unrs/resolver-binding-linux-arm-musleabihf': [ '1.11.1' ],
2244 silly audit   '@unrs/resolver-binding-linux-arm64-gnu': [ '1.11.1' ],
2244 silly audit   '@unrs/resolver-binding-linux-arm64-musl': [ '1.11.1' ],
2244 silly audit   '@unrs/resolver-binding-linux-ppc64-gnu': [ '1.11.1' ],
2244 silly audit   '@unrs/resolver-binding-linux-riscv64-gnu': [ '1.11.1' ],
2244 silly audit   '@unrs/resolver-binding-linux-riscv64-musl': [ '1.11.1' ],
2244 silly audit   '@unrs/resolver-binding-linux-s390x-gnu': [ '1.11.1' ],
2244 silly audit   '@unrs/resolver-binding-linux-x64-gnu': [ '1.11.1' ],
2244 silly audit   '@unrs/resolver-binding-linux-x64-musl': [ '1.11.1' ],
2244 silly audit   '@unrs/resolver-binding-wasm32-wasi': [ '1.11.1' ],
2244 silly audit   '@unrs/resolver-binding-win32-arm64-msvc': [ '1.11.1' ],
2244 silly audit   '@unrs/resolver-binding-win32-ia32-msvc': [ '1.11.1' ],
2244 silly audit   '@unrs/resolver-binding-win32-x64-msvc': [ '1.11.1' ],
2244 silly audit   'napi-postinstall': [ '0.3.4' ],
2244 silly audit   '@napi-rs/wasm-runtime': [ '0.2.12' ],
2244 silly audit   '@emnapi/core': [ '1.9.0' ],
2244 silly audit   '@emnapi/runtime': [ '1.9.0' ],
2244 silly audit   '@tybys/wasm-util': [ '0.10.1' ],
2244 silly audit   '@emnapi/wasi-threads': [ '1.2.0' ],
2244 silly audit   punycode: [ '2.3.1' ],
2244 silly audit   isexe: [ '2.0.0' ],
2244 silly audit   'is-bigint': [ '1.1.0' ],
2244 silly audit   'is-boolean-object': [ '1.2.2' ],
2244 silly audit   'is-number-object': [ '1.1.1' ],
2244 silly audit   'is-async-function': [ '2.1.1' ],
2244 silly audit   'is-finalizationregistry': [ '1.1.1' ],
2244 silly audit   'is-generator-function': [ '1.1.2' ],
2244 silly audit   'which-collection': [ '1.0.2' ],
2244 silly audit   'async-function': [ '1.0.0' ],
2244 silly audit   'generator-function': [ '2.0.1' ],
2244 silly audit   'is-map': [ '2.0.3' ],
2244 silly audit   'is-weakmap': [ '2.0.2' ],
2244 silly audit   'is-weakset': [ '2.0.4' ],
2244 silly audit   'node-exports-info': [ '1.6.0' ],
2244 silly audit   'fs.realpath': [ '1.0.0' ],
2244 silly audit   inflight: [ '1.0.6' ],
2244 silly audit   inherits: [ '2.0.4' ],
2244 silly audit   once: [ '1.4.0' ],
2244 silly audit   'path-is-absolute': [ '1.0.1' ],
2244 silly audit   wrappy: [ '1.0.2' ]
2244 silly audit }
2245 verbose reify failed optional dependency /Users/gayathrisathish/Library/Mobile Documents/com~apple~CloudDocs/Desktop/Projects/RoadRhythm/node_modules/@unrs/resolver-binding-win32-x64-msvc
2246 silly reify mark deleted [
2246 silly reify   '/Users/gayathrisathish/Library/Mobile Documents/com~apple~CloudDocs/Desktop/Projects/RoadRhythm/node_modules/@unrs/resolver-binding-win32-x64-msvc'
2246 silly reify ]
2247 verbose reify failed optional dependency /Users/gayathrisathish/Library/Mobile Documents/com~apple~CloudDocs/Desktop/Projects/RoadRhythm/node_modules/@unrs/resolver-binding-win32-ia32-msvc
2248 silly reify mark deleted [
2248 silly reify   '/Users/gayathrisathish/Library/Mobile Documents/com~apple~CloudDocs/Desktop/Projects/RoadRhythm/node_modules/@unrs/resolver-binding-win32-ia32-msvc'
2248 silly reify ]
2249 verbose reify failed optional dependency /Users/gayathrisathish/Library/Mobile Documents/com~apple~CloudDocs/Desktop/Projects/RoadRhythm/node_modules/@unrs/resolver-binding-win32-arm64-msvc
2250 silly reify mark deleted [
2250 silly reify   '/Users/gayathrisathish/Library/Mobile Documents/com~apple~CloudDocs/Desktop/Projects/RoadRhythm/node_modules/@unrs/resolver-binding-win32-arm64-msvc'
2250 silly reify ]
2251 verbose reify failed optional dependency /Users/gayathrisathish/Library/Mobile Documents/com~apple~CloudDocs/Desktop/Projects/RoadRhythm/node_modules/@unrs/resolver-binding-wasm32-wasi
2252 silly reify mark deleted [
2252 silly reify   '/Users/gayathrisathish/Library/Mobile Documents/com~apple~CloudDocs/Desktop/Projects/RoadRhythm/node_modules/@unrs/resolver-binding-wasm32-wasi'
2252 silly reify ]
2253 verbose reify failed optional dependency /Users/gayathrisathish/Library/Mobile Documents/com~apple~CloudDocs/Desktop/Projects/RoadRhythm/node_modules/@napi-rs/wasm-runtime
2254 silly reify mark deleted [
2254 silly reify   '/Users/gayathrisathish/Library/Mobile Documents/com~apple~CloudDocs/Desktop/Projects/RoadRhythm/node_modules/@napi-rs/wasm-runtime'
2254 silly reify ]
2255 verbose reify failed optional dependency /Users/gayathrisathish/Library/Mobile Documents/com~apple~CloudDocs/Desktop/Projects/RoadRhythm/node_modules/@emnapi/core
2256 silly reify mark deleted [
2256 silly reify   '/Users/gayathrisathish/Library/Mobile Documents/com~apple~CloudDocs/Desktop/Projects/RoadRhythm/node_modules/@emnapi/core'
2256 silly reify ]
2257 verbose reify failed optional dependency /Users/gayathrisathish/Library/Mobile Documents/com~apple~CloudDocs/Desktop/Projects/RoadRhythm/node_modules/@emnapi/runtime
2258 silly reify mark deleted [
2258 silly reify   '/Users/gayathrisathish/Library/Mobile Documents/com~apple~CloudDocs/Desktop/Projects/RoadRhythm/node_modules/@emnapi/runtime'
2258 silly reify ]
2259 verbose reify failed optional dependency /Users/gayathrisathish/Library/Mobile Documents/com~apple~CloudDocs/Desktop/Projects/RoadRhythm/node_modules/@tybys/wasm-util
2260 silly reify mark deleted [
2260 silly reify   '/Users/gayathrisathish/Library/Mobile Documents/com~apple~CloudDocs/Desktop/Projects/RoadRhythm/node_modules/@tybys/wasm-util'
2260 silly reify ]
2261 verbose reify failed optional dependency /Users/gayathrisathish/Library/Mobile Documents/com~apple~CloudDocs/Desktop/Projects/RoadRhythm/node_modules/@emnapi/wasi-threads
2262 silly reify mark deleted [
2262 silly reify   '/Users/gayathrisathish/Library/Mobile Documents/com~apple~CloudDocs/Desktop/Projects/RoadRhythm/node_modules/@emnapi/wasi-threads'
2262 silly reify ]
2263 verbose reify failed optional dependency /Users/gayathrisathish/Library/Mobile Documents/com~apple~CloudDocs/Desktop/Projects/RoadRhythm/node_modules/@unrs/resolver-binding-linux-x64-musl
2264 silly reify mark deleted [
2264 silly reify   '/Users/gayathrisathish/Library/Mobile Documents/com~apple~CloudDocs/Desktop/Projects/RoadRhythm/node_modules/@unrs/resolver-binding-linux-x64-musl'
2264 silly reify ]
2265 verbose reify failed optional dependency /Users/gayathrisathish/Library/Mobile Documents/com~apple~CloudDocs/Desktop/Projects/RoadRhythm/node_modules/@unrs/resolver-binding-linux-x64-gnu
2266 silly reify mark deleted [
2266 silly reify   '/Users/gayathrisathish/Library/Mobile Documents/com~apple~CloudDocs/Desktop/Projects/RoadRhythm/node_modules/@unrs/resolver-binding-linux-x64-gnu'
2266 silly reify ]
2267 verbose reify failed optional dependency /Users/gayathrisathish/Library/Mobile Documents/com~apple~CloudDocs/Desktop/Projects/RoadRhythm/node_modules/@unrs/resolver-binding-linux-s390x-gnu
2268 silly reify mark deleted [
2268 silly reify   '/Users/gayathrisathish/Library/Mobile Documents/com~apple~CloudDocs/Desktop/Projects/RoadRhythm/node_modules/@unrs/resolver-binding-linux-s390x-gnu'
2268 silly reify ]
2269 verbose reify failed optional dependency /Users/gayathrisathish/Library/Mobile Documents/com~apple~CloudDocs/Desktop/Projects/RoadRhythm/node_modules/@unrs/resolver-binding-linux-riscv64-musl
2270 silly reify mark deleted [
2270 silly reify   '/Users/gayathrisathish/Library/Mobile Documents/com~apple~CloudDocs/Desktop/Projects/RoadRhythm/node_modules/@unrs/resolver-binding-linux-riscv64-musl'
2270 silly reify ]
2271 verbose reify failed optional dependency /Users/gayathrisathish/Library/Mobile Documents/com~apple~CloudDocs/Desktop/Projects/RoadRhythm/node_modules/@unrs/resolver-binding-linux-riscv64-gnu
2272 silly reify mark deleted [
2272 silly reify   '/Users/gayathrisathish/Library/Mobile Documents/com~apple~CloudDocs/Desktop/Projects/RoadRhythm/node_modules/@unrs/resolver-binding-linux-riscv64-gnu'
2272 silly reify ]
2273 verbose reify failed optional dependency /Users/gayathrisathish/Library/Mobile Documents/com~apple~CloudDocs/Desktop/Projects/RoadRhythm/node_modules/@unrs/resolver-binding-linux-ppc64-gnu
2274 silly reify mark deleted [
2274 silly reify   '/Users/gayathrisathish/Library/Mobile Documents/com~apple~CloudDocs/Desktop/Projects/RoadRhythm/node_modules/@unrs/resolver-binding-linux-ppc64-gnu'
2274 silly reify ]
2275 verbose reify failed optional dependency /Users/gayathrisathish/Library/Mobile Documents/com~apple~CloudDocs/Desktop/Projects/RoadRhythm/node_modules/@unrs/resolver-binding-linux-arm64-musl
2276 silly reify mark deleted [
2276 silly reify   '/Users/gayathrisathish/Library/Mobile Documents/com~apple~CloudDocs/Desktop/Projects/RoadRhythm/node_modules/@unrs/resolver-binding-linux-arm64-musl'
2276 silly reify ]
2277 verbose reify failed optional dependency /Users/gayathrisathish/Library/Mobile Documents/com~apple~CloudDocs/Desktop/Projects/RoadRhythm/node_modules/@unrs/resolver-binding-linux-arm64-gnu
2278 silly reify mark deleted [
2278 silly reify   '/Users/gayathrisathish/Library/Mobile Documents/com~apple~CloudDocs/Desktop/Projects/RoadRhythm/node_modules/@unrs/resolver-binding-linux-arm64-gnu'
2278 silly reify ]
2279 verbose reify failed optional dependency /Users/gayathrisathish/Library/Mobile Documents/com~apple~CloudDocs/Desktop/Projects/RoadRhythm/node_modules/@unrs/resolver-binding-linux-arm-musleabihf
2280 silly reify mark deleted [
2280 silly reify   '/Users/gayathrisathish/Library/Mobile Documents/com~apple~CloudDocs/Desktop/Projects/RoadRhythm/node_modules/@unrs/resolver-binding-linux-arm-musleabihf'
2280 silly reify ]
2281 verbose reify failed optional dependency /Users/gayathrisathish/Library/Mobile Documents/com~apple~CloudDocs/Desktop/Projects/RoadRhythm/node_modules/@unrs/resolver-binding-linux-arm-gnueabihf
2282 silly reify mark deleted [
2282 silly reify   '/Users/gayathrisathish/Library/Mobile Documents/com~apple~CloudDocs/Desktop/Projects/RoadRhythm/node_modules/@unrs/resolver-binding-linux-arm-gnueabihf'
2282 silly reify ]
2283 verbose reify failed optional dependency /Users/gayathrisathish/Library/Mobile Documents/com~apple~CloudDocs/Desktop/Projects/RoadRhythm/node_modules/@unrs/resolver-binding-freebsd-x64
2284 silly reify mark deleted [
2284 silly reify   '/Users/gayathrisathish/Library/Mobile Documents/com~apple~CloudDocs/Desktop/Projects/RoadRhythm/node_modules/@unrs/resolver-binding-freebsd-x64'
2284 silly reify ]
2285 verbose reify failed optional dependency /Users/gayathrisathish/Library/Mobile Documents/com~apple~CloudDocs/Desktop/Projects/RoadRhythm/node_modules/@unrs/resolver-binding-darwin-x64
2286 silly reify mark deleted [
2286 silly reify   '/Users/gayathrisathish/Library/Mobile Documents/com~apple~CloudDocs/Desktop/Projects/RoadRhythm/node_modules/@unrs/resolver-binding-darwin-x64'
2286 silly reify ]
2287 verbose reify failed optional dependency /Users/gayathrisathish/Library/Mobile Documents/com~apple~CloudDocs/Desktop/Projects/RoadRhythm/node_modules/@unrs/resolver-binding-android-arm64
2288 silly reify mark deleted [
2288 silly reify   '/Users/gayathrisathish/Library/Mobile Documents/com~apple~CloudDocs/Desktop/Projects/RoadRhythm/node_modules/@unrs/resolver-binding-android-arm64'
2288 silly reify ]
2289 verbose reify failed optional dependency /Users/gayathrisathish/Library/Mobile Documents/com~apple~CloudDocs/Desktop/Projects/RoadRhythm/node_modules/@unrs/resolver-binding-android-arm-eabi
2290 silly reify mark deleted [
2290 silly reify   '/Users/gayathrisathish/Library/Mobile Documents/com~apple~CloudDocs/Desktop/Projects/RoadRhythm/node_modules/@unrs/resolver-binding-android-arm-eabi'
2290 silly reify ]
2291 verbose reify failed optional dependency /Users/gayathrisathish/Library/Mobile Documents/com~apple~CloudDocs/Desktop/Projects/RoadRhythm/node_modules/@next/swc-win32-x64-msvc
2292 silly reify mark deleted [
2292 silly reify   '/Users/gayathrisathish/Library/Mobile Documents/com~apple~CloudDocs/Desktop/Projects/RoadRhythm/node_modules/@next/swc-win32-x64-msvc'
2292 silly reify ]
2293 verbose reify failed optional dependency /Users/gayathrisathish/Library/Mobile Documents/com~apple~CloudDocs/Desktop/Projects/RoadRhythm/node_modules/@next/swc-win32-ia32-msvc
2294 silly reify mark deleted [
2294 silly reify   '/Users/gayathrisathish/Library/Mobile Documents/com~apple~CloudDocs/Desktop/Projects/RoadRhythm/node_modules/@next/swc-win32-ia32-msvc'
2294 silly reify ]
2295 verbose reify failed optional dependency /Users/gayathrisathish/Library/Mobile Documents/com~apple~CloudDocs/Desktop/Projects/RoadRhythm/node_modules/@next/swc-win32-arm64-msvc
2296 silly reify mark deleted [
2296 silly reify   '/Users/gayathrisathish/Library/Mobile Documents/com~apple~CloudDocs/Desktop/Projects/RoadRhythm/node_modules/@next/swc-win32-arm64-msvc'
2296 silly reify ]
2297 verbose reify failed optional dependency /Users/gayathrisathish/Library/Mobile Documents/com~apple~CloudDocs/Desktop/Projects/RoadRhythm/node_modules/@next/swc-linux-x64-musl
2298 silly reify mark deleted [
2298 silly reify   '/Users/gayathrisathish/Library/Mobile Documents/com~apple~CloudDocs/Desktop/Projects/RoadRhythm/node_modules/@next/swc-linux-x64-musl'
2298 silly reify ]
2299 verbose reify failed optional dependency /Users/gayathrisathish/Library/Mobile Documents/com~apple~CloudDocs/Desktop/Projects/RoadRhythm/node_modules/@next/swc-linux-x64-gnu
2300 silly reify mark deleted [
2300 silly reify   '/Users/gayathrisathish/Library/Mobile Documents/com~apple~CloudDocs/Desktop/Projects/RoadRhythm/node_modules/@next/swc-linux-x64-gnu'
2300 silly reify ]
2301 verbose reify failed optional dependency /Users/gayathrisathish/Library/Mobile Documents/com~apple~CloudDocs/Desktop/Projects/RoadRhythm/node_modules/@next/swc-linux-arm64-musl
2302 silly reify mark deleted [
2302 silly reify   '/Users/gayathrisathish/Library/Mobile Documents/com~apple~CloudDocs/Desktop/Projects/RoadRhythm/node_modules/@next/swc-linux-arm64-musl'
2302 silly reify ]
2303 verbose reify failed optional dependency /Users/gayathrisathish/Library/Mobile Documents/com~apple~CloudDocs/Desktop/Projects/RoadRhythm/node_modules/@next/swc-linux-arm64-gnu
2304 silly reify mark deleted [
2304 silly reify   '/Users/gayathrisathish/Library/Mobile Documents/com~apple~CloudDocs/Desktop/Projects/RoadRhythm/node_modules/@next/swc-linux-arm64-gnu'
2304 silly reify ]
2305 verbose reify failed optional dependency /Users/gayathrisathish/Library/Mobile Documents/com~apple~CloudDocs/Desktop/Projects/RoadRhythm/node_modules/@next/swc-darwin-x64
2306 silly reify mark deleted [
2306 silly reify   '/Users/gayathrisathish/Library/Mobile Documents/com~apple~CloudDocs/Desktop/Projects/RoadRhythm/node_modules/@next/swc-darwin-x64'
2306 silly reify ]
2307 http cache path-is-absolute@https://registry.npmjs.org/path-is-absolute/-/path-is-absolute-1.0.1.tgz 0ms (cache hit)
2308 http cache inflight@https://registry.npmjs.org/inflight/-/inflight-1.0.6.tgz 0ms (cache hit)
2309 http cache wrappy@https://registry.npmjs.org/wrappy/-/wrappy-1.0.2.tgz 0ms (cache hit)
2310 http cache once@https://registry.npmjs.org/once/-/once-1.4.0.tgz 0ms (cache hit)
2311 http cache inherits@https://registry.npmjs.org/inherits/-/inherits-2.0.4.tgz 0ms (cache hit)
2312 http cache fs.realpath@https://registry.npmjs.org/fs.realpath/-/fs.realpath-1.0.0.tgz 0ms (cache hit)
2313 http cache is-weakset@https://registry.npmjs.org/is-weakset/-/is-weakset-2.0.4.tgz 0ms (cache hit)
2314 http cache node-exports-info@https://registry.npmjs.org/node-exports-info/-/node-exports-info-1.6.0.tgz 0ms (cache hit)
2315 http cache is-weakmap@https://registry.npmjs.org/is-weakmap/-/is-weakmap-2.0.2.tgz 0ms (cache hit)
2316 http cache is-map@https://registry.npmjs.org/is-map/-/is-map-2.0.3.tgz 0ms (cache hit)
2317 http cache generator-function@https://registry.npmjs.org/generator-function/-/generator-function-2.0.1.tgz 0ms (cache hit)
2318 http cache is-generator-function@https://registry.npmjs.org/is-generator-function/-/is-generator-function-1.1.2.tgz 0ms (cache hit)
2319 http cache async-function@https://registry.npmjs.org/async-function/-/async-function-1.0.0.tgz 0ms (cache hit)
2320 http cache which-collection@https://registry.npmjs.org/which-collection/-/which-collection-1.0.2.tgz 0ms (cache hit)
2321 http cache is-finalizationregistry@https://registry.npmjs.org/is-finalizationregistry/-/is-finalizationregistry-1.1.1.tgz 0ms (cache hit)
2322 http cache is-async-function@https://registry.npmjs.org/is-async-function/-/is-async-function-2.1.1.tgz 0ms (cache hit)
2323 http cache is-boolean-object@https://registry.npmjs.org/is-boolean-object/-/is-boolean-object-1.2.2.tgz 0ms (cache hit)
2324 http cache is-number-object@https://registry.npmjs.org/is-number-object/-/is-number-object-1.1.1.tgz 0ms (cache hit)
2325 http cache punycode@https://registry.npmjs.org/punycode/-/punycode-2.3.1.tgz 0ms (cache hit)
2326 http cache @emnapi/wasi-threads@https://registry.npmjs.org/@emnapi/wasi-threads/-/wasi-threads-1.2.0.tgz 0ms (cache hit)
2327 http cache is-bigint@https://registry.npmjs.org/is-bigint/-/is-bigint-1.1.0.tgz 0ms (cache hit)
2328 http cache @emnapi/runtime@https://registry.npmjs.org/@emnapi/runtime/-/runtime-1.9.0.tgz 0ms (cache hit)
2329 http cache napi-postinstall@https://registry.npmjs.org/napi-postinstall/-/napi-postinstall-0.3.4.tgz 0ms (cache hit)
2330 http cache @tybys/wasm-util@https://registry.npmjs.org/@tybys/wasm-util/-/wasm-util-0.10.1.tgz 0ms (cache hit)
2331 http cache @emnapi/core@https://registry.npmjs.org/@emnapi/core/-/core-1.9.0.tgz 0ms (cache hit)
2332 http cache @napi-rs/wasm-runtime@https://registry.npmjs.org/@napi-rs/wasm-runtime/-/wasm-runtime-0.2.12.tgz 0ms (cache hit)
2333 http cache @unrs/resolver-binding-darwin-arm64@https://registry.npmjs.org/@unrs/resolver-binding-darwin-arm64/-/resolver-binding-darwin-arm64-1.11.1.tgz 0ms (cache hit)
2334 http cache has-bigints@https://registry.npmjs.org/has-bigints/-/has-bigints-1.1.0.tgz 0ms (cache hit)
2335 http cache reflect.getprototypeof@https://registry.npmjs.org/reflect.getprototypeof/-/reflect.getprototypeof-1.0.10.tgz 0ms (cache hit)
2336 http cache which-boxed-primitive@https://registry.npmjs.org/which-boxed-primitive/-/which-boxed-primitive-1.1.1.tgz 0ms (cache hit)
2337 http cache minimist@https://registry.npmjs.org/minimist/-/minimist-1.2.8.tgz 0ms (cache hit)
2338 http cache which-builtin-type@https://registry.npmjs.org/which-builtin-type/-/which-builtin-type-1.2.1.tgz 0ms (cache hit)
2339 http cache for-each@https://registry.npmjs.org/for-each/-/for-each-0.3.5.tgz 0ms (cache hit)
2340 http cache strip-bom@https://registry.npmjs.org/strip-bom/-/strip-bom-3.0.0.tgz 0ms (cache hit)
2341 http cache json5@https://registry.npmjs.org/json5/-/json5-1.0.2.tgz 0ms (cache hit)
2342 http cache @types/json5@https://registry.npmjs.org/@types/json5/-/json5-0.0.29.tgz 0ms (cache hit)
2343 http cache thenify@https://registry.npmjs.org/thenify/-/thenify-3.3.1.tgz 0ms (cache hit)
2344 http cache is-number@https://registry.npmjs.org/is-number/-/is-number-7.0.0.tgz 0ms (cache hit)
2345 http cache thenify-all@https://registry.npmjs.org/thenify-all/-/thenify-all-1.6.0.tgz 0ms (cache hit)
2346 http cache any-promise@https://registry.npmjs.org/any-promise/-/any-promise-1.3.0.tgz 0ms (cache hit)
2347 http cache @jridgewell/resolve-uri@https://registry.npmjs.org/@jridgewell/resolve-uri/-/resolve-uri-3.1.2.tgz 0ms (cache hit)
2348 http cache @jridgewell/trace-mapping@https://registry.npmjs.org/@jridgewell/trace-mapping/-/trace-mapping-0.3.31.tgz 0ms (cache hit)
2349 http cache ts-interface-checker@https://registry.npmjs.org/ts-interface-checker/-/ts-interface-checker-0.1.13.tgz 0ms (cache hit)
2350 http cache @jridgewell/sourcemap-codec@https://registry.npmjs.org/@jridgewell/sourcemap-codec/-/sourcemap-codec-1.5.5.tgz 0ms (cache hit)
2351 http cache pirates@https://registry.npmjs.org/pirates/-/pirates-4.0.7.tgz 0ms (cache hit)
2352 http cache mz@https://registry.npmjs.org/mz/-/mz-2.7.0.tgz 0ms (cache hit)
2353 http cache lines-and-columns@https://registry.npmjs.org/lines-and-columns/-/lines-and-columns-1.2.4.tgz 0ms (cache hit)
2354 http cache commander@https://registry.npmjs.org/commander/-/commander-4.1.1.tgz 0ms (cache hit)
2355 http cache util-deprecate@https://registry.npmjs.org/util-deprecate/-/util-deprecate-1.0.2.tgz 0ms (cache hit)
2356 http cache @jridgewell/gen-mapping@https://registry.npmjs.org/@jridgewell/gen-mapping/-/gen-mapping-0.3.13.tgz 0ms (cache hit)
2357 http cache cssesc@https://registry.npmjs.org/cssesc/-/cssesc-3.0.0.tgz 0ms (cache hit)
2358 http cache camelcase-css@https://registry.npmjs.org/camelcase-css/-/camelcase-css-2.0.1.tgz 0ms (cache hit)
2359 http cache postcss-value-parser@https://registry.npmjs.org/postcss-value-parser/-/postcss-value-parser-4.2.0.tgz 0ms (cache hit)
2360 http cache pify@https://registry.npmjs.org/pify/-/pify-2.3.0.tgz 0ms (cache hit)
2361 http cache binary-extensions@https://registry.npmjs.org/binary-extensions/-/binary-extensions-2.3.0.tgz 0ms (cache hit)
2362 http cache is-binary-path@https://registry.npmjs.org/is-binary-path/-/is-binary-path-2.1.0.tgz 0ms (cache hit)
2363 http cache read-cache@https://registry.npmjs.org/read-cache/-/read-cache-1.0.0.tgz 0ms (cache hit)
2364 http cache fsevents@https://registry.npmjs.org/fsevents/-/fsevents-2.3.3.tgz 0ms (cache hit)
2365 http cache anymatch@https://registry.npmjs.org/anymatch/-/anymatch-3.1.3.tgz 0ms (cache hit)
2366 http cache sucrase@https://registry.npmjs.org/sucrase/-/sucrase-3.35.1.tgz 0ms (cache hit)
2367 http cache isexe@https://registry.npmjs.org/isexe/-/isexe-2.0.0.tgz 0ms (cache hit)
2368 http cache postcss-load-config@https://registry.npmjs.org/postcss-load-config/-/postcss-load-config-6.0.1.tgz 0ms (cache hit)
2369 http cache object-hash@https://registry.npmjs.org/object-hash/-/object-hash-3.0.0.tgz 0ms (cache hit)
2370 http cache postcss-js@https://registry.npmjs.org/postcss-js/-/postcss-js-4.1.0.tgz 0ms (cache hit)
2371 http cache postcss-nested@https://registry.npmjs.org/postcss-nested/-/postcss-nested-6.2.0.tgz 0ms (cache hit)
2372 http cache postcss-selector-parser@https://registry.npmjs.org/postcss-selector-parser/-/postcss-selector-parser-6.1.2.tgz 0ms (cache hit)
2373 http cache normalize-path@https://registry.npmjs.org/normalize-path/-/normalize-path-3.0.0.tgz 0ms (cache hit)
2374 http cache dlv@https://registry.npmjs.org/dlv/-/dlv-1.1.3.tgz 0ms (cache hit)
2375 http cache postcss-import@https://registry.npmjs.org/postcss-import/-/postcss-import-15.1.0.tgz 0ms (cache hit)
2376 http cache jiti@https://registry.npmjs.org/jiti/-/jiti-1.21.7.tgz 0ms (cache hit)
2377 http cache lilconfig@https://registry.npmjs.org/lilconfig/-/lilconfig-3.1.3.tgz 0ms (cache hit)
2378 http cache didyoumean@https://registry.npmjs.org/didyoumean/-/didyoumean-1.2.2.tgz 0ms (cache hit)
2379 http cache chokidar@https://registry.npmjs.org/chokidar/-/chokidar-3.6.0.tgz 0ms (cache hit)
2380 http cache has-flag@https://registry.npmjs.org/has-flag/-/has-flag-4.0.0.tgz 0ms (cache hit)
2381 http cache arg@https://registry.npmjs.org/arg/-/arg-5.0.2.tgz 0ms (cache hit)
2382 http cache ansi-regex@https://registry.npmjs.org/ansi-regex/-/ansi-regex-5.0.1.tgz 0ms (cache hit)
2383 http cache @alloc/quick-lru@https://registry.npmjs.org/@alloc/quick-lru/-/quick-lru-5.2.0.tgz 0ms (cache hit)
2384 http cache client-only@https://registry.npmjs.org/client-only/-/client-only-0.0.1.tgz 0ms (cache hit)
2385 http cache side-channel-map@https://registry.npmjs.org/side-channel-map/-/side-channel-map-1.0.1.tgz 0ms (cache hit)
2386 http cache is-fullwidth-code-point@https://registry.npmjs.org/is-fullwidth-code-point/-/is-fullwidth-code-point-3.0.0.tgz 0ms (cache hit)
2387 http cache side-channel-list@https://registry.npmjs.org/side-channel-list/-/side-channel-list-1.0.0.tgz 0ms (cache hit)
2388 http cache isarray@https://registry.npmjs.org/isarray/-/isarray-2.0.5.tgz 0ms (cache hit)
2389 http cache eastasianwidth@https://registry.npmjs.org/eastasianwidth/-/eastasianwidth-0.2.0.tgz 0ms (cache hit)
2390 http cache side-channel-weakmap@https://registry.npmjs.org/side-channel-weakmap/-/side-channel-weakmap-1.0.2.tgz 0ms (cache hit)
2391 http cache shebang-regex@https://registry.npmjs.org/shebang-regex/-/shebang-regex-3.0.0.tgz 0ms (cache hit)
2392 http cache path-parse@https://registry.npmjs.org/path-parse/-/path-parse-1.0.7.tgz 1ms (cache hit)
2393 http cache supports-preserve-symlinks-flag@https://registry.npmjs.org/supports-preserve-symlinks-flag/-/supports-preserve-symlinks-flag-1.0.0.tgz 0ms (cache hit)
2394 http cache object-assign@https://registry.npmjs.org/object-assign/-/object-assign-4.1.1.tgz 0ms (cache hit)
2395 http cache js-tokens@https://registry.npmjs.org/js-tokens/-/js-tokens-4.0.0.tgz 0ms (cache hit)
2396 http cache nanoid@https://registry.npmjs.org/nanoid/-/nanoid-3.3.11.tgz 0ms (cache hit)
2397 http cache loose-envify@https://registry.npmjs.org/loose-envify/-/loose-envify-1.4.0.tgz 0ms (cache hit)
2398 http cache picocolors@https://registry.npmjs.org/picocolors/-/picocolors-1.1.1.tgz 0ms (cache hit)
2399 http cache callsites@https://registry.npmjs.org/callsites/-/callsites-3.1.0.tgz 0ms (cache hit)
2400 http cache lru-cache@https://registry.npmjs.org/lru-cache/-/lru-cache-10.4.3.tgz 0ms (cache hit)
2401 http cache yocto-queue@https://registry.npmjs.org/yocto-queue/-/yocto-queue-0.1.0.tgz 0ms (cache hit)
2402 http cache p-limit@https://registry.npmjs.org/p-limit/-/p-limit-3.1.0.tgz 0ms (cache hit)
2403 http cache word-wrap@https://registry.npmjs.org/word-wrap/-/word-wrap-1.2.5.tgz 0ms (cache hit)
2404 http cache queue-microtask@https://registry.npmjs.org/queue-microtask/-/queue-microtask-1.2.3.tgz 0ms (cache hit)
2405 http cache fast-levenshtein@https://registry.npmjs.org/fast-levenshtein/-/fast-levenshtein-2.0.6.tgz 0ms (cache hit)
2406 http cache source-map-js@https://registry.npmjs.org/source-map-js/-/source-map-js-1.2.1.tgz 0ms (cache hit)
2407 http cache deep-is@https://registry.npmjs.org/deep-is/-/deep-is-0.1.4.tgz 0ms (cache hit)
2408 http cache @swc/counter@https://registry.npmjs.org/@swc/counter/-/counter-0.1.3.tgz 0ms (cache hit)
2409 http cache graceful-fs@https://registry.npmjs.org/graceful-fs/-/graceful-fs-4.2.11.tgz 0ms (cache hit)
2410 http cache tslib@https://registry.npmjs.org/tslib/-/tslib-2.8.1.tgz 0ms (cache hit)
2411 http cache streamsearch@https://registry.npmjs.org/streamsearch/-/streamsearch-1.1.0.tgz 0ms (cache hit)
2412 http cache styled-jsx@https://registry.npmjs.org/styled-jsx/-/styled-jsx-5.1.1.tgz 0ms (cache hit)
2413 http cache busboy@https://registry.npmjs.org/busboy/-/busboy-1.6.0.tgz 0ms (cache hit)
2414 http cache @next/swc-darwin-arm64@https://registry.npmjs.org/@next/swc-darwin-arm64/-/swc-darwin-arm64-14.2.5.tgz 0ms (cache hit)
2415 http cache @swc/helpers@https://registry.npmjs.org/@swc/helpers/-/helpers-0.5.5.tgz 0ms (cache hit)
2416 http cache caniuse-lite@https://registry.npmjs.org/caniuse-lite/-/caniuse-lite-1.0.30001779.tgz 0ms (cache hit)
2417 http cache @next/env@https://registry.npmjs.org/@next/env/-/env-14.2.5.tgz 0ms (cache hit)
2418 http cache concat-map@https://registry.npmjs.org/concat-map/-/concat-map-0.0.1.tgz 0ms (cache hit)
2419 http cache readdirp@https://registry.npmjs.org/readdirp/-/readdirp-3.6.0.tgz 0ms (cache hit)
2420 http cache brace-expansion@https://registry.npmjs.org/brace-expansion/-/brace-expansion-1.1.12.tgz 0ms (cache hit)
2421 http cache fill-range@https://registry.npmjs.org/fill-range/-/fill-range-7.1.1.tgz 0ms (cache hit)
2422 http cache braces@https://registry.npmjs.org/braces/-/braces-3.0.3.tgz 0ms (cache hit)
2423 http cache balanced-match@https://registry.npmjs.org/balanced-match/-/balanced-match-1.0.2.tgz 0ms (cache hit)
2424 http cache type-check@https://registry.npmjs.org/type-check/-/type-check-0.4.0.tgz 0ms (cache hit)
2425 http cache to-regex-range@https://registry.npmjs.org/to-regex-range/-/to-regex-range-5.0.1.tgz 0ms (cache hit)
2426 http cache picomatch@https://registry.npmjs.org/picomatch/-/picomatch-2.3.1.tgz 0ms (cache hit)
2427 http cache prelude-ls@https://registry.npmjs.org/prelude-ls/-/prelude-ls-1.2.1.tgz 0ms (cache hit)
2428 http cache p-locate@https://registry.npmjs.org/p-locate/-/p-locate-5.0.0.tgz 0ms (cache hit)
2429 http cache language-subtag-registry@https://registry.npmjs.org/language-subtag-registry/-/language-subtag-registry-0.3.23.tgz 0ms (cache hit)
2430 http cache json-buffer@https://registry.npmjs.org/json-buffer/-/json-buffer-3.0.1.tgz 0ms (cache hit)
2431 http cache wrap-ansi-cjs@https://registry.npmjs.org/wrap-ansi/-/wrap-ansi-7.0.0.tgz 0ms (cache hit)
2432 http cache argparse@https://registry.npmjs.org/argparse/-/argparse-2.0.1.tgz 0ms (cache hit)
2433 http cache wrap-ansi@https://registry.npmjs.org/wrap-ansi/-/wrap-ansi-8.1.0.tgz 0ms (cache hit)
2434 http cache strip-ansi-cjs@https://registry.npmjs.org/strip-ansi/-/strip-ansi-6.0.1.tgz 0ms (cache hit)
2435 http cache string-width-cjs@https://registry.npmjs.org/string-width/-/string-width-4.2.3.tgz 0ms (cache hit)
2436 http cache @pkgjs/parseargs@https://registry.npmjs.org/@pkgjs/parseargs/-/parseargs-0.11.0.tgz 0ms (cache hit)
2437 http cache string-width@https://registry.npmjs.org/string-width/-/string-width-5.1.2.tgz 0ms (cache hit)
2438 http cache @isaacs/cliui@https://registry.npmjs.org/@isaacs/cliui/-/cliui-8.0.2.tgz 0ms (cache hit)
2439 http cache resolve-from@https://registry.npmjs.org/resolve-from/-/resolve-from-4.0.0.tgz 0ms (cache hit)
2440 http cache set-function-name@https://registry.npmjs.org/set-function-name/-/set-function-name-2.0.2.tgz 0ms (cache hit)
2441 http cache parent-module@https://registry.npmjs.org/parent-module/-/parent-module-1.0.1.tgz 0ms (cache hit)
2442 http cache side-channel@https://registry.npmjs.org/side-channel/-/side-channel-1.1.0.tgz 0ms (cache hit)
2443 http cache is-extglob@https://registry.npmjs.org/is-extglob/-/is-extglob-2.1.1.tgz 0ms (cache hit)
2444 http cache path-type@https://registry.npmjs.org/path-type/-/path-type-4.0.0.tgz 0ms (cache hit)
2445 http cache micromatch@https://registry.npmjs.org/micromatch/-/micromatch-4.0.8.tgz 0ms (cache hit)
2446 http cache slash@https://registry.npmjs.org/slash/-/slash-3.0.0.tgz 0ms (cache hit)
2447 http cache fast-glob@https://registry.npmjs.org/fast-glob/-/fast-glob-3.3.3.tgz 0ms (cache hit)
2448 http cache dir-glob@https://registry.npmjs.org/dir-glob/-/dir-glob-3.0.1.tgz 0ms (cache hit)
2449 http cache merge2@https://registry.npmjs.org/merge2/-/merge2-1.4.1.tgz 0ms (cache hit)
2450 http cache array-union@https://registry.npmjs.org/array-union/-/array-union-2.1.0.tgz 0ms (cache hit)
2451 http cache path-scurry@https://registry.npmjs.org/path-scurry/-/path-scurry-1.11.1.tgz 0ms (cache hit)
2452 http cache minipass@https://registry.npmjs.org/minipass/-/minipass-7.1.3.tgz 0ms (cache hit)
2453 http cache jackspeak@https://registry.npmjs.org/jackspeak/-/jackspeak-2.3.6.tgz 0ms (cache hit)
2454 http cache foreground-child@https://registry.npmjs.org/foreground-child/-/foreground-child-3.3.1.tgz 0ms (cache hit)
2455 http cache dunder-proto@https://registry.npmjs.org/dunder-proto/-/dunder-proto-1.0.1.tgz 0ms (cache hit)
2456 http cache signal-exit@https://registry.npmjs.org/signal-exit/-/signal-exit-4.1.0.tgz 0ms (cache hit)
2457 http cache resolve-pkg-maps@https://registry.npmjs.org/resolve-pkg-maps/-/resolve-pkg-maps-1.0.0.tgz 0ms (cache hit)
2458 http cache rimraf@https://registry.npmjs.org/rimraf/-/rimraf-3.0.2.tgz 0ms (cache hit)
2459 http cache flatted@https://registry.npmjs.org/flatted/-/flatted-3.4.1.tgz 0ms (cache hit)
2460 http cache path-exists@https://registry.npmjs.org/path-exists/-/path-exists-4.0.0.tgz 0ms (cache hit)
2461 http cache locate-path@https://registry.npmjs.org/locate-path/-/locate-path-6.0.0.tgz 0ms (cache hit)
2462 http cache reusify@https://registry.npmjs.org/reusify/-/reusify-1.1.0.tgz 0ms (cache hit)
2463 http cache flat-cache@https://registry.npmjs.org/flat-cache/-/flat-cache-3.2.0.tgz 0ms (cache hit)
2464 http cache acorn-jsx@https://registry.npmjs.org/acorn-jsx/-/acorn-jsx-5.3.2.tgz 0ms (cache hit)
2465 http cache esrecurse@https://registry.npmjs.org/esrecurse/-/esrecurse-4.3.0.tgz 0ms (cache hit)
2466 http cache iterator.prototype@https://registry.npmjs.org/iterator.prototype/-/iterator.prototype-1.1.5.tgz 0ms (cache hit)
2467 http cache string.prototype.repeat@https://registry.npmjs.org/string.prototype.repeat/-/string.prototype.repeat-1.0.0.tgz 0ms (cache hit)
2468 http cache type-fest@https://registry.npmjs.org/type-fest/-/type-fest-0.20.2.tgz 0ms (cache hit)
2469 http cache prop-types@https://registry.npmjs.org/prop-types/-/prop-types-15.8.1.tgz 0ms (cache hit)
2470 http cache functions-have-names@https://registry.npmjs.org/functions-have-names/-/functions-have-names-1.2.3.tgz 0ms (cache hit)
2471 http cache estraverse@https://registry.npmjs.org/estraverse/-/estraverse-5.3.0.tgz 0ms (cache hit)
2472 http cache object.entries@https://registry.npmjs.org/object.entries/-/object.entries-1.1.9.tgz 0ms (cache hit)
2473 http cache string.prototype.matchall@https://registry.npmjs.org/string.prototype.matchall/-/string.prototype.matchall-4.0.12.tgz 0ms (cache hit)
2474 http cache array.prototype.findlast@https://registry.npmjs.org/array.prototype.findlast/-/array.prototype.findlast-1.2.5.tgz 0ms (cache hit)
2475 http cache es-iterator-helpers@https://registry.npmjs.org/es-iterator-helpers/-/es-iterator-helpers-1.3.1.tgz 0ms (cache hit)
2476 http cache language-tags@https://registry.npmjs.org/language-tags/-/language-tags-1.0.9.tgz 0ms (cache hit)
2477 http cache array.prototype.tosorted@https://registry.npmjs.org/array.prototype.tosorted/-/array.prototype.tosorted-1.1.4.tgz 0ms (cache hit)
2478 http cache string.prototype.includes@https://registry.npmjs.org/string.prototype.includes/-/string.prototype.includes-2.0.1.tgz 0ms (cache hit)
2479 http cache jsx-ast-utils@https://registry.npmjs.org/jsx-ast-utils/-/jsx-ast-utils-3.3.5.tgz 0ms (cache hit)
2480 http cache emoji-regex@https://registry.npmjs.org/emoji-regex/-/emoji-regex-9.2.2.tgz 0ms (cache hit)
2481 http cache axe-core@https://registry.npmjs.org/axe-core/-/axe-core-4.11.1.tgz 0ms (cache hit)
2482 http cache damerau-levenshtein@https://registry.npmjs.org/damerau-levenshtein/-/damerau-levenshtein-1.0.8.tgz 0ms (cache hit)
2483 http cache acorn@https://registry.npmjs.org/acorn/-/acorn-8.16.0.tgz 0ms (cache hit)
2484 http cache axobject-query@https://registry.npmjs.org/axobject-query/-/axobject-query-4.1.0.tgz 0ms (cache hit)
2485 http cache is-symbol@https://registry.npmjs.org/is-symbol/-/is-symbol-1.1.1.tgz 0ms (cache hit)
2486 http cache ast-types-flow@https://registry.npmjs.org/ast-types-flow/-/ast-types-flow-0.0.8.tgz 0ms (cache hit)
2487 http cache possible-typed-array-names@https://registry.npmjs.org/possible-typed-array-names/-/possible-typed-array-names-1.1.0.tgz 0ms (cache hit)
2488 http cache aria-query@https://registry.npmjs.org/aria-query/-/aria-query-5.3.2.tgz 0ms (cache hit)
2489 http cache is-date-object@https://registry.npmjs.org/is-date-object/-/is-date-object-1.1.0.tgz 0ms (cache hit)
2490 http cache typed-array-byte-offset@https://registry.npmjs.org/typed-array-byte-offset/-/typed-array-byte-offset-1.0.4.tgz 0ms (cache hit)
2491 http cache which-typed-array@https://registry.npmjs.org/which-typed-array/-/which-typed-array-1.1.20.tgz 0ms (cache hit)
2492 http cache unbox-primitive@https://registry.npmjs.org/unbox-primitive/-/unbox-primitive-1.1.0.tgz 0ms (cache hit)
2493 http cache typed-array-length@https://registry.npmjs.org/typed-array-length/-/typed-array-length-1.0.7.tgz 0ms (cache hit)
2494 http cache string.prototype.trim@https://registry.npmjs.org/string.prototype.trim/-/string.prototype.trim-1.2.10.tgz 0ms (cache hit)
2495 http cache typed-array-byte-length@https://registry.npmjs.org/typed-array-byte-length/-/typed-array-byte-length-1.0.3.tgz 0ms (cache hit)
2496 http cache has-tostringtag@https://registry.npmjs.org/has-tostringtag/-/has-tostringtag-1.0.2.tgz 0ms (cache hit)
2497 http cache safe-regex-test@https://registry.npmjs.org/safe-regex-test/-/safe-regex-test-1.1.0.tgz 0ms (cache hit)
2498 http cache typed-array-buffer@https://registry.npmjs.org/typed-array-buffer/-/typed-array-buffer-1.0.3.tgz 0ms (cache hit)
2499 http cache stop-iteration-iterator@https://registry.npmjs.org/stop-iteration-iterator/-/stop-iteration-iterator-1.1.0.tgz 0ms (cache hit)
2500 http cache string.prototype.trimstart@https://registry.npmjs.org/string.prototype.trimstart/-/string.prototype.trimstart-1.0.8.tgz 0ms (cache hit)
2501 http cache set-proto@https://registry.npmjs.org/set-proto/-/set-proto-1.0.0.tgz 0ms (cache hit)
2502 http cache safe-array-concat@https://registry.npmjs.org/safe-array-concat/-/safe-array-concat-1.1.3.tgz 0ms (cache hit)
2503 http cache own-keys@https://registry.npmjs.org/own-keys/-/own-keys-1.0.1.tgz 0ms (cache hit)
2504 http cache safe-push-apply@https://registry.npmjs.org/safe-push-apply/-/safe-push-apply-1.0.0.tgz 0ms (cache hit)
2505 http cache keyv@https://registry.npmjs.org/keyv/-/keyv-4.5.4.tgz 0ms (cache hit)
2506 http cache regexp.prototype.flags@https://registry.npmjs.org/regexp.prototype.flags/-/regexp.prototype.flags-1.5.4.tgz 0ms (cache hit)
2507 http cache object.assign@https://registry.npmjs.org/object.assign/-/object.assign-4.1.7.tgz 0ms (cache hit)
2508 http cache is-weakref@https://registry.npmjs.org/is-weakref/-/is-weakref-1.1.1.tgz 0ms (cache hit)
2509 http cache is-shared-array-buffer@https://registry.npmjs.org/is-shared-array-buffer/-/is-shared-array-buffer-1.0.4.tgz 0ms (cache hit)
2510 http cache is-regex@https://registry.npmjs.org/is-regex/-/is-regex-1.2.1.tgz 0ms (cache hit)
2511 http cache is-negative-zero@https://registry.npmjs.org/is-negative-zero/-/is-negative-zero-2.0.3.tgz 0ms (cache hit)
2512 http cache is-data-view@https://registry.npmjs.org/is-data-view/-/is-data-view-1.0.2.tgz 0ms (cache hit)
2513 http cache is-callable@https://registry.npmjs.org/is-callable/-/is-callable-1.2.7.tgz 0ms (cache hit)
2514 http cache is-array-buffer@https://registry.npmjs.org/is-array-buffer/-/is-array-buffer-3.0.5.tgz 0ms (cache hit)
2515 http cache internal-slot@https://registry.npmjs.org/internal-slot/-/internal-slot-1.1.0.tgz 0ms (cache hit)
2516 http cache is-set@https://registry.npmjs.org/is-set/-/is-set-2.0.3.tgz 0ms (cache hit)
2517 http cache has-symbols@https://registry.npmjs.org/has-symbols/-/has-symbols-1.1.0.tgz 0ms (cache hit)
2518 http cache has-proto@https://registry.npmjs.org/has-proto/-/has-proto-1.2.0.tgz 0ms (cache hit)
2519 http cache is-typed-array@https://registry.npmjs.org/is-typed-array/-/is-typed-array-1.1.15.tgz 0ms (cache hit)
2520 http cache get-symbol-description@https://registry.npmjs.org/get-symbol-description/-/get-symbol-description-1.1.0.tgz 0ms (cache hit)
2521 http cache function.prototype.name@https://registry.npmjs.org/function.prototype.name/-/function.prototype.name-1.1.8.tgz 0ms (cache hit)
2522 http cache get-proto@https://registry.npmjs.org/get-proto/-/get-proto-1.0.1.tgz 0ms (cache hit)
2523 http cache es-set-tostringtag@https://registry.npmjs.org/es-set-tostringtag/-/es-set-tostringtag-2.1.0.tgz 0ms (cache hit)
2524 http cache es-to-primitive@https://registry.npmjs.org/es-to-primitive/-/es-to-primitive-1.3.0.tgz 0ms (cache hit)
2525 http cache data-view-byte-length@https://registry.npmjs.org/data-view-byte-length/-/data-view-byte-length-1.0.2.tgz 0ms (cache hit)
2526 http cache globalthis@https://registry.npmjs.org/globalthis/-/globalthis-1.0.4.tgz 0ms (cache hit)
2527 http cache arraybuffer.prototype.slice@https://registry.npmjs.org/arraybuffer.prototype.slice/-/arraybuffer.prototype.slice-1.0.4.tgz 0ms (cache hit)
2528 http cache available-typed-arrays@https://registry.npmjs.org/available-typed-arrays/-/available-typed-arrays-1.0.7.tgz 0ms (cache hit)
2529 http cache data-view-buffer@https://registry.npmjs.org/data-view-buffer/-/data-view-buffer-1.0.2.tgz 0ms (cache hit)
2530 http cache gopd@https://registry.npmjs.org/gopd/-/gopd-1.2.0.tgz 0ms (cache hit)
2531 http cache has-property-descriptors@https://registry.npmjs.org/has-property-descriptors/-/has-property-descriptors-1.0.2.tgz 0ms (cache hit)
2532 http cache array-buffer-byte-length@https://registry.npmjs.org/array-buffer-byte-length/-/array-buffer-byte-length-1.0.2.tgz 0ms (cache hit)
2533 http cache set-function-length@https://registry.npmjs.org/set-function-length/-/set-function-length-1.2.2.tgz 0ms (cache hit)
2534 http cache function-bind@https://registry.npmjs.org/function-bind/-/function-bind-1.1.2.tgz 0ms (cache hit)
2535 http cache define-data-property@https://registry.npmjs.org/define-data-property/-/define-data-property-1.1.4.tgz 0ms (cache hit)
2536 http cache es-errors@https://registry.npmjs.org/es-errors/-/es-errors-1.3.0.tgz 0ms (cache hit)
2537 http cache object-inspect@https://registry.npmjs.org/object-inspect/-/object-inspect-1.13.4.tgz 0ms (cache hit)
2538 http cache call-bind-apply-helpers@https://registry.npmjs.org/call-bind-apply-helpers/-/call-bind-apply-helpers-1.0.2.tgz 0ms (cache hit)
2539 http cache math-intrinsics@https://registry.npmjs.org/math-intrinsics/-/math-intrinsics-1.1.0.tgz 0ms (cache hit)
2540 http cache es-shim-unscopables@https://registry.npmjs.org/es-shim-unscopables/-/es-shim-unscopables-1.1.0.tgz 0ms (cache hit)
2541 http cache data-view-byte-offset@https://registry.npmjs.org/data-view-byte-offset/-/data-view-byte-offset-1.0.1.tgz 0ms (cache hit)
2542 http cache get-intrinsic@https://registry.npmjs.org/get-intrinsic/-/get-intrinsic-1.3.0.tgz 0ms (cache hit)
2543 http cache es-object-atoms@https://registry.npmjs.org/es-object-atoms/-/es-object-atoms-1.1.1.tgz 0ms (cache hit)
2544 http cache es-abstract@https://registry.npmjs.org/es-abstract/-/es-abstract-1.24.1.tgz 0ms (cache hit)
2545 http cache is-string@https://registry.npmjs.org/is-string/-/is-string-1.1.1.tgz 0ms (cache hit)
2546 http cache call-bound@https://registry.npmjs.org/call-bound/-/call-bound-1.0.4.tgz 0ms (cache hit)
2547 http cache define-properties@https://registry.npmjs.org/define-properties/-/define-properties-1.2.1.tgz 0ms (cache hit)
2548 http cache call-bind@https://registry.npmjs.org/call-bind/-/call-bind-1.0.8.tgz 0ms (cache hit)
2549 http cache tsconfig-paths@https://registry.npmjs.org/tsconfig-paths/-/tsconfig-paths-3.15.0.tgz 0ms (cache hit)
2550 http cache object-keys@https://registry.npmjs.org/object-keys/-/object-keys-1.1.1.tgz 0ms (cache hit)
2551 http cache object.values@https://registry.npmjs.org/object.values/-/object.values-1.2.1.tgz 0ms (cache hit)
2552 http cache string.prototype.trimend@https://registry.npmjs.org/string.prototype.trimend/-/string.prototype.trimend-1.0.9.tgz 0ms (cache hit)
2553 http cache object.fromentries@https://registry.npmjs.org/object.fromentries/-/object.fromentries-2.0.8.tgz 0ms (cache hit)
2554 http cache hasown@https://registry.npmjs.org/hasown/-/hasown-2.0.2.tgz 0ms (cache hit)
2555 http cache array.prototype.flatmap@https://registry.npmjs.org/array.prototype.flatmap/-/array.prototype.flatmap-1.3.3.tgz 0ms (cache hit)
2556 http cache eslint-module-utils@https://registry.npmjs.org/eslint-module-utils/-/eslint-module-utils-2.12.1.tgz 0ms (cache hit)
2557 http cache array.prototype.flat@https://registry.npmjs.org/array.prototype.flat/-/array.prototype.flat-1.3.3.tgz 0ms (cache hit)
2558 http cache es-define-property@https://registry.npmjs.org/es-define-property/-/es-define-property-1.0.1.tgz 0ms (cache hit)
2559 http cache object.groupby@https://registry.npmjs.org/object.groupby/-/object.groupby-1.0.3.tgz 0ms (cache hit)
2560 http cache unrs-resolver@https://registry.npmjs.org/unrs-resolver/-/unrs-resolver-1.11.1.tgz 0ms (cache hit)
2561 http cache array.prototype.findlastindex@https://registry.npmjs.org/array.prototype.findlastindex/-/array.prototype.findlastindex-1.2.6.tgz 0ms (cache hit)
2562 http cache array-includes@https://registry.npmjs.org/array-includes/-/array-includes-3.1.9.tgz 0ms (cache hit)
2563 http cache stable-hash@https://registry.npmjs.org/stable-hash/-/stable-hash-0.0.5.tgz 0ms (cache hit)
2564 http cache @rtsao/scc@https://registry.npmjs.org/@rtsao/scc/-/scc-1.1.0.tgz 0ms (cache hit)
2565 http cache get-tsconfig@https://registry.npmjs.org/get-tsconfig/-/get-tsconfig-4.13.6.tgz 0ms (cache hit)
2566 http cache tinyglobby@https://registry.npmjs.org/tinyglobby/-/tinyglobby-0.2.15.tgz 0ms (cache hit)
2567 http cache is-bun-module@https://registry.npmjs.org/is-bun-module/-/is-bun-module-2.0.0.tgz 0ms (cache hit)
2568 http cache resolve@https://registry.npmjs.org/resolve/-/resolve-1.22.11.tgz 0ms (cache hit)
2569 http cache ts-api-utils@https://registry.npmjs.org/ts-api-utils/-/ts-api-utils-1.4.3.tgz 0ms (cache hit)
2570 http cache is-core-module@https://registry.npmjs.org/is-core-module/-/is-core-module-2.16.1.tgz 0ms (cache hit)
2571 http cache semver@https://registry.npmjs.org/semver/-/semver-7.7.4.tgz 0ms (cache hit)
2572 http cache globby@https://registry.npmjs.org/globby/-/globby-11.1.0.tgz 0ms (cache hit)
2573 http cache @nolyfill/is-core-module@https://registry.npmjs.org/@nolyfill/is-core-module/-/is-core-module-1.0.39.tgz 0ms (cache hit)
2574 http cache @typescript-eslint/types@https://registry.npmjs.org/@typescript-eslint/types/-/types-7.2.0.tgz 0ms (cache hit)
2575 http cache glob@https://registry.npmjs.org/glob/-/glob-10.3.10.tgz 0ms (cache hit)
2576 http cache @typescript-eslint/typescript-estree@https://registry.npmjs.org/@typescript-eslint/typescript-estree/-/typescript-estree-7.2.0.tgz 0ms (cache hit)
2577 http cache eslint-plugin-react-hooks@https://registry.npmjs.org/eslint-plugin-react-hooks/-/eslint-plugin-react-hooks-5.0.0-canary-7118f5dd7-20230705.tgz 0ms (cache hit)
2578 http cache @typescript-eslint/scope-manager@https://registry.npmjs.org/@typescript-eslint/scope-manager/-/scope-manager-7.2.0.tgz 0ms (cache hit)
2579 http cache eslint-plugin-react@https://registry.npmjs.org/eslint-plugin-react/-/eslint-plugin-react-7.37.5.tgz 0ms (cache hit)
2580 http cache eslint-plugin-jsx-a11y@https://registry.npmjs.org/eslint-plugin-jsx-a11y/-/eslint-plugin-jsx-a11y-6.10.2.tgz 0ms (cache hit)
2581 http cache eslint-plugin-import@https://registry.npmjs.org/eslint-plugin-import/-/eslint-plugin-import-2.32.0.tgz 0ms (cache hit)
2582 http cache @typescript-eslint/visitor-keys@https://registry.npmjs.org/@typescript-eslint/visitor-keys/-/visitor-keys-7.2.0.tgz 0ms (cache hit)
2583 http cache @typescript-eslint/parser@https://registry.npmjs.org/@typescript-eslint/parser/-/parser-7.2.0.tgz 0ms (cache hit)
2584 http cache @next/eslint-plugin-next@https://registry.npmjs.org/@next/eslint-plugin-next/-/eslint-plugin-next-14.2.5.tgz 0ms (cache hit)
2585 http cache @rushstack/eslint-patch@https://registry.npmjs.org/@rushstack/eslint-patch/-/eslint-patch-1.16.1.tgz 0ms (cache hit)
2586 http cache eslint-import-resolver-typescript@https://registry.npmjs.org/eslint-import-resolver-typescript/-/eslint-import-resolver-typescript-3.10.1.tgz 0ms (cache hit)
2587 http cache eslint-import-resolver-node@https://registry.npmjs.org/eslint-import-resolver-node/-/eslint-import-resolver-node-0.3.9.tgz 0ms (cache hit)
2588 http cache ms@https://registry.npmjs.org/ms/-/ms-2.1.3.tgz 0ms (cache hit)
2589 http cache path-key@https://registry.npmjs.org/path-key/-/path-key-3.1.1.tgz 0ms (cache hit)
2590 http cache shebang-command@https://registry.npmjs.org/shebang-command/-/shebang-command-2.0.0.tgz 0ms (cache hit)
2591 http cache color-convert@https://registry.npmjs.org/color-convert/-/color-convert-2.0.1.tgz 0ms (cache hit)
2592 http cache supports-color@https://registry.npmjs.org/supports-color/-/supports-color-7.2.0.tgz 0ms (cache hit)
2593 http cache ansi-styles@https://registry.npmjs.org/ansi-styles/-/ansi-styles-4.3.0.tgz 0ms (cache hit)
2594 http cache uri-js@https://registry.npmjs.org/uri-js/-/uri-js-4.4.1.tgz 0ms (cache hit)
2595 http cache color-name@https://registry.npmjs.org/color-name/-/color-name-1.1.4.tgz 0ms (cache hit)
2596 http cache json-schema-traverse@https://registry.npmjs.org/json-schema-traverse/-/json-schema-traverse-0.4.1.tgz 0ms (cache hit)
2597 http cache run-parallel@https://registry.npmjs.org/run-parallel/-/run-parallel-1.2.0.tgz 0ms (cache hit)
2598 http cache @nodelib/fs.stat@https://registry.npmjs.org/@nodelib/fs.stat/-/fs.stat-2.0.5.tgz 0ms (cache hit)
2599 http cache fastq@https://registry.npmjs.org/fastq/-/fastq-1.20.1.tgz 0ms (cache hit)
2600 http cache @nodelib/fs.scandir@https://registry.npmjs.org/@nodelib/fs.scandir/-/fs.scandir-2.1.5.tgz 0ms (cache hit)
2601 http cache @humanwhocodes/object-schema@https://registry.npmjs.org/@humanwhocodes/object-schema/-/object-schema-2.0.3.tgz 0ms (cache hit)
2602 http cache fast-json-stable-stringify@https://registry.npmjs.org/fast-json-stable-stringify/-/fast-json-stable-stringify-2.1.0.tgz 0ms (cache hit)
2603 http cache text-table@https://registry.npmjs.org/text-table/-/text-table-0.2.0.tgz 0ms (cache hit)
2604 http cache strip-json-comments@https://registry.npmjs.org/strip-json-comments/-/strip-json-comments-3.1.1.tgz 0ms (cache hit)
2605 http cache which@https://registry.npmjs.org/which/-/which-2.0.2.tgz 0ms (cache hit)
2606 http cache strip-ansi@https://registry.npmjs.org/strip-ansi/-/strip-ansi-6.0.1.tgz 0ms (cache hit)
2607 http cache minimatch@https://registry.npmjs.org/minimatch/-/minimatch-3.1.5.tgz 0ms (cache hit)
2608 http cache optionator@https://registry.npmjs.org/optionator/-/optionator-0.9.4.tgz 0ms (cache hit)
2609 http cache import-fresh@https://registry.npmjs.org/import-fresh/-/import-fresh-3.3.1.tgz 0ms (cache hit)
2610 http cache natural-compare@https://registry.npmjs.org/natural-compare/-/natural-compare-1.4.0.tgz 0ms (cache hit)
2611 http cache lodash.merge@https://registry.npmjs.org/lodash.merge/-/lodash.merge-4.6.2.tgz 0ms (cache hit)
2612 http cache is-glob@https://registry.npmjs.org/is-glob/-/is-glob-4.0.3.tgz 0ms (cache hit)
2613 http cache is-path-inside@https://registry.npmjs.org/is-path-inside/-/is-path-inside-3.0.3.tgz 0ms (cache hit)
2614 http cache imurmurhash@https://registry.npmjs.org/imurmurhash/-/imurmurhash-0.1.4.tgz 0ms (cache hit)
2615 http cache glob-parent@https://registry.npmjs.org/glob-parent/-/glob-parent-6.0.2.tgz 0ms (cache hit)
2616 http cache graphemer@https://registry.npmjs.org/graphemer/-/graphemer-1.4.0.tgz 0ms (cache hit)
2617 http cache find-up@https://registry.npmjs.org/find-up/-/find-up-5.0.0.tgz 0ms (cache hit)
2618 http cache ignore@https://registry.npmjs.org/ignore/-/ignore-5.3.2.tgz 0ms (cache hit)
2619 http cache json-stable-stringify-without-jsonify@https://registry.npmjs.org/json-stable-stringify-without-jsonify/-/json-stable-stringify-without-jsonify-1.0.1.tgz 0ms (cache hit)
2620 http cache esquery@https://registry.npmjs.org/esquery/-/esquery-1.7.0.tgz 0ms (cache hit)
2621 http cache fast-deep-equal@https://registry.npmjs.org/fast-deep-equal/-/fast-deep-equal-3.1.3.tgz 0ms (cache hit)
2622 http cache esutils@https://registry.npmjs.org/esutils/-/esutils-2.0.3.tgz 0ms (cache hit)
2623 http cache eslint-scope@https://registry.npmjs.org/eslint-scope/-/eslint-scope-7.2.2.tgz 0ms (cache hit)
2624 http cache espree@https://registry.npmjs.org/espree/-/espree-9.6.1.tgz 0ms (cache hit)
2625 http cache file-entry-cache@https://registry.npmjs.org/file-entry-cache/-/file-entry-cache-6.0.1.tgz 0ms (cache hit)
2626 http cache eslint-visitor-keys@https://registry.npmjs.org/eslint-visitor-keys/-/eslint-visitor-keys-3.4.3.tgz 0ms (cache hit)
2627 http cache doctrine@https://registry.npmjs.org/doctrine/-/doctrine-3.0.0.tgz 0ms (cache hit)
2628 http cache chalk@https://registry.npmjs.org/chalk/-/chalk-4.1.2.tgz 0ms (cache hit)
2629 http cache cross-spawn@https://registry.npmjs.org/cross-spawn/-/cross-spawn-7.0.6.tgz 0ms (cache hit)
2630 http cache globals@https://registry.npmjs.org/globals/-/globals-13.24.0.tgz 0ms (cache hit)
2631 http cache @ungap/structured-clone@https://registry.npmjs.org/@ungap/structured-clone/-/structured-clone-1.3.0.tgz 0ms (cache hit)
2632 http cache ajv@https://registry.npmjs.org/ajv/-/ajv-6.14.0.tgz 0ms (cache hit)
2633 http cache debug@https://registry.npmjs.org/debug/-/debug-4.4.3.tgz 0ms (cache hit)
2634 http cache @nodelib/fs.walk@https://registry.npmjs.org/@nodelib/fs.walk/-/fs.walk-1.2.8.tgz 0ms (cache hit)
2635 http cache @humanwhocodes/module-importer@https://registry.npmjs.org/@humanwhocodes/module-importer/-/module-importer-1.0.1.tgz 0ms (cache hit)
2636 http cache @humanwhocodes/config-array@https://registry.npmjs.org/@humanwhocodes/config-array/-/config-array-0.13.0.tgz 0ms (cache hit)
2637 http cache @eslint-community/regexpp@https://registry.npmjs.org/@eslint-community/regexpp/-/regexpp-4.12.2.tgz 0ms (cache hit)
2638 http cache @eslint/eslintrc@https://registry.npmjs.org/@eslint/eslintrc/-/eslintrc-2.1.4.tgz 0ms (cache hit)
2639 http cache escape-string-regexp@https://registry.npmjs.org/escape-string-regexp/-/escape-string-regexp-4.0.0.tgz 0ms (cache hit)
2640 http cache @eslint/js@https://registry.npmjs.org/@eslint/js/-/js-8.57.1.tgz 0ms (cache hit)
2641 http cache @eslint-community/eslint-utils@https://registry.npmjs.org/@eslint-community/eslint-utils/-/eslint-utils-4.9.1.tgz 0ms (cache hit)
2642 http cache @types/prop-types@https://registry.npmjs.org/@types/prop-types/-/prop-types-15.7.15.tgz 0ms (cache hit)
2643 http cache csstype@https://registry.npmjs.org/csstype/-/csstype-3.2.3.tgz 0ms (cache hit)
2644 http cache typescript@https://registry.npmjs.org/typescript/-/typescript-5.9.3.tgz 0ms (cache hit)
2645 http cache undici-types@https://registry.npmjs.org/undici-types/-/undici-types-6.21.0.tgz 0ms (cache hit)
2646 http cache next@https://registry.npmjs.org/next/-/next-14.2.5.tgz 0ms (cache hit)
2647 http cache tailwindcss@https://registry.npmjs.org/tailwindcss/-/tailwindcss-3.4.19.tgz 0ms (cache hit)
2648 http cache postcss@https://registry.npmjs.org/postcss/-/postcss-8.5.8.tgz 0ms (cache hit)
2649 http cache eslint-config-next@https://registry.npmjs.org/eslint-config-next/-/eslint-config-next-14.2.5.tgz 0ms (cache hit)
2650 http cache eslint@https://registry.npmjs.org/eslint/-/eslint-8.57.1.tgz 0ms (cache hit)
2651 http cache @types/react@https://registry.npmjs.org/@types/react/-/react-18.3.28.tgz 0ms (cache hit)
2652 http cache @types/node@https://registry.npmjs.org/@types/node/-/node-20.19.37.tgz 0ms (cache hit)
2653 http cache @types/react-dom@https://registry.npmjs.org/@types/react-dom/-/react-dom-18.3.7.tgz 0ms (cache hit)
2654 http cache scheduler@https://registry.npmjs.org/scheduler/-/scheduler-0.23.2.tgz 0ms (cache hit)
2655 http cache react@https://registry.npmjs.org/react/-/react-18.3.1.tgz 0ms (cache hit)
2656 http cache react-dom@https://registry.npmjs.org/react-dom/-/react-dom-18.3.1.tgz 0ms (cache hit)
2657 http cache levn@https://registry.npmjs.org/levn/-/levn-0.4.1.tgz 0ms (cache hit)
2658 http cache js-yaml@https://registry.npmjs.org/js-yaml/-/js-yaml-4.1.1.tgz 0ms (cache hit)
2659 http cache glob-parent@https://registry.npmjs.org/glob-parent/-/glob-parent-5.1.2.tgz 0ms (cache hit)
2660 http cache semver@https://registry.npmjs.org/semver/-/semver-6.3.1.tgz 0ms (cache hit)
2661 http cache emoji-regex@https://registry.npmjs.org/emoji-regex/-/emoji-regex-8.0.0.tgz 0ms (cache hit)
2662 http cache strip-ansi@https://registry.npmjs.org/strip-ansi/-/strip-ansi-7.2.0.tgz 0ms (cache hit)
2663 http cache ansi-styles@https://registry.npmjs.org/ansi-styles/-/ansi-styles-6.2.3.tgz 0ms (cache hit)
2664 http cache ansi-regex@https://registry.npmjs.org/ansi-regex/-/ansi-regex-6.2.2.tgz 0ms (cache hit)
2665 http cache string-width@https://registry.npmjs.org/string-width/-/string-width-4.2.3.tgz 0ms (cache hit)
2666 http cache emoji-regex@https://registry.npmjs.org/emoji-regex/-/emoji-regex-8.0.0.tgz 0ms (cache hit)
2667 http cache ansi-regex@https://registry.npmjs.org/ansi-regex/-/ansi-regex-6.2.2.tgz 0ms (cache hit)
2668 http cache ansi-regex@https://registry.npmjs.org/ansi-regex/-/ansi-regex-6.2.2.tgz 0ms (cache hit)
2669 http cache glob@https://registry.npmjs.org/glob/-/glob-7.2.3.tgz 0ms (cache hit)
2670 http cache strip-ansi@https://registry.npmjs.org/strip-ansi/-/strip-ansi-7.2.0.tgz 0ms (cache hit)
2671 http cache react-is@https://registry.npmjs.org/react-is/-/react-is-16.13.1.tgz 0ms (cache hit)
2672 http cache debug@https://registry.npmjs.org/debug/-/debug-3.2.7.tgz 0ms (cache hit)
2673 http cache picomatch@https://registry.npmjs.org/picomatch/-/picomatch-4.0.3.tgz 0ms (cache hit)
2674 http cache fdir@https://registry.npmjs.org/fdir/-/fdir-6.5.0.tgz 0ms (cache hit)
2675 http cache brace-expansion@https://registry.npmjs.org/brace-expansion/-/brace-expansion-2.0.2.tgz 0ms (cache hit)
2676 http cache minimatch@https://registry.npmjs.org/minimatch/-/minimatch-9.0.3.tgz 0ms (cache hit)
2677 http cache strip-ansi@https://registry.npmjs.org/strip-ansi/-/strip-ansi-7.2.0.tgz 0ms (cache hit)
2678 http cache minimatch@https://registry.npmjs.org/minimatch/-/minimatch-9.0.9.tgz 0ms (cache hit)
2679 http cache resolve@https://registry.npmjs.org/resolve/-/resolve-2.0.0-next.6.tgz 0ms (cache hit)
2680 http cache semver@https://registry.npmjs.org/semver/-/semver-6.3.1.tgz 0ms (cache hit)
2681 http cache doctrine@https://registry.npmjs.org/doctrine/-/doctrine-2.1.0.tgz 0ms (cache hit)
2682 http cache semver@https://registry.npmjs.org/semver/-/semver-6.3.1.tgz 0ms (cache hit)
2683 http cache doctrine@https://registry.npmjs.org/doctrine/-/doctrine-2.1.0.tgz 0ms (cache hit)
2684 http cache debug@https://registry.npmjs.org/debug/-/debug-3.2.7.tgz 0ms (cache hit)
2685 http cache postcss@https://registry.npmjs.org/postcss/-/postcss-8.4.31.tgz 0ms (cache hit)
2686 http cache brace-expansion@https://registry.npmjs.org/brace-expansion/-/brace-expansion-2.0.2.tgz 0ms (cache hit)
2687 http cache debug@https://registry.npmjs.org/debug/-/debug-3.2.7.tgz 0ms (cache hit)
2688 http cache glob-parent@https://registry.npmjs.org/glob-parent/-/glob-parent-5.1.2.tgz 0ms (cache hit)
2689 warn deprecated inflight@1.0.6: This module is not supported, and leaks memory. Do not use it. Check out lru-cache if you want a good and tested way to coalesce async requests by a key value, which is much more comprehensive and powerful.
2690 warn deprecated @humanwhocodes/config-array@0.13.0: Use @eslint/config-array instead
2691 warn deprecated rimraf@3.0.2: Rimraf versions prior to v4 are no longer supported
2692 warn deprecated @humanwhocodes/object-schema@2.0.3: Use @eslint/object-schema instead
2693 warn deprecated glob@7.2.3: Old versions of glob are not supported, and contain widely publicized security vulnerabilities, which have been fixed in the current version. Please update. Support for old versions may be purchased (at exorbitant rates) by contacting i@izs.me
2694 warn deprecated glob@10.3.10: Old versions of glob are not supported, and contain widely publicized security vulnerabilities, which have been fixed in the current version. Please update. Support for old versions may be purchased (at exorbitant rates) by contacting i@izs.me
2695 http fetch POST 200 https://registry.npmjs.org/-/npm/v1/security/advisories/bulk 1010ms
2696 silly audit report {
2696 silly audit report   next: [
2696 silly audit report     {
2696 silly audit report       id: 1099638,
2696 silly audit report       url: 'https://github.com/advisories/GHSA-gp8f-8m3g-qvj9',
2696 silly audit report       title: 'Next.js Cache Poisoning',
2696 silly audit report       severity: 'high',
2696 silly audit report       vulnerable_versions: '>=14.0.0 <14.2.10',
2696 silly audit report       cwe: [Array],
2696 silly audit report       cvss: [Object]
2696 silly audit report     },
2696 silly audit report     {
2696 silly audit report       id: 1100421,
2696 silly audit report       url: 'https://github.com/advisories/GHSA-g77x-44xx-532m',
2696 silly audit report       title: 'Denial of Service condition in Next.js image optimization',
2696 silly audit report       severity: 'moderate',
2696 silly audit report       vulnerable_versions: '>=10.0.0 <14.2.7',
2696 silly audit report       cwe: [Array],
2696 silly audit report       cvss: [Object]
2696 silly audit report     },
2696 silly audit report     {
2696 silly audit report       id: 1101438,
2696 silly audit report       url: 'https://github.com/advisories/GHSA-7m27-7ghc-44w9',
2696 silly audit report       title: 'Next.js Allows a Denial of Service (DoS) with Server Actions',
2696 silly audit report       severity: 'moderate',
2696 silly audit report       vulnerable_versions: '>=14.0.0 <14.2.21',
2696 silly audit report       cwe: [Array],
2696 silly audit report       cvss: [Object]
2696 silly audit report     },
2696 silly audit report     {
2696 silly audit report       id: 1105461,
2696 silly audit report       url: 'https://github.com/advisories/GHSA-3h52-269p-cp9r',
2696 silly audit report       title: 'Information exposure in Next.js dev server due to lack of origin verification',
2696 silly audit report       severity: 'low',
2696 silly audit report       vulnerable_versions: '>=13.0 <14.2.30',
2696 silly audit report       cwe: [Array],
2696 silly audit report       cvss: [Object]
2696 silly audit report     },
2696 silly audit report     {
2696 silly audit report       id: 1111391,
2696 silly audit report       url: 'https://github.com/advisories/GHSA-mwv6-3258-q52c',
2696 silly audit report       title: 'Next Vulnerable to Denial of Service with Server Components',
2696 silly audit report       severity: 'high',
2696 silly audit report       vulnerable_versions: '>=13.3.0 <14.2.34',
2696 silly audit report       cwe: [Array],
2696 silly audit report       cvss: [Object]
2696 silly audit report     },
2696 silly audit report     {
2696 silly audit report       id: 1107226,
2696 silly audit report       url: 'https://github.com/advisories/GHSA-g5qg-72qw-gw5v',
2696 silly audit report       title: 'Next.js Affected by Cache Key Confusion for Image Optimization API Routes',
2696 silly audit report       severity: 'moderate',
2696 silly audit report       vulnerable_versions: '>=0.9.9 <14.2.31',
2696 silly audit report       cwe: [Array],
2696 silly audit report       cvss: [Object]
2696 silly audit report     },
2696 silly audit report     {
2696 silly audit report       id: 1107420,
2696 silly audit report       url: 'https://github.com/advisories/GHSA-7gfc-8cq8-jh5f',
2696 silly audit report       title: 'Next.js authorization bypass vulnerability',
2696 silly audit report       severity: 'high',
2696 silly audit report       vulnerable_versions: '>=9.5.5 <14.2.15',
2696 silly audit report       cwe: [Array],
2696 silly audit report       cvss: [Object]
2696 silly audit report     },
2696 silly audit report     {
2696 silly audit report       id: 1107512,
2696 silly audit report       url: 'https://github.com/advisories/GHSA-4342-x723-ch2f',
2696 silly audit report       title: 'Next.js Improper Middleware Redirect Handling Leads to SSRF',
2696 silly audit report       severity: 'moderate',
2696 silly audit report       vulnerable_versions: '>=0.9.9 <14.2.32',
2696 silly audit report       cwe: [Array],
2696 silly audit report       cvss: [Object]
2696 silly audit report     },
2696 silly audit report     {
2696 silly audit report       id: 1107513,
2696 silly audit report       url: 'https://github.com/advisories/GHSA-xv57-4mr9-wg8v',
2696 silly audit report       title: 'Next.js Content Injection Vulnerability for Image Optimization',
2696 silly audit report       severity: 'moderate',
2696 silly audit report       vulnerable_versions: '>=0.9.9 <14.2.31',
2696 silly audit report       cwe: [Array],
2696 silly audit report       cvss: [Object]
2696 silly audit report     },
2696 silly audit report     {
2696 silly audit report       id: 1112182,
2696 silly audit report       url: 'https://github.com/advisories/GHSA-5j59-xgg2-r9c4',
2696 silly audit report       title: 'Next has a Denial of Service with Server Components - Incomplete Fix Follow-Up',
2696 silly audit report       severity: 'high',
2696 silly audit report       vulnerable_versions: '>=13.3.1-canary.0 <14.2.35',
2696 silly audit report       cwe: [Array],
2696 silly audit report       cvss: [Object]
2696 silly audit report     },
2696 silly audit report     {
2696 silly audit report       id: 1108291,
2696 silly audit report       url: 'https://github.com/advisories/GHSA-qpjv-v59x-3qc4',
2696 silly audit report       title: 'Next.js Race Condition to Cache Poisoning',
2696 silly audit report       severity: 'low',
2696 silly audit report       vulnerable_versions: '>=0.9.9 <14.2.24',
2696 silly audit report       cwe: [Array],
2696 silly audit report       cvss: [Object]
2696 silly audit report     },
2696 silly audit report     {
2696 silly audit report       id: 1112593,
2696 silly audit report       url: 'https://github.com/advisories/GHSA-9g9p-9gw9-jx7f',
2696 silly audit report       title: 'Next.js self-hosted applications vulnerable to DoS via Image Optimizer remotePatterns configuration',
2696 silly audit report       severity: 'moderate',
2696 silly audit report       vulnerable_versions: '>=10.0.0 <15.5.10',
2696 silly audit report       cwe: [Array],
2696 silly audit report       cvss: [Object]
2696 silly audit report     },
2696 silly audit report     {
2696 silly audit report       id: 1112653,
2696 silly audit report       url: 'https://github.com/advisories/GHSA-h25m-26qc-wcjf',
2696 silly audit report       title: 'Next.js HTTP request deserialization can lead to DoS when using insecure React Server Components',
2696 silly audit report       severity: 'high',
2696 silly audit report       vulnerable_versions: '>=13.0.0 <15.0.8',
2696 silly audit report       cwe: [Array],
2696 silly audit report       cvss: [Object]
2696 silly audit report     },
2696 silly audit report     {
2696 silly audit report       id: 1113689,
2696 silly audit report       url: 'https://github.com/advisories/GHSA-f82v-jwr5-mffw',
2696 silly audit report       title: 'Authorization Bypass in Next.js Middleware',
2696 silly audit report       severity: 'critical',
2696 silly audit report       vulnerable_versions: '>=14.0.0 <14.2.25',
2696 silly audit report       cwe: [Array],
2696 silly audit report       cvss: [Object]
2696 silly audit report     }
2696 silly audit report   ],
2696 silly audit report   minimatch: [
2696 silly audit report     {
2696 silly audit report       id: 1113465,
2696 silly audit report       url: 'https://github.com/advisories/GHSA-3ppc-4f35-3m26',
2696 silly audit report       title: 'minimatch has a ReDoS via repeated wildcards with non-matching literal in pattern',
2696 silly audit report       severity: 'high',
2696 silly audit report       vulnerable_versions: '>=9.0.0 <9.0.6',
2696 silly audit report       cwe: [Array],
2696 silly audit report       cvss: [Object]
2696 silly audit report     },
2696 silly audit report     {
2696 silly audit report       id: 1113544,
2696 silly audit report       url: 'https://github.com/advisories/GHSA-7r86-cg39-jmmj',
2696 silly audit report       title: 'minimatch has ReDoS: matchOne() combinatorial backtracking via multiple non-adjacent GLOBSTAR segments',
2696 silly audit report       severity: 'high',
2696 silly audit report       vulnerable_versions: '>=9.0.0 <9.0.7',
2696 silly audit report       cwe: [Array],
2696 silly audit report       cvss: [Object]
2696 silly audit report     },
2696 silly audit report     {
2696 silly audit report       id: 1113552,
2696 silly audit report       url: 'https://github.com/advisories/GHSA-23c5-xmqv-rm74',
2696 silly audit report       title: 'minimatch ReDoS: nested *() extglobs generate catastrophically backtracking regular expressions',
2696 silly audit report       severity: 'high',
2696 silly audit report       vulnerable_versions: '>=9.0.0 <9.0.7',
2696 silly audit report       cwe: [Array],
2696 silly audit report       cvss: [Object]
2696 silly audit report     }
2696 silly audit report   ],
2696 silly audit report   glob: [
2696 silly audit report     {
2696 silly audit report       id: 1109842,
2696 silly audit report       url: 'https://github.com/advisories/GHSA-5j98-mcp5-4vw2',
2696 silly audit report       title: 'glob CLI: Command injection via -c/--cmd executes matches with shell:true',
2696 silly audit report       severity: 'high',
2696 silly audit report       vulnerable_versions: '>=10.2.0 <10.5.0',
2696 silly audit report       cwe: [Array],
2696 silly audit report       cvss: [Object]
2696 silly audit report     }
2696 silly audit report   ]
2696 silly audit report }
2697 silly packumentCache corgi:https://registry.npmjs.org/next cache-miss
2698 silly packumentCache corgi:https://registry.npmjs.org/minimatch cache-miss
2699 silly packumentCache corgi:https://registry.npmjs.org/glob cache-miss
2700 http cache https://registry.npmjs.org/minimatch 29ms (cache hit)
2701 silly packumentCache corgi:https://registry.npmjs.org/minimatch set size:167610 disposed:false
2702 http cache https://registry.npmjs.org/glob 32ms (cache hit)
2703 silly packumentCache corgi:https://registry.npmjs.org/glob set size:199194 disposed:false
2704 http cache https://registry.npmjs.org/next 54ms (cache hit)
2705 silly packumentCache corgi:https://registry.npmjs.org/next set size:24315939 disposed:false
2706 silly packumentCache corgi:https://registry.npmjs.org/@typescript-eslint%2ftypescript-estree cache-miss
2707 http cache https://registry.npmjs.org/@typescript-eslint%2ftypescript-estree 22ms (cache hit)
2708 silly packumentCache corgi:https://registry.npmjs.org/@typescript-eslint%2ftypescript-estree set size:8528825 disposed:false
2709 silly packumentCache corgi:https://registry.npmjs.org/@next%2feslint-plugin-next cache-miss
2710 http cache https://registry.npmjs.org/@next%2feslint-plugin-next 14ms (cache hit)
2711 silly packumentCache corgi:https://registry.npmjs.org/@next%2feslint-plugin-next set size:3149888 disposed:false
2712 silly packumentCache corgi:https://registry.npmjs.org/@typescript-eslint%2fparser cache-miss
2713 http cache https://registry.npmjs.org/@typescript-eslint%2fparser 20ms (cache hit)
2714 silly packumentCache corgi:https://registry.npmjs.org/@typescript-eslint%2fparser set size:7925122 disposed:false
2715 silly packumentCache corgi:https://registry.npmjs.org/eslint-config-next cache-miss
2716 http cache https://registry.npmjs.org/eslint-config-next 11ms (cache hit)
2717 silly packumentCache corgi:https://registry.npmjs.org/eslint-config-next set size:3772650 disposed:false
2718 warn deprecated eslint@8.57.1: This version is no longer supported. Please see https://eslint.org/version-support for other options.
2719 warn deprecated next@14.2.5: This version has a security vulnerability. Please upgrade to a patched version. See https://nextjs.org/blog/security-update-2025-12-11 for more details.
2720 info run fsevents@2.3.3 install node_modules/fsevents node-gyp rebuild
2721 info run fsevents@2.3.3 install { code: 1, signal: null }
2722 verbose reify failed optional dependency /Users/gayathrisathish/Library/Mobile Documents/com~apple~CloudDocs/Desktop/Projects/RoadRhythm/node_modules/fsevents
2723 silly reify mark deleted [
2723 silly reify   '/Users/gayathrisathish/Library/Mobile Documents/com~apple~CloudDocs/Desktop/Projects/RoadRhythm/node_modules/fsevents'
2723 silly reify ]
2724 info run unrs-resolver@1.11.1 postinstall node_modules/unrs-resolver napi-postinstall unrs-resolver 1.11.1 check
2725 info run unrs-resolver@1.11.1 postinstall { code: 0, signal: null }
2726 silly ADD node_modules/wrappy
2727 silly ADD node_modules/path-is-absolute
2728 silly ADD node_modules/once
2729 silly ADD node_modules/inherits
2730 silly ADD node_modules/inflight
2731 silly ADD node_modules/fs.realpath
2732 silly ADD node_modules/node-exports-info
2733 silly ADD node_modules/node-exports-info/node_modules/semver
2734 silly ADD node_modules/is-weakset
2735 silly ADD node_modules/is-weakmap
2736 silly ADD node_modules/is-map
2737 silly ADD node_modules/generator-function
2738 silly ADD node_modules/async-function
2739 silly ADD node_modules/which-collection
2740 silly ADD node_modules/is-generator-function
2741 silly ADD node_modules/is-finalizationregistry
2742 silly ADD node_modules/is-async-function
2743 silly ADD node_modules/is-number-object
2744 silly ADD node_modules/is-boolean-object
2745 silly ADD node_modules/is-bigint
2746 silly ADD node_modules/isexe
2747 silly ADD node_modules/punycode
2748 silly ADD
2749 silly ADD
2750 silly ADD
2751 silly ADD
2752 silly ADD
2753 silly ADD node_modules/napi-postinstall
2754 silly ADD
2755 silly ADD
2756 silly ADD
2757 silly ADD
2758 silly ADD
2759 silly ADD
2760 silly ADD
2761 silly ADD
2762 silly ADD
2763 silly ADD
2764 silly ADD
2765 silly ADD
2766 silly ADD
2767 silly ADD
2768 silly ADD
2769 silly ADD
2770 silly ADD node_modules/@unrs/resolver-binding-darwin-arm64
2771 silly ADD
2772 silly ADD
2773 silly ADD node_modules/which-boxed-primitive
2774 silly ADD node_modules/has-bigints
2775 silly ADD node_modules/which-builtin-type
2776 silly ADD node_modules/reflect.getprototypeof
2777 silly ADD node_modules/for-each
2778 silly ADD node_modules/strip-bom
2779 silly ADD node_modules/minimist
2780 silly ADD node_modules/json5
2781 silly ADD node_modules/@types/json5
2782 silly ADD node_modules/is-number
2783 silly ADD node_modules/thenify
2784 silly ADD node_modules/thenify-all
2785 silly ADD node_modules/any-promise
2786 silly ADD node_modules/@jridgewell/resolve-uri
2787 silly ADD node_modules/@jridgewell/trace-mapping
2788 silly ADD node_modules/@jridgewell/sourcemap-codec
2789 silly ADD node_modules/ts-interface-checker
2790 silly ADD node_modules/pirates
2791 silly ADD node_modules/mz
2792 silly ADD node_modules/lines-and-columns
2793 silly ADD node_modules/commander
2794 silly ADD node_modules/@jridgewell/gen-mapping
2795 silly ADD node_modules/pify
2796 silly ADD node_modules/util-deprecate
2797 silly ADD node_modules/cssesc
2798 silly ADD node_modules/camelcase-css
2799 silly ADD node_modules/read-cache
2800 silly ADD node_modules/postcss-value-parser
2801 silly ADD node_modules/binary-extensions
2802 silly ADD node_modules/readdirp
2803 silly ADD node_modules/is-binary-path
2804 silly ADD
2805 silly ADD node_modules/anymatch
2806 silly ADD node_modules/sucrase
2807 silly ADD node_modules/postcss-selector-parser
2808 silly ADD node_modules/postcss-nested
2809 silly ADD node_modules/postcss-load-config
2810 silly ADD node_modules/postcss-js
2811 silly ADD node_modules/postcss-import
2812 silly ADD node_modules/object-hash
2813 silly ADD node_modules/normalize-path
2814 silly ADD node_modules/lilconfig
2815 silly ADD node_modules/jiti
2816 silly ADD node_modules/dlv
2817 silly ADD node_modules/didyoumean
2818 silly ADD node_modules/chokidar
2819 silly ADD node_modules/chokidar/node_modules/glob-parent
2820 silly ADD node_modules/arg
2821 silly ADD node_modules/@alloc/quick-lru
2822 silly ADD node_modules/has-flag
2823 silly ADD node_modules/client-only
2824 silly ADD node_modules/ansi-regex
2825 silly ADD node_modules/is-fullwidth-code-point
2826 silly ADD node_modules/eastasianwidth
2827 silly ADD node_modules/side-channel-weakmap
2828 silly ADD node_modules/side-channel-map
2829 silly ADD node_modules/side-channel-list
2830 silly ADD node_modules/shebang-regex
2831 silly ADD node_modules/isarray
2832 silly ADD node_modules/queue-microtask
2833 silly ADD node_modules/supports-preserve-symlinks-flag
2834 silly ADD node_modules/path-parse
2835 silly ADD node_modules/js-tokens
2836 silly ADD node_modules/object-assign
2837 silly ADD node_modules/loose-envify
2838 silly ADD node_modules/source-map-js
2839 silly ADD node_modules/picocolors
2840 silly ADD node_modules/nanoid
2841 silly ADD node_modules/lru-cache
2842 silly ADD node_modules/callsites
2843 silly ADD node_modules/yocto-queue
2844 silly ADD node_modules/p-limit
2845 silly ADD node_modules/word-wrap
2846 silly ADD node_modules/fast-levenshtein
2847 silly ADD node_modules/deep-is
2848 silly ADD node_modules/streamsearch
2849 silly ADD node_modules/tslib
2850 silly ADD node_modules/@swc/counter
2851 silly ADD node_modules/styled-jsx
2852 silly ADD node_modules/graceful-fs
2853 silly ADD node_modules/caniuse-lite
2854 silly ADD node_modules/busboy
2855 silly ADD node_modules/@swc/helpers
2856 silly ADD
2857 silly ADD
2858 silly ADD
2859 silly ADD
2860 silly ADD
2861 silly ADD
2862 silly ADD
2863 silly ADD
2864 silly ADD node_modules/@next/swc-darwin-arm64
2865 silly ADD node_modules/@next/env
2866 silly ADD node_modules/concat-map
2867 silly ADD node_modules/balanced-match
2868 silly ADD node_modules/brace-expansion
2869 silly ADD node_modules/to-regex-range
2870 silly ADD node_modules/fill-range
2871 silly ADD node_modules/picomatch
2872 silly ADD node_modules/braces
2873 silly ADD node_modules/p-locate
2874 silly ADD node_modules/type-check
2875 silly ADD node_modules/prelude-ls
2876 silly ADD node_modules/language-subtag-registry
2877 silly ADD node_modules/json-buffer
2878 silly ADD node_modules/argparse
2879 silly ADD node_modules/wrap-ansi-cjs
2880 silly ADD node_modules/wrap-ansi-cjs/node_modules/emoji-regex
2881 silly ADD node_modules/wrap-ansi-cjs/node_modules/string-width
2882 silly ADD node_modules/wrap-ansi
2883 silly ADD node_modules/wrap-ansi/node_modules/ansi-regex
2884 silly ADD node_modules/wrap-ansi/node_modules/strip-ansi
2885 silly ADD node_modules/wrap-ansi/node_modules/ansi-styles
2886 silly ADD node_modules/strip-ansi-cjs
2887 silly ADD node_modules/string-width-cjs
2888 silly ADD node_modules/string-width-cjs/node_modules/emoji-regex
2889 silly ADD node_modules/string-width
2890 silly ADD node_modules/string-width/node_modules/ansi-regex
2891 silly ADD node_modules/string-width/node_modules/strip-ansi
2892 silly ADD node_modules/@pkgjs/parseargs
2893 silly ADD node_modules/@isaacs/cliui
2894 silly ADD node_modules/@isaacs/cliui/node_modules/ansi-regex
2895 silly ADD node_modules/@isaacs/cliui/node_modules/strip-ansi
2896 silly ADD node_modules/set-function-name
2897 silly ADD node_modules/is-extglob
2898 silly ADD node_modules/side-channel
2899 silly ADD node_modules/resolve-from
2900 silly ADD node_modules/parent-module
2901 silly ADD node_modules/micromatch
2902 silly ADD node_modules/path-type
2903 silly ADD node_modules/slash
2904 silly ADD node_modules/merge2
2905 silly ADD node_modules/fast-glob
2906 silly ADD node_modules/fast-glob/node_modules/glob-parent
2907 silly ADD node_modules/dir-glob
2908 silly ADD node_modules/array-union
2909 silly ADD node_modules/type-fest
2910 silly ADD node_modules/signal-exit
2911 silly ADD node_modules/path-scurry
2912 silly ADD node_modules/minipass
2913 silly ADD node_modules/jackspeak
2914 silly ADD node_modules/foreground-child
2915 silly ADD node_modules/resolve-pkg-maps
2916 silly ADD node_modules/dunder-proto
2917 silly ADD node_modules/functions-have-names
2918 silly ADD node_modules/rimraf
2919 silly ADD node_modules/rimraf/node_modules/glob
2920 silly ADD node_modules/keyv
2921 silly ADD node_modules/flatted
2922 silly ADD node_modules/path-exists
2923 silly ADD node_modules/locate-path
2924 silly ADD node_modules/flat-cache
2925 silly ADD node_modules/reusify
2926 silly ADD node_modules/acorn-jsx
2927 silly ADD node_modules/acorn
2928 silly ADD node_modules/esrecurse
2929 silly ADD node_modules/iterator.prototype
2930 silly ADD node_modules/string.prototype.repeat
2931 silly ADD node_modules/string.prototype.matchall
2932 silly ADD node_modules/prop-types
2933 silly ADD node_modules/prop-types/node_modules/react-is
2934 silly ADD node_modules/object.entries
2935 silly ADD node_modules/estraverse
2936 silly ADD node_modules/es-iterator-helpers
2937 silly ADD node_modules/array.prototype.tosorted
2938 silly ADD node_modules/array.prototype.findlast
2939 silly ADD node_modules/string.prototype.includes
2940 silly ADD node_modules/language-tags
2941 silly ADD node_modules/jsx-ast-utils
2942 silly ADD node_modules/emoji-regex
2943 silly ADD node_modules/damerau-levenshtein
2944 silly ADD node_modules/axobject-query
2945 silly ADD node_modules/axe-core
2946 silly ADD node_modules/ast-types-flow
2947 silly ADD node_modules/aria-query
2948 silly ADD node_modules/is-symbol
2949 silly ADD node_modules/is-date-object
2950 silly ADD node_modules/has-tostringtag
2951 silly ADD node_modules/possible-typed-array-names
2952 silly ADD node_modules/which-typed-array
2953 silly ADD node_modules/unbox-primitive
2954 silly ADD node_modules/typed-array-length
2955 silly ADD node_modules/typed-array-byte-offset
2956 silly ADD node_modules/typed-array-byte-length
2957 silly ADD node_modules/typed-array-buffer
2958 silly ADD node_modules/string.prototype.trimstart
2959 silly ADD node_modules/string.prototype.trim
2960 silly ADD node_modules/stop-iteration-iterator
2961 silly ADD node_modules/set-proto
2962 silly ADD node_modules/safe-regex-test
2963 silly ADD node_modules/safe-push-apply
2964 silly ADD node_modules/safe-array-concat
2965 silly ADD node_modules/regexp.prototype.flags
2966 silly ADD node_modules/own-keys
2967 silly ADD node_modules/object.assign
2968 silly ADD node_modules/object-inspect
2969 silly ADD node_modules/is-weakref
2970 silly ADD node_modules/is-typed-array
2971 silly ADD node_modules/is-shared-array-buffer
2972 silly ADD node_modules/is-set
2973 silly ADD node_modules/is-regex
2974 silly ADD node_modules/is-negative-zero
2975 silly ADD node_modules/is-data-view
2976 silly ADD node_modules/is-callable
2977 silly ADD node_modules/is-array-buffer
2978 silly ADD node_modules/internal-slot
2979 silly ADD node_modules/has-symbols
2980 silly ADD node_modules/has-proto
2981 silly ADD node_modules/globalthis
2982 silly ADD node_modules/get-symbol-description
2983 silly ADD node_modules/get-proto
2984 silly ADD node_modules/function.prototype.name
2985 silly ADD node_modules/es-to-primitive
2986 silly ADD node_modules/es-set-tostringtag
2987 silly ADD node_modules/data-view-byte-offset
2988 silly ADD node_modules/data-view-byte-length
2989 silly ADD node_modules/data-view-buffer
2990 silly ADD node_modules/available-typed-arrays
2991 silly ADD node_modules/arraybuffer.prototype.slice
2992 silly ADD node_modules/array-buffer-byte-length
2993 silly ADD node_modules/gopd
2994 silly ADD node_modules/object-keys
2995 silly ADD node_modules/has-property-descriptors
2996 silly ADD node_modules/define-data-property
2997 silly ADD node_modules/function-bind
2998 silly ADD node_modules/set-function-length
2999 silly ADD node_modules/es-define-property
3000 silly ADD node_modules/call-bind-apply-helpers
3001 silly ADD node_modules/es-shim-unscopables
3002 silly ADD node_modules/es-errors
3003 silly ADD node_modules/math-intrinsics
3004 silly ADD node_modules/is-string
3005 silly ADD node_modules/get-intrinsic
3006 silly ADD node_modules/es-object-atoms
3007 silly ADD node_modules/es-abstract
3008 silly ADD node_modules/define-properties
3009 silly ADD node_modules/call-bound
3010 silly ADD node_modules/call-bind
3011 silly ADD node_modules/tsconfig-paths
3012 silly ADD node_modules/string.prototype.trimend
3013 silly ADD node_modules/object.values
3014 silly ADD node_modules/object.groupby
3015 silly ADD node_modules/object.fromentries
3016 silly ADD node_modules/hasown
3017 silly ADD node_modules/eslint-module-utils
3018 silly ADD node_modules/eslint-module-utils/node_modules/debug
3019 silly ADD node_modules/array.prototype.flatmap
3020 silly ADD node_modules/array.prototype.flat
3021 silly ADD node_modules/array.prototype.findlastindex
3022 silly ADD node_modules/array-includes
3023 silly ADD node_modules/@rtsao/scc
3024 silly ADD node_modules/unrs-resolver
3025 silly ADD node_modules/tinyglobby
3026 silly ADD node_modules/tinyglobby/node_modules/picomatch
3027 silly ADD node_modules/tinyglobby/node_modules/fdir
3028 silly ADD node_modules/stable-hash
3029 silly ADD node_modules/is-bun-module
3030 silly ADD node_modules/get-tsconfig
3031 silly ADD node_modules/@nolyfill/is-core-module
3032 silly ADD node_modules/resolve
3033 silly ADD node_modules/is-core-module
3034 silly ADD node_modules/ts-api-utils
3035 silly ADD node_modules/semver
3036 silly ADD node_modules/globby
3037 silly ADD node_modules/@typescript-eslint/visitor-keys
3038 silly ADD node_modules/@typescript-eslint/typescript-estree
3039 silly ADD node_modules/@typescript-eslint/typescript-estree/node_modules/brace-expansion
3040 silly ADD node_modules/@typescript-eslint/typescript-estree/node_modules/minimatch
3041 silly ADD node_modules/@typescript-eslint/types
3042 silly ADD node_modules/@typescript-eslint/scope-manager
3043 silly ADD node_modules/glob
3044 silly ADD node_modules/glob/node_modules/brace-expansion
3045 silly ADD node_modules/glob/node_modules/minimatch
3046 silly ADD node_modules/eslint-plugin-react-hooks
3047 silly ADD node_modules/eslint-plugin-react
3048 silly ADD node_modules/eslint-plugin-react/node_modules/semver
3049 silly ADD node_modules/eslint-plugin-react/node_modules/resolve
3050 silly ADD node_modules/eslint-plugin-react/node_modules/doctrine
3051 silly ADD node_modules/eslint-plugin-jsx-a11y
3052 silly ADD node_modules/eslint-plugin-import
3053 silly ADD node_modules/eslint-plugin-import/node_modules/semver
3054 silly ADD node_modules/eslint-plugin-import/node_modules/doctrine
3055 silly ADD node_modules/eslint-plugin-import/node_modules/debug
3056 silly ADD node_modules/eslint-import-resolver-typescript
3057 silly ADD node_modules/eslint-import-resolver-node
3058 silly ADD node_modules/eslint-import-resolver-node/node_modules/debug
3059 silly ADD node_modules/@typescript-eslint/parser
3060 silly ADD node_modules/@rushstack/eslint-patch
3061 silly ADD node_modules/@next/eslint-plugin-next
3062 silly ADD node_modules/ms
3063 silly ADD node_modules/which
3064 silly ADD node_modules/shebang-command
3065 silly ADD node_modules/path-key
3066 silly ADD node_modules/color-name
3067 silly ADD node_modules/color-convert
3068 silly ADD node_modules/supports-color
3069 silly ADD node_modules/ansi-styles
3070 silly ADD node_modules/uri-js
3071 silly ADD node_modules/json-schema-traverse
3072 silly ADD node_modules/fast-json-stable-stringify
3073 silly ADD node_modules/run-parallel
3074 silly ADD node_modules/@nodelib/fs.stat
3075 silly ADD node_modules/fastq
3076 silly ADD node_modules/@nodelib/fs.scandir
3077 silly ADD node_modules/@humanwhocodes/object-schema
3078 silly ADD node_modules/strip-json-comments
3079 silly ADD node_modules/import-fresh
3080 silly ADD node_modules/text-table
3081 silly ADD node_modules/strip-ansi
3082 silly ADD node_modules/optionator
3083 silly ADD node_modules/natural-compare
3084 silly ADD node_modules/minimatch
3085 silly ADD node_modules/lodash.merge
3086 silly ADD node_modules/levn
3087 silly ADD node_modules/json-stable-stringify-without-jsonify
3088 silly ADD node_modules/js-yaml
3089 silly ADD node_modules/is-path-inside
3090 silly ADD node_modules/is-glob
3091 silly ADD node_modules/imurmurhash
3092 silly ADD node_modules/ignore
3093 silly ADD node_modules/graphemer
3094 silly ADD node_modules/globals
3095 silly ADD node_modules/glob-parent
3096 silly ADD node_modules/find-up
3097 silly ADD node_modules/file-entry-cache
3098 silly ADD node_modules/fast-deep-equal
3099 silly ADD node_modules/esutils
3100 silly ADD node_modules/esquery
3101 silly ADD node_modules/espree
3102 silly ADD node_modules/eslint-visitor-keys
3103 silly ADD node_modules/eslint-scope
3104 silly ADD node_modules/escape-string-regexp
3105 silly ADD node_modules/doctrine
3106 silly ADD node_modules/debug
3107 silly ADD node_modules/cross-spawn
3108 silly ADD node_modules/chalk
3109 silly ADD node_modules/ajv
3110 silly ADD node_modules/@ungap/structured-clone
3111 silly ADD node_modules/@nodelib/fs.walk
3112 silly ADD node_modules/@humanwhocodes/module-importer
3113 silly ADD node_modules/@humanwhocodes/config-array
3114 silly ADD node_modules/@eslint/js
3115 silly ADD node_modules/@eslint/eslintrc
3116 silly ADD node_modules/@eslint-community/regexpp
3117 silly ADD node_modules/@eslint-community/eslint-utils
3118 silly ADD node_modules/csstype
3119 silly ADD node_modules/@types/prop-types
3120 silly ADD node_modules/undici-types
3121 silly ADD node_modules/typescript
3122 silly ADD node_modules/tailwindcss
3123 silly ADD node_modules/postcss
3124 silly ADD node_modules/next
3125 silly ADD node_modules/next/node_modules/postcss
3126 silly ADD node_modules/eslint-config-next
3127 silly ADD node_modules/eslint
3128 silly ADD node_modules/@types/react-dom
3129 silly ADD node_modules/@types/react
3130 silly ADD node_modules/@types/node
3131 silly CHANGE node_modules/scheduler
3132 silly CHANGE node_modules/react-dom
3133 silly CHANGE node_modules/react
3134 silly REMOVE node_modules/lucide-react
3135 verbose cwd /Users/gayathrisathish/Library/Mobile Documents/com~apple~CloudDocs/Desktop/Projects/RoadRhythm
3136 verbose os Darwin 25.2.0
3137 verbose node v22.20.0
3138 verbose npm  v10.9.3
3139 verbose exit 0
3140 info ok
