0 verbose cli /usr/local/bin/node /usr/local/bin/npm
1 info using npm@10.9.3
2 info using node@v22.20.0
3 silly config load:file:/usr/local/lib/node_modules/npm/npmrc
4 silly config load:file:/Users/gayathrisathish/Library/Mobile Documents/com~apple~CloudDocs/Desktop/Projects/RoadRhythm/.npmrc
5 silly config load:file:/Users/gayathrisathish/.npmrc
6 silly config load:file:/usr/local/etc/npmrc
7 verbose title npm install recharts next-themes lucide-react class-variance-authority clsx tailwind-merge
8 verbose argv "install" "recharts" "next-themes" "lucide-react" "class-variance-authority" "clsx" "tailwind-merge" "--cache" ".npm-cache"
9 verbose logfile logs-max:10 dir:/Users/gayathrisathish/Library/Mobile Documents/com~apple~CloudDocs/Desktop/Projects/RoadRhythm/.npm-cache/_logs/2026-03-17T04_06_07_608Z-
10 verbose logfile /Users/gayathrisathish/Library/Mobile Documents/com~apple~CloudDocs/Desktop/Projects/RoadRhythm/.npm-cache/_logs/2026-03-17T04_06_07_608Z-debug-0.log
11 silly logfile done cleaning log files
12 silly packumentCache heap:4345298944 maxSize:1086324736 maxEntrySize:543162368
13 silly idealTree buildDeps
14 silly fetch manifest react@^18
15 silly packumentCache full:https://registry.npmjs.org/react cache-miss
16 verbose shrinkwrap failed to load node_modules/.package-lock.json out of date, updated: node_modules
17 http fetch GET 200 https://registry.npmjs.org/npm 808ms
18 http fetch GET 200 https://registry.npmjs.org/react 1571ms (cache miss)
19 silly packumentCache full:https://registry.npmjs.org/react set size:undefined disposed:false
20 silly fetch manifest react-dom@^18
21 silly packumentCache full:https://registry.npmjs.org/react-dom cache-miss
22 http fetch GET 200 https://registry.npmjs.org/react-dom 929ms (cache miss)
23 silly packumentCache full:https://registry.npmjs.org/react-dom set size:undefined disposed:false
24 silly fetch manifest next@14.2.5
25 silly packumentCache full:https://registry.npmjs.org/next cache-miss
26 http fetch GET 200 https://registry.npmjs.org/next 5959ms (cache miss)
27 silly packumentCache full:https://registry.npmjs.org/next set size:undefined disposed:false
28 silly fetch manifest @opentelemetry/api@^1.1.0
29 silly packumentCache full:https://registry.npmjs.org/@opentelemetry%2fapi cache-miss
30 http fetch GET 200 https://registry.npmjs.org/@opentelemetry%2fapi 110ms (cache miss)
31 silly packumentCache full:https://registry.npmjs.org/@opentelemetry%2fapi set size:undefined disposed:false
32 silly fetch manifest @playwright/test@^1.41.2
33 silly packumentCache full:https://registry.npmjs.org/@playwright%2ftest cache-miss
34 http fetch GET 200 https://registry.npmjs.org/@playwright%2ftest 1749ms (cache miss)
35 silly packumentCache full:https://registry.npmjs.org/@playwright%2ftest set size:undefined disposed:false
36 silly fetch manifest sass@^1.3.0
37 silly packumentCache full:https://registry.npmjs.org/sass cache-miss
38 http fetch GET 200 https://registry.npmjs.org/sass 211ms (cache miss)
39 silly packumentCache full:https://registry.npmjs.org/sass set size:undefined disposed:false
40 silly fetch manifest recharts@*
41 silly packumentCache full:https://registry.npmjs.org/recharts cache-miss
42 http fetch GET 200 https://registry.npmjs.org/recharts 322ms (cache miss)
43 silly packumentCache full:https://registry.npmjs.org/recharts set size:undefined disposed:false
44 silly fetch manifest react-is@^16.8.0 || ^17.0.0 || ^18.0.0 || ^19.0.0
45 silly packumentCache full:https://registry.npmjs.org/react-is cache-miss
46 http fetch GET 200 https://registry.npmjs.org/react-is 1610ms (cache miss)
47 silly packumentCache full:https://registry.npmjs.org/react-is set size:undefined disposed:false
48 silly fetch manifest next-themes@*
49 silly packumentCache full:https://registry.npmjs.org/next-themes cache-miss
50 http fetch GET 200 https://registry.npmjs.org/next-themes 467ms (cache miss)
51 silly packumentCache full:https://registry.npmjs.org/next-themes set size:undefined disposed:false
52 silly fetch manifest lucide-react@*
53 silly packumentCache full:https://registry.npmjs.org/lucide-react cache-miss
54 http fetch GET 200 https://registry.npmjs.org/lucide-react 196ms (cache miss)
55 silly packumentCache full:https://registry.npmjs.org/lucide-react set size:undefined disposed:false
56 silly fetch manifest class-variance-authority@*
57 silly packumentCache full:https://registry.npmjs.org/class-variance-authority cache-miss
58 http fetch GET 200 https://registry.npmjs.org/class-variance-authority 184ms (cache miss)
59 silly packumentCache full:https://registry.npmjs.org/class-variance-authority set size:undefined disposed:false
60 silly fetch manifest clsx@*
61 silly packumentCache full:https://registry.npmjs.org/clsx cache-miss
62 http fetch GET 200 https://registry.npmjs.org/clsx 66ms (cache miss)
63 silly packumentCache full:https://registry.npmjs.org/clsx set size:undefined disposed:false
64 silly fetch manifest tailwind-merge@*
65 silly packumentCache full:https://registry.npmjs.org/tailwind-merge cache-miss
66 http fetch GET 200 https://registry.npmjs.org/tailwind-merge 590ms (cache miss)
67 silly packumentCache full:https://registry.npmjs.org/tailwind-merge set size:undefined disposed:false
68 silly fetch manifest typescript@^5
69 silly packumentCache full:https://registry.npmjs.org/typescript cache-miss
70 http fetch GET 200 https://registry.npmjs.org/typescript 889ms (cache miss)
71 silly packumentCache full:https://registry.npmjs.org/typescript set size:undefined disposed:false
72 silly fetch manifest @types/node@^20
73 silly packumentCache full:https://registry.npmjs.org/@types%2fnode cache-miss
74 http fetch GET 200 https://registry.npmjs.org/@types%2fnode 2007ms (cache miss)
75 silly packumentCache full:https://registry.npmjs.org/@types%2fnode set size:undefined disposed:false
76 silly fetch manifest @types/react@^18
77 silly packumentCache full:https://registry.npmjs.org/@types%2freact cache-miss
78 http fetch GET 200 https://registry.npmjs.org/@types%2freact 299ms (cache miss)
79 silly packumentCache full:https://registry.npmjs.org/@types%2freact set size:undefined disposed:false
80 silly fetch manifest @types/react-dom@^18
81 silly packumentCache full:https://registry.npmjs.org/@types%2freact-dom cache-miss
82 http fetch GET 200 https://registry.npmjs.org/@types%2freact-dom 243ms (cache miss)
83 silly packumentCache full:https://registry.npmjs.org/@types%2freact-dom set size:undefined disposed:false
84 silly fetch manifest postcss@^8
85 silly packumentCache full:https://registry.npmjs.org/postcss cache-miss
86 http fetch GET 200 https://registry.npmjs.org/postcss 182ms (cache miss)
87 silly packumentCache full:https://registry.npmjs.org/postcss set size:undefined disposed:false
88 silly fetch manifest tailwindcss@^3.4.1
89 silly packumentCache full:https://registry.npmjs.org/tailwindcss cache-miss
90 http fetch GET 200 https://registry.npmjs.org/tailwindcss 1231ms (cache miss)
91 silly packumentCache full:https://registry.npmjs.org/tailwindcss set size:undefined disposed:false
92 silly fetch manifest eslint@^8
93 silly packumentCache full:https://registry.npmjs.org/eslint cache-miss
94 http fetch GET 200 https://registry.npmjs.org/eslint 234ms (cache miss)
95 silly packumentCache full:https://registry.npmjs.org/eslint set size:undefined disposed:false
96 silly fetch manifest eslint-config-next@14.2.5
97 silly packumentCache full:https://registry.npmjs.org/eslint-config-next cache-miss
98 http fetch GET 200 https://registry.npmjs.org/eslint-config-next 787ms (cache miss)
99 silly packumentCache full:https://registry.npmjs.org/eslint-config-next set size:undefined disposed:false
100 silly placeDep ROOT @types/node@20.19.37 OK for: roadrhythm@0.1.0 want: ^20
101 silly placeDep ROOT @types/react@18.3.28 OK for: roadrhythm@0.1.0 want: ^18
102 silly placeDep ROOT @types/react-dom@18.3.7 OK for: roadrhythm@0.1.0 want: ^18
103 silly placeDep ROOT class-variance-authority@0.7.1 REPLACE for: roadrhythm@0.1.0 want: *
104 silly placeDep ROOT clsx@2.1.1 REPLACE for: roadrhythm@0.1.0 want: *
105 silly placeDep ROOT eslint@8.57.1 OK for: roadrhythm@0.1.0 want: ^8
106 silly placeDep ROOT eslint-config-next@14.2.5 OK for: roadrhythm@0.1.0 want: 14.2.5
107 silly placeDep ROOT lucide-react@0.577.0 REPLACE for: roadrhythm@0.1.0 want: *
108 silly placeDep ROOT next@14.2.5 OK for: roadrhythm@0.1.0 want: 14.2.5
109 silly placeDep ROOT react@18.3.1 REPLACE for: next@14.2.5 want: ^18.2.0
110 warn ERESOLVE overriding peer dependency {
110 warn ERESOLVE   code: 'ERESOLVE',
110 warn ERESOLVE   edge: {
110 warn ERESOLVE     type: 'peer',
110 warn ERESOLVE     name: 'react',
110 warn ERESOLVE     spec: '^19.2.4',
110 warn ERESOLVE     from: {
110 warn ERESOLVE       name: 'react-dom',
110 warn ERESOLVE       version: '19.2.4',
110 warn ERESOLVE       location: 'node_modules/react-dom',
110 warn ERESOLVE       isWorkspace: false,
110 warn ERESOLVE       dependents: [Array]
110 warn ERESOLVE     }
110 warn ERESOLVE   },
110 warn ERESOLVE   dep: {
110 warn ERESOLVE     name: 'react',
110 warn ERESOLVE     version: '18.3.1',
110 warn ERESOLVE     whileInstalling: {
110 warn ERESOLVE       name: 'roadrhythm',
110 warn ERESOLVE       version: '0.1.0',
110 warn ERESOLVE       path: '/Users/gayathrisathish/Library/Mobile Documents/com~apple~CloudDocs/Desktop/Projects/RoadRhythm'
110 warn ERESOLVE     },
110 warn ERESOLVE     location: 'node_modules/react',
110 warn ERESOLVE     isWorkspace: false,
110 warn ERESOLVE     dependents: [ [Object] ]
110 warn ERESOLVE   },
110 warn ERESOLVE   force: false,
110 warn ERESOLVE   isMine: true,
110 warn ERESOLVE   strictPeerDeps: false,
110 warn ERESOLVE   current: {
110 warn ERESOLVE     name: 'react',
110 warn ERESOLVE     version: '19.2.4',
110 warn ERESOLVE     location: 'node_modules/react',
110 warn ERESOLVE     isWorkspace: false,
110 warn ERESOLVE     dependents: [ [Object] ]
110 warn ERESOLVE   },
110 warn ERESOLVE   peerConflict: {
110 warn ERESOLVE     name: 'react',
110 warn ERESOLVE     version: '19.2.4',
110 warn ERESOLVE     location: 'node_modules/react',
110 warn ERESOLVE     isWorkspace: false,
110 warn ERESOLVE     dependents: [ [Object] ]
110 warn ERESOLVE   }
110 warn ERESOLVE }
111 warn ERESOLVE overriding peer dependency {
111 warn ERESOLVE   code: 'ERESOLVE',
111 warn ERESOLVE   edge: {
111 warn ERESOLVE     type: 'peer',
111 warn ERESOLVE     name: 'react',
111 warn ERESOLVE     spec: '^19.2.4',
111 warn ERESOLVE     from: {
111 warn ERESOLVE       name: 'react-dom',
111 warn ERESOLVE       version: '19.2.4',
111 warn ERESOLVE       location: 'node_modules/react-dom',
111 warn ERESOLVE       isWorkspace: false,
111 warn ERESOLVE       dependents: [Array]
111 warn ERESOLVE     }
111 warn ERESOLVE   },
111 warn ERESOLVE   dep: {
111 warn ERESOLVE     name: 'react',
111 warn ERESOLVE     version: '18.3.1',
111 warn ERESOLVE     whileInstalling: {
111 warn ERESOLVE       name: 'roadrhythm',
111 warn ERESOLVE       version: '0.1.0',
111 warn ERESOLVE       path: '/Users/gayathrisathish/Library/Mobile Documents/com~apple~CloudDocs/Desktop/Projects/RoadRhythm'
111 warn ERESOLVE     },
111 warn ERESOLVE     location: 'node_modules/react',
111 warn ERESOLVE     isWorkspace: false,
111 warn ERESOLVE     dependents: [ [Object] ]
111 warn ERESOLVE   },
111 warn ERESOLVE   force: false,
111 warn ERESOLVE   isMine: true,
111 warn ERESOLVE   strictPeerDeps: false,
111 warn ERESOLVE   current: {
111 warn ERESOLVE     name: 'react',
111 warn ERESOLVE     version: '19.2.4',
111 warn ERESOLVE     location: 'node_modules/react',
111 warn ERESOLVE     isWorkspace: false,
111 warn ERESOLVE     dependents: [ [Object] ]
111 warn ERESOLVE   },
111 warn ERESOLVE   peerConflict: {
111 warn ERESOLVE     name: 'react',
111 warn ERESOLVE     version: '19.2.4',
111 warn ERESOLVE     location: 'node_modules/react',
111 warn ERESOLVE     isWorkspace: false,
111 warn ERESOLVE     dependents: [ [Object] ]
111 warn ERESOLVE   }
111 warn ERESOLVE }
112 silly placeDep ROOT react-dom@18.3.1 REPLACE for: next@14.2.5 want: ^18.2.0
113 silly placeDep ROOT next-themes@0.4.6 REPLACE for: roadrhythm@0.1.0 want: *
114 silly placeDep ROOT postcss@8.5.8 OK for: roadrhythm@0.1.0 want: ^8
115 silly placeDep ROOT recharts@3.8.0 REPLACE for: roadrhythm@0.1.0 want: *
116 silly placeDep ROOT tailwind-merge@3.5.0 REPLACE for: roadrhythm@0.1.0 want: *
117 silly placeDep ROOT tailwindcss@3.4.19 OK for: roadrhythm@0.1.0 want: ^3.4.1
118 silly placeDep ROOT typescript@5.9.3 OK for: roadrhythm@0.1.0 want: ^5
119 silly fetch manifest undici-types@~6.21.0
120 silly packumentCache full:https://registry.npmjs.org/undici-types cache-miss
121 silly fetch manifest csstype@^3.2.2
122 silly packumentCache full:https://registry.npmjs.org/csstype cache-miss
123 silly fetch manifest @types/prop-types@*
124 silly packumentCache full:https://registry.npmjs.org/@types%2fprop-types cache-miss
125 silly fetch manifest ajv@^6.12.4
126 silly packumentCache full:https://registry.npmjs.org/ajv cache-miss
127 silly fetch manifest levn@^0.4.1
128 silly packumentCache full:https://registry.npmjs.org/levn cache-miss
129 silly fetch manifest chalk@^4.0.0
130 silly packumentCache full:https://registry.npmjs.org/chalk cache-miss
131 silly fetch manifest debug@^4.3.2
132 silly packumentCache full:https://registry.npmjs.org/debug cache-miss
133 silly fetch manifest espree@^9.6.1
134 silly packumentCache full:https://registry.npmjs.org/espree cache-miss
135 silly fetch manifest ignore@^5.2.0
136 silly packumentCache full:https://registry.npmjs.org/ignore cache-miss
137 http fetch GET 200 https://registry.npmjs.org/undici-types 223ms (cache miss)
138 silly packumentCache full:https://registry.npmjs.org/undici-types set size:undefined disposed:false
139 silly fetch manifest esquery@^1.4.2
140 silly packumentCache full:https://registry.npmjs.org/esquery cache-miss
141 http fetch GET 200 https://registry.npmjs.org/csstype 305ms (cache miss)
142 silly packumentCache full:https://registry.npmjs.org/csstype set size:undefined disposed:false
143 silly fetch manifest esutils@^2.0.2
144 silly packumentCache full:https://registry.npmjs.org/esutils cache-miss
145 http fetch GET 200 https://registry.npmjs.org/esutils 112ms (cache miss)
146 silly packumentCache full:https://registry.npmjs.org/esutils set size:undefined disposed:false
147 silly fetch manifest find-up@^5.0.0
148 silly packumentCache full:https://registry.npmjs.org/find-up cache-miss
149 http fetch GET 200 https://registry.npmjs.org/esquery 194ms (cache miss)
150 silly packumentCache full:https://registry.npmjs.org/esquery set size:undefined disposed:false
151 silly fetch manifest globals@^13.19.0
152 silly packumentCache full:https://registry.npmjs.org/globals cache-miss
153 http fetch GET 200 https://registry.npmjs.org/find-up 219ms (cache miss)
154 silly packumentCache full:https://registry.npmjs.org/find-up set size:undefined disposed:false
155 silly fetch manifest is-glob@^4.0.0
156 silly packumentCache full:https://registry.npmjs.org/is-glob cache-miss
157 http fetch GET 200 https://registry.npmjs.org/globals 329ms (cache miss)
158 silly packumentCache full:https://registry.npmjs.org/globals set size:undefined disposed:false
159 silly fetch manifest js-yaml@^4.1.0
160 silly packumentCache full:https://registry.npmjs.org/js-yaml cache-miss
161 http fetch GET 200 https://registry.npmjs.org/chalk 752ms (cache miss)
162 silly packumentCache full:https://registry.npmjs.org/chalk set size:undefined disposed:false
163 silly fetch manifest doctrine@^3.0.0
164 silly packumentCache full:https://registry.npmjs.org/doctrine cache-miss
165 http fetch GET 200 https://registry.npmjs.org/debug 773ms (cache miss)
166 silly packumentCache full:https://registry.npmjs.org/debug set size:undefined disposed:false
167 silly fetch manifest graphemer@^1.4.0
168 silly packumentCache full:https://registry.npmjs.org/graphemer cache-miss
169 http fetch GET 200 https://registry.npmjs.org/levn 819ms (cache miss)
170 silly packumentCache full:https://registry.npmjs.org/levn set size:undefined disposed:false
171 silly fetch manifest minimatch@^3.1.2
172 silly packumentCache full:https://registry.npmjs.org/minimatch cache-miss
173 http fetch GET 200 https://registry.npmjs.org/is-glob 204ms (cache miss)
174 silly packumentCache full:https://registry.npmjs.org/is-glob set size:undefined disposed:false
175 silly fetch manifest @eslint/js@8.57.1
176 silly packumentCache full:https://registry.npmjs.org/@eslint%2fjs cache-miss
177 http fetch GET 200 https://registry.npmjs.org/graphemer 77ms (cache miss)
178 silly packumentCache full:https://registry.npmjs.org/graphemer set size:undefined disposed:false
179 silly fetch manifest optionator@^0.9.3
180 silly packumentCache full:https://registry.npmjs.org/optionator cache-miss
181 http fetch GET 200 https://registry.npmjs.org/doctrine 104ms (cache miss)
182 silly packumentCache full:https://registry.npmjs.org/doctrine set size:undefined disposed:false
183 silly fetch manifest strip-ansi@^6.0.1
184 silly packumentCache full:https://registry.npmjs.org/strip-ansi cache-miss
185 http fetch GET 200 https://registry.npmjs.org/js-yaml 107ms (cache miss)
186 silly packumentCache full:https://registry.npmjs.org/js-yaml set size:undefined disposed:false
187 silly fetch manifest text-table@^0.2.0
188 silly packumentCache full:https://registry.npmjs.org/text-table cache-miss
189 http fetch GET 200 https://registry.npmjs.org/ajv 1002ms (cache miss)
190 silly packumentCache full:https://registry.npmjs.org/ajv set size:undefined disposed:false
191 silly fetch manifest cross-spawn@^7.0.2
192 silly packumentCache full:https://registry.npmjs.org/cross-spawn cache-miss
193 http fetch GET 200 https://registry.npmjs.org/@types%2fprop-types 1155ms (cache miss)
194 silly packumentCache full:https://registry.npmjs.org/@types%2fprop-types set size:undefined disposed:false
195 silly fetch manifest glob-parent@^6.0.2
196 silly packumentCache full:https://registry.npmjs.org/glob-parent cache-miss
197 http fetch GET 200 https://registry.npmjs.org/ignore 1157ms (cache miss)
198 silly packumentCache full:https://registry.npmjs.org/ignore set size:undefined disposed:false
199 silly fetch manifest imurmurhash@^0.1.4
200 silly packumentCache full:https://registry.npmjs.org/imurmurhash cache-miss
201 http fetch GET 200 https://registry.npmjs.org/strip-ansi 301ms (cache miss)
202 silly packumentCache full:https://registry.npmjs.org/strip-ansi set size:undefined disposed:false
203 silly fetch manifest eslint-scope@^7.2.2
204 silly packumentCache full:https://registry.npmjs.org/eslint-scope cache-miss
205 http fetch GET 200 https://registry.npmjs.org/optionator 342ms (cache miss)
206 silly packumentCache full:https://registry.npmjs.org/optionator set size:undefined disposed:false
207 silly fetch manifest lodash.merge@^4.6.2
208 silly packumentCache full:https://registry.npmjs.org/lodash.merge cache-miss
209 http fetch GET 200 https://registry.npmjs.org/espree 1195ms (cache miss)
210 silly packumentCache full:https://registry.npmjs.org/espree set size:undefined disposed:false
211 silly fetch manifest is-path-inside@^3.0.3
212 silly packumentCache full:https://registry.npmjs.org/is-path-inside cache-miss
213 http fetch GET 200 https://registry.npmjs.org/@eslint%2fjs 356ms (cache miss)
214 silly packumentCache full:https://registry.npmjs.org/@eslint%2fjs set size:undefined disposed:false
215 silly fetch manifest fast-deep-equal@^3.1.3
216 silly packumentCache full:https://registry.npmjs.org/fast-deep-equal cache-miss
217 http fetch GET 200 https://registry.npmjs.org/text-table 348ms (cache miss)
218 silly packumentCache full:https://registry.npmjs.org/text-table set size:undefined disposed:false
219 silly fetch manifest natural-compare@^1.4.0
220 silly packumentCache full:https://registry.npmjs.org/natural-compare cache-miss
221 http fetch GET 200 https://registry.npmjs.org/cross-spawn 201ms (cache miss)
222 silly packumentCache full:https://registry.npmjs.org/cross-spawn set size:undefined disposed:false
223 silly fetch manifest @eslint/eslintrc@^2.1.4
224 silly packumentCache full:https://registry.npmjs.org/@eslint%2feslintrc cache-miss
225 http fetch GET 200 https://registry.npmjs.org/minimatch 814ms (cache miss)
226 silly packumentCache full:https://registry.npmjs.org/minimatch set size:undefined disposed:false
227 silly fetch manifest @nodelib/fs.walk@^1.2.8
228 silly packumentCache full:https://registry.npmjs.org/@nodelib%2ffs.walk cache-miss
229 http fetch GET 200 https://registry.npmjs.org/natural-compare 460ms (cache miss)
230 silly packumentCache full:https://registry.npmjs.org/natural-compare set size:undefined disposed:false
231 silly fetch manifest file-entry-cache@^6.0.1
232 silly packumentCache full:https://registry.npmjs.org/file-entry-cache cache-miss
233 http fetch GET 200 https://registry.npmjs.org/is-path-inside 480ms (cache miss)
234 silly packumentCache full:https://registry.npmjs.org/is-path-inside set size:undefined disposed:false
235 silly fetch manifest eslint-visitor-keys@^3.4.3
236 silly packumentCache full:https://registry.npmjs.org/eslint-visitor-keys cache-miss
237 http fetch GET 200 https://registry.npmjs.org/glob-parent 523ms (cache miss)
238 silly packumentCache full:https://registry.npmjs.org/glob-parent set size:undefined disposed:false
239 silly fetch manifest escape-string-regexp@^4.0.0
240 silly packumentCache full:https://registry.npmjs.org/escape-string-regexp cache-miss
241 http fetch GET 200 https://registry.npmjs.org/imurmurhash 519ms (cache miss)
242 silly packumentCache full:https://registry.npmjs.org/imurmurhash set size:undefined disposed:false
243 silly fetch manifest @ungap/structured-clone@^1.2.0
244 silly packumentCache full:https://registry.npmjs.org/@ungap%2fstructured-clone cache-miss
245 http fetch GET 200 https://registry.npmjs.org/lodash.merge 484ms (cache miss)
246 silly packumentCache full:https://registry.npmjs.org/lodash.merge set size:undefined disposed:false
247 silly fetch manifest @eslint-community/regexpp@^4.6.1
248 silly packumentCache full:https://registry.npmjs.org/@eslint-community%2fregexpp cache-miss
249 http fetch GET 200 https://registry.npmjs.org/fast-deep-equal 482ms (cache miss)
250 silly packumentCache full:https://registry.npmjs.org/fast-deep-equal set size:undefined disposed:false
251 silly fetch manifest @humanwhocodes/config-array@^0.13.0
252 silly packumentCache full:https://registry.npmjs.org/@humanwhocodes%2fconfig-array cache-miss
253 http fetch GET 200 https://registry.npmjs.org/eslint-scope 524ms (cache miss)
254 silly packumentCache full:https://registry.npmjs.org/eslint-scope set size:undefined disposed:false
255 silly fetch manifest @eslint-community/eslint-utils@^4.2.0
256 silly packumentCache full:https://registry.npmjs.org/@eslint-community%2feslint-utils cache-miss
257 http fetch GET 200 https://registry.npmjs.org/@eslint%2feslintrc 475ms (cache miss)
258 silly packumentCache full:https://registry.npmjs.org/@eslint%2feslintrc set size:undefined disposed:false
259 silly fetch manifest @humanwhocodes/module-importer@^1.0.1
260 silly packumentCache full:https://registry.npmjs.org/@humanwhocodes%2fmodule-importer cache-miss
261 http fetch GET 200 https://registry.npmjs.org/@nodelib%2ffs.walk 133ms (cache miss)
262 silly packumentCache full:https://registry.npmjs.org/@nodelib%2ffs.walk set size:undefined disposed:false
263 silly fetch manifest json-stable-stringify-without-jsonify@^1.0.1
264 silly packumentCache full:https://registry.npmjs.org/json-stable-stringify-without-jsonify cache-miss
265 http fetch GET 200 https://registry.npmjs.org/eslint-visitor-keys 95ms (cache miss)
266 silly packumentCache full:https://registry.npmjs.org/eslint-visitor-keys set size:undefined disposed:false
267 silly fetch manifest eslint-plugin-react@^7.33.2
268 silly packumentCache full:https://registry.npmjs.org/eslint-plugin-react cache-miss
269 http fetch GET 200 https://registry.npmjs.org/escape-string-regexp 95ms (cache miss)
270 silly packumentCache full:https://registry.npmjs.org/escape-string-regexp set size:undefined disposed:false
271 silly fetch manifest eslint-plugin-import@^2.28.1
272 silly packumentCache full:https://registry.npmjs.org/eslint-plugin-import cache-miss
273 http fetch GET 200 https://registry.npmjs.org/@ungap%2fstructured-clone 169ms (cache miss)
274 silly packumentCache full:https://registry.npmjs.org/@ungap%2fstructured-clone set size:undefined disposed:false
275 silly fetch manifest eslint-plugin-jsx-a11y@^6.7.1
276 silly packumentCache full:https://registry.npmjs.org/eslint-plugin-jsx-a11y cache-miss
277 http fetch GET 200 https://registry.npmjs.org/@eslint-community%2feslint-utils 164ms (cache miss)
278 silly packumentCache full:https://registry.npmjs.org/@eslint-community%2feslint-utils set size:undefined disposed:false
279 silly fetch manifest @rushstack/eslint-patch@^1.3.3
280 silly packumentCache full:https://registry.npmjs.org/@rushstack%2feslint-patch cache-miss
281 http fetch GET 200 https://registry.npmjs.org/@humanwhocodes%2fmodule-importer 165ms (cache miss)
282 silly packumentCache full:https://registry.npmjs.org/@humanwhocodes%2fmodule-importer set size:undefined disposed:false
283 silly fetch manifest @next/eslint-plugin-next@14.2.5
284 silly packumentCache full:https://registry.npmjs.org/@next%2feslint-plugin-next cache-miss
285 http fetch GET 200 https://registry.npmjs.org/@eslint-community%2fregexpp 173ms (cache miss)
286 silly packumentCache full:https://registry.npmjs.org/@eslint-community%2fregexpp set size:undefined disposed:false
287 silly fetch manifest @typescript-eslint/parser@^5.4.2 || ^6.0.0 || 7.0.0 - 7.2.0
288 silly packumentCache full:https://registry.npmjs.org/@typescript-eslint%2fparser cache-miss
289 http fetch GET 200 https://registry.npmjs.org/json-stable-stringify-without-jsonify 83ms (cache miss)
290 silly packumentCache full:https://registry.npmjs.org/json-stable-stringify-without-jsonify set size:undefined disposed:false
291 silly fetch manifest eslint-plugin-react-hooks@^4.5.0 || 5.0.0-canary-7118f5dd7-20230705
292 silly packumentCache full:https://registry.npmjs.org/eslint-plugin-react-hooks cache-miss
293 http fetch GET 200 https://registry.npmjs.org/eslint-plugin-react 133ms (cache miss)
294 silly packumentCache full:https://registry.npmjs.org/eslint-plugin-react set size:undefined disposed:false
295 silly fetch manifest eslint-import-resolver-node@^0.3.6
296 silly packumentCache full:https://registry.npmjs.org/eslint-import-resolver-node cache-miss
297 http fetch GET 200 https://registry.npmjs.org/eslint-plugin-import 182ms (cache miss)
298 silly packumentCache full:https://registry.npmjs.org/eslint-plugin-import set size:undefined disposed:false
299 silly fetch manifest eslint-import-resolver-typescript@^3.5.2
300 silly packumentCache full:https://registry.npmjs.org/eslint-import-resolver-typescript cache-miss
301 http fetch GET 200 https://registry.npmjs.org/eslint-plugin-jsx-a11y 110ms (cache miss)
302 silly packumentCache full:https://registry.npmjs.org/eslint-plugin-jsx-a11y set size:undefined disposed:false
303 silly fetch manifest busboy@1.6.0
304 silly packumentCache full:https://registry.npmjs.org/busboy cache-miss
305 http fetch GET 200 https://registry.npmjs.org/file-entry-cache 382ms (cache miss)
306 silly packumentCache full:https://registry.npmjs.org/file-entry-cache set size:undefined disposed:false
307 silly fetch manifest postcss@8.4.31
308 silly packumentCache full:https://registry.npmjs.org/postcss cache-miss
309 http fetch GET 200 https://registry.npmjs.org/@humanwhocodes%2fconfig-array 369ms (cache miss)
310 silly packumentCache full:https://registry.npmjs.org/@humanwhocodes%2fconfig-array set size:undefined disposed:false
311 silly fetch manifest @next/env@14.2.5
312 silly packumentCache full:https://registry.npmjs.org/@next%2fenv cache-miss
313 http cache https://registry.npmjs.org/postcss 7ms (cache hit)
314 silly packumentCache full:https://registry.npmjs.org/postcss set size:702266 disposed:false
315 silly fetch manifest styled-jsx@5.1.1
316 silly packumentCache full:https://registry.npmjs.org/styled-jsx cache-miss
317 http fetch GET 200 https://registry.npmjs.org/eslint-import-resolver-node 359ms (cache miss)
318 silly packumentCache full:https://registry.npmjs.org/eslint-import-resolver-node set size:undefined disposed:false
319 silly fetch manifest graceful-fs@^4.2.11
320 silly packumentCache full:https://registry.npmjs.org/graceful-fs cache-miss
321 http fetch GET 200 https://registry.npmjs.org/@rushstack%2feslint-patch 727ms (cache miss)
322 silly packumentCache full:https://registry.npmjs.org/@rushstack%2feslint-patch set size:undefined disposed:false
323 silly fetch manifest @swc/helpers@0.5.5
324 silly packumentCache full:https://registry.npmjs.org/@swc%2fhelpers cache-miss
325 http fetch GET 200 https://registry.npmjs.org/eslint-import-resolver-typescript 624ms (cache miss)
326 silly packumentCache full:https://registry.npmjs.org/eslint-import-resolver-typescript set size:undefined disposed:false
327 silly fetch manifest caniuse-lite@^1.0.30001579
328 silly packumentCache full:https://registry.npmjs.org/caniuse-lite cache-miss
329 http fetch GET 200 https://registry.npmjs.org/styled-jsx 556ms (cache miss)
330 silly packumentCache full:https://registry.npmjs.org/styled-jsx set size:undefined disposed:false
331 silly fetch manifest @next/swc-darwin-x64@14.2.5
332 silly packumentCache full:https://registry.npmjs.org/@next%2fswc-darwin-x64 cache-miss
333 http fetch GET 200 https://registry.npmjs.org/graceful-fs 654ms (cache miss)
334 silly packumentCache full:https://registry.npmjs.org/graceful-fs set size:undefined disposed:false
335 silly fetch manifest @next/swc-darwin-arm64@14.2.5
336 silly packumentCache full:https://registry.npmjs.org/@next%2fswc-darwin-arm64 cache-miss
337 http fetch GET 200 https://registry.npmjs.org/busboy 966ms (cache miss)
338 silly packumentCache full:https://registry.npmjs.org/busboy set size:undefined disposed:false
339 silly fetch manifest @next/swc-linux-x64-gnu@14.2.5
340 silly packumentCache full:https://registry.npmjs.org/@next%2fswc-linux-x64-gnu cache-miss
341 http fetch GET 200 https://registry.npmjs.org/@swc%2fhelpers 989ms (cache miss)
342 silly packumentCache full:https://registry.npmjs.org/@swc%2fhelpers set size:undefined disposed:false
343 silly fetch manifest @next/swc-linux-x64-musl@14.2.5
344 silly packumentCache full:https://registry.npmjs.org/@next%2fswc-linux-x64-musl cache-miss
345 http fetch GET 200 https://registry.npmjs.org/caniuse-lite 2922ms (cache miss)
346 silly packumentCache full:https://registry.npmjs.org/caniuse-lite set size:undefined disposed:false
347 silly fetch manifest @next/swc-win32-x64-msvc@14.2.5
348 silly packumentCache full:https://registry.npmjs.org/@next%2fswc-win32-x64-msvc cache-miss
349 http fetch GET 200 https://registry.npmjs.org/@next%2feslint-plugin-next 5871ms (cache miss)
350 silly packumentCache full:https://registry.npmjs.org/@next%2feslint-plugin-next set size:undefined disposed:false
351 silly fetch manifest @next/swc-linux-arm64-gnu@14.2.5
352 silly packumentCache full:https://registry.npmjs.org/@next%2fswc-linux-arm64-gnu cache-miss
353 http fetch GET 200 https://registry.npmjs.org/@next%2fswc-darwin-x64 5491ms (cache miss)
354 silly packumentCache full:https://registry.npmjs.org/@next%2fswc-darwin-x64 set size:undefined disposed:false
355 silly fetch manifest @next/swc-win32-ia32-msvc@14.2.5
356 silly packumentCache full:https://registry.npmjs.org/@next%2fswc-win32-ia32-msvc cache-miss
357 http fetch GET 200 https://registry.npmjs.org/@next%2fswc-linux-x64-musl 5119ms (cache miss)
358 silly packumentCache full:https://registry.npmjs.org/@next%2fswc-linux-x64-musl set size:undefined disposed:false
359 silly fetch manifest @next/swc-linux-arm64-musl@14.2.5
360 silly packumentCache full:https://registry.npmjs.org/@next%2fswc-linux-arm64-musl cache-miss
361 http fetch GET 200 https://registry.npmjs.org/@next%2fswc-darwin-arm64 6439ms (cache miss)
362 silly packumentCache full:https://registry.npmjs.org/@next%2fswc-darwin-arm64 set size:undefined disposed:false
363 silly fetch manifest @next/swc-win32-arm64-msvc@14.2.5
364 silly packumentCache full:https://registry.npmjs.org/@next%2fswc-win32-arm64-msvc cache-miss
365 http fetch GET 200 https://registry.npmjs.org/@next%2fenv 8218ms (cache miss)
366 silly packumentCache full:https://registry.npmjs.org/@next%2fenv set size:undefined disposed:false
367 silly fetch manifest scheduler@^0.23.2
368 silly packumentCache full:https://registry.npmjs.org/scheduler cache-miss
369 http fetch GET 200 https://registry.npmjs.org/@next%2fswc-linux-x64-gnu 7745ms (cache miss)
370 silly packumentCache full:https://registry.npmjs.org/@next%2fswc-linux-x64-gnu set size:undefined disposed:false
371 silly fetch manifest loose-envify@^1.1.0
372 silly packumentCache full:https://registry.npmjs.org/loose-envify cache-miss
373 http fetch GET 200 https://registry.npmjs.org/@next%2fswc-linux-arm64-gnu 2994ms (cache miss)
374 silly packumentCache full:https://registry.npmjs.org/@next%2fswc-linux-arm64-gnu set size:undefined disposed:false
375 silly fetch manifest loose-envify@^1.1.0
376 silly packumentCache full:https://registry.npmjs.org/loose-envify cache-miss
377 http fetch GET 200 https://registry.npmjs.org/@next%2fswc-win32-ia32-msvc 2656ms (cache miss)
378 silly packumentCache full:https://registry.npmjs.org/@next%2fswc-win32-ia32-msvc set size:undefined disposed:false
379 silly fetch manifest nanoid@^3.3.11
380 silly packumentCache full:https://registry.npmjs.org/nanoid cache-miss
381 http fetch GET 200 https://registry.npmjs.org/loose-envify 120ms (cache miss)
382 silly packumentCache full:https://registry.npmjs.org/loose-envify set size:undefined disposed:false
383 silly fetch manifest picocolors@^1.1.1
384 silly packumentCache full:https://registry.npmjs.org/picocolors cache-miss
385 http fetch GET 200 https://registry.npmjs.org/loose-envify 155ms (cache miss)
386 silly packumentCache full:https://registry.npmjs.org/loose-envify set size:undefined disposed:false
387 silly fetch manifest source-map-js@^1.2.1
388 silly packumentCache full:https://registry.npmjs.org/source-map-js cache-miss
389 http fetch GET 200 https://registry.npmjs.org/picocolors 136ms (cache miss)
390 silly packumentCache full:https://registry.npmjs.org/picocolors set size:undefined disposed:false
391 silly fetch manifest arg@^5.0.2
392 silly packumentCache full:https://registry.npmjs.org/arg cache-miss
393 http fetch GET 200 https://registry.npmjs.org/source-map-js 75ms (cache miss)
394 silly packumentCache full:https://registry.npmjs.org/source-map-js set size:undefined disposed:false
395 silly fetch manifest dlv@^1.1.3
396 silly packumentCache full:https://registry.npmjs.org/dlv cache-miss
397 http fetch GET 200 https://registry.npmjs.org/nanoid 261ms (cache miss)
398 silly packumentCache full:https://registry.npmjs.org/nanoid set size:undefined disposed:false
399 silly fetch manifest jiti@^1.21.7
400 silly packumentCache full:https://registry.npmjs.org/jiti cache-miss
401 http fetch GET 200 https://registry.npmjs.org/dlv 74ms (cache miss)
402 silly packumentCache full:https://registry.npmjs.org/dlv set size:undefined disposed:false
403 silly fetch manifest is-glob@^4.0.3
404 silly packumentCache full:https://registry.npmjs.org/is-glob cache-miss
405 http cache https://registry.npmjs.org/is-glob 3ms (cache hit)
406 silly packumentCache full:https://registry.npmjs.org/is-glob set size:40530 disposed:false
407 silly fetch manifest resolve@^1.22.8
408 silly packumentCache full:https://registry.npmjs.org/resolve cache-miss
409 http fetch GET 200 https://registry.npmjs.org/arg 146ms (cache miss)
410 silly packumentCache full:https://registry.npmjs.org/arg set size:undefined disposed:false
411 silly fetch manifest sucrase@^3.35.0
412 silly packumentCache full:https://registry.npmjs.org/sucrase cache-miss
413 http fetch GET 200 https://registry.npmjs.org/resolve 151ms (cache miss)
414 silly packumentCache full:https://registry.npmjs.org/resolve set size:undefined disposed:false
415 silly fetch manifest chokidar@^3.6.0
416 silly packumentCache full:https://registry.npmjs.org/chokidar cache-miss
417 http fetch GET 200 https://registry.npmjs.org/jiti 202ms (cache miss)
418 silly packumentCache full:https://registry.npmjs.org/jiti set size:undefined disposed:false
419 silly fetch manifest fast-glob@^3.3.2
420 silly packumentCache full:https://registry.npmjs.org/fast-glob cache-miss
421 http fetch GET 200 https://registry.npmjs.org/@next%2fswc-win32-x64-msvc 5759ms (cache miss)
422 silly packumentCache full:https://registry.npmjs.org/@next%2fswc-win32-x64-msvc set size:undefined disposed:false
423 silly fetch manifest lilconfig@^3.1.3
424 silly packumentCache full:https://registry.npmjs.org/lilconfig cache-miss
425 http fetch GET 200 https://registry.npmjs.org/lilconfig 102ms (cache miss)
426 silly packumentCache full:https://registry.npmjs.org/lilconfig set size:undefined disposed:false
427 silly fetch manifest didyoumean@^1.2.2
428 silly packumentCache full:https://registry.npmjs.org/didyoumean cache-miss
429 http fetch GET 200 https://registry.npmjs.org/chokidar 201ms (cache miss)
430 silly packumentCache full:https://registry.npmjs.org/chokidar set size:undefined disposed:false
431 silly fetch manifest micromatch@^4.0.8
432 silly packumentCache full:https://registry.npmjs.org/micromatch cache-miss
433 http fetch GET 200 https://registry.npmjs.org/didyoumean 145ms (cache miss)
434 silly packumentCache full:https://registry.npmjs.org/didyoumean set size:undefined disposed:false
435 silly fetch manifest postcss-js@^4.0.1
436 silly packumentCache full:https://registry.npmjs.org/postcss-js cache-miss
437 http fetch GET 200 https://registry.npmjs.org/sucrase 495ms (cache miss)
438 silly packumentCache full:https://registry.npmjs.org/sucrase set size:undefined disposed:false
439 silly fetch manifest object-hash@^3.0.0
440 silly packumentCache full:https://registry.npmjs.org/object-hash cache-miss
441 http fetch GET 200 https://registry.npmjs.org/micromatch 195ms (cache miss)
442 silly packumentCache full:https://registry.npmjs.org/micromatch set size:undefined disposed:false
443 silly fetch manifest normalize-path@^3.0.0
444 silly packumentCache full:https://registry.npmjs.org/normalize-path cache-miss
445 http fetch GET 200 https://registry.npmjs.org/fast-glob 529ms (cache miss)
446 silly packumentCache full:https://registry.npmjs.org/fast-glob set size:undefined disposed:false
447 silly fetch manifest postcss-import@^15.1.0
448 silly packumentCache full:https://registry.npmjs.org/postcss-import cache-miss
449 http fetch GET 200 https://registry.npmjs.org/postcss-js 258ms (cache miss)
450 silly packumentCache full:https://registry.npmjs.org/postcss-js set size:undefined disposed:false
451 silly fetch manifest postcss-nested@^6.2.0
452 silly packumentCache full:https://registry.npmjs.org/postcss-nested cache-miss
453 http fetch GET 200 https://registry.npmjs.org/normalize-path 435ms (cache miss)
454 silly packumentCache full:https://registry.npmjs.org/normalize-path set size:undefined disposed:false
455 silly fetch manifest @alloc/quick-lru@^5.2.0
456 silly packumentCache full:https://registry.npmjs.org/@alloc%2fquick-lru cache-miss
457 http fetch GET 200 https://registry.npmjs.org/postcss-nested 307ms (cache miss)
458 silly packumentCache full:https://registry.npmjs.org/postcss-nested set size:undefined disposed:false
459 silly fetch manifest postcss-load-config@^4.0.2 || ^5.0 || ^6.0
460 silly packumentCache full:https://registry.npmjs.org/postcss-load-config cache-miss
461 http fetch GET 200 https://registry.npmjs.org/object-hash 536ms (cache miss)
462 silly packumentCache full:https://registry.npmjs.org/object-hash set size:undefined disposed:false
463 silly fetch manifest postcss-selector-parser@^6.1.2
464 silly packumentCache full:https://registry.npmjs.org/postcss-selector-parser cache-miss
465 http fetch GET 200 https://registry.npmjs.org/postcss-import 341ms (cache miss)
466 silly packumentCache full:https://registry.npmjs.org/postcss-import set size:undefined disposed:false
467 http fetch GET 200 https://registry.npmjs.org/@alloc%2fquick-lru 159ms (cache miss)
468 silly packumentCache full:https://registry.npmjs.org/@alloc%2fquick-lru set size:undefined disposed:false
469 http fetch GET 200 https://registry.npmjs.org/postcss-load-config 218ms (cache miss)
470 silly packumentCache full:https://registry.npmjs.org/postcss-load-config set size:undefined disposed:false
471 http fetch GET 200 https://registry.npmjs.org/postcss-selector-parser 365ms (cache miss)
472 silly packumentCache full:https://registry.npmjs.org/postcss-selector-parser set size:undefined disposed:false
473 http fetch GET 200 https://registry.npmjs.org/@next%2fswc-linux-arm64-musl 3945ms (cache miss)
474 silly packumentCache full:https://registry.npmjs.org/@next%2fswc-linux-arm64-musl set size:undefined disposed:false
475 http fetch GET 200 https://registry.npmjs.org/@next%2fswc-win32-arm64-msvc 4031ms (cache miss)
476 silly packumentCache full:https://registry.npmjs.org/@next%2fswc-win32-arm64-msvc set size:undefined disposed:false
477 http fetch GET 200 https://registry.npmjs.org/eslint-plugin-react-hooks 12487ms (cache miss)
478 silly packumentCache full:https://registry.npmjs.org/eslint-plugin-react-hooks set size:undefined disposed:false
479 http fetch GET 200 https://registry.npmjs.org/scheduler 6553ms (cache miss)
480 silly packumentCache full:https://registry.npmjs.org/scheduler set size:undefined disposed:false
481 http fetch GET 200 https://registry.npmjs.org/@typescript-eslint%2fparser 15821ms (cache miss)
482 silly packumentCache full:https://registry.npmjs.org/@typescript-eslint%2fparser set size:undefined disposed:false
483 silly placeDep ROOT undici-types@6.21.0 OK for: @types/node@20.19.37 want: ~6.21.0
484 silly placeDep ROOT @types/prop-types@15.7.15 OK for: @types/react@18.3.28 want: *
485 silly placeDep ROOT csstype@3.2.3 OK for: @types/react@18.3.28 want: ^3.2.2
486 silly fetch manifest eslint@^6.0.0 || ^7.0.0 || >=8.0.0
487 silly packumentCache full:https://registry.npmjs.org/eslint cache-miss
488 http cache https://registry.npmjs.org/eslint 8ms (cache hit)
489 silly packumentCache full:https://registry.npmjs.org/eslint set size:1963267 disposed:false
490 silly fetch manifest jiti@*
491 silly packumentCache full:https://registry.npmjs.org/jiti cache-miss
492 http cache https://registry.npmjs.org/jiti 3ms (cache hit)
493 silly packumentCache full:https://registry.npmjs.org/jiti set size:382310 disposed:false
494 silly placeDep ROOT @eslint-community/eslint-utils@4.9.1 OK for: eslint@8.57.1 want: ^4.2.0
495 silly placeDep ROOT @eslint-community/regexpp@4.12.2 OK for: eslint@8.57.1 want: ^4.6.1
496 silly placeDep ROOT @eslint/eslintrc@2.1.4 OK for: eslint@8.57.1 want: ^2.1.4
497 silly placeDep ROOT @eslint/js@8.57.1 OK for: eslint@8.57.1 want: 8.57.1
498 silly placeDep ROOT @humanwhocodes/config-array@0.13.0 OK for: eslint@8.57.1 want: ^0.13.0
499 silly placeDep ROOT @humanwhocodes/module-importer@1.0.1 OK for: eslint@8.57.1 want: ^1.0.1
500 silly placeDep ROOT @nodelib/fs.walk@1.2.8 OK for: eslint@8.57.1 want: ^1.2.8
501 silly placeDep ROOT @ungap/structured-clone@1.3.0 OK for: eslint@8.57.1 want: ^1.2.0
502 silly placeDep ROOT ajv@6.14.0 OK for: eslint@8.57.1 want: ^6.12.4
503 silly placeDep ROOT chalk@4.1.2 OK for: eslint@8.57.1 want: ^4.0.0
504 silly placeDep ROOT cross-spawn@7.0.6 OK for: eslint@8.57.1 want: ^7.0.2
505 silly placeDep ROOT debug@4.4.3 OK for: eslint@8.57.1 want: ^4.3.2
506 silly placeDep ROOT doctrine@3.0.0 OK for: eslint@8.57.1 want: ^3.0.0
507 silly placeDep ROOT escape-string-regexp@4.0.0 OK for: eslint@8.57.1 want: ^4.0.0
508 silly placeDep ROOT eslint-scope@7.2.2 OK for: eslint@8.57.1 want: ^7.2.2
509 silly placeDep ROOT eslint-visitor-keys@3.4.3 OK for: eslint@8.57.1 want: ^3.4.3
510 silly placeDep ROOT espree@9.6.1 OK for: eslint@8.57.1 want: ^9.6.1
511 silly placeDep ROOT esquery@1.7.0 OK for: eslint@8.57.1 want: ^1.4.2
512 silly placeDep ROOT esutils@2.0.3 OK for: eslint@8.57.1 want: ^2.0.2
513 silly placeDep ROOT fast-deep-equal@3.1.3 OK for: eslint@8.57.1 want: ^3.1.3
514 silly placeDep ROOT file-entry-cache@6.0.1 OK for: eslint@8.57.1 want: ^6.0.1
515 silly placeDep ROOT find-up@5.0.0 OK for: eslint@8.57.1 want: ^5.0.0
516 silly placeDep ROOT glob-parent@6.0.2 OK for: eslint@8.57.1 want: ^6.0.2
517 silly placeDep ROOT globals@13.24.0 OK for: eslint@8.57.1 want: ^13.19.0
518 silly placeDep ROOT graphemer@1.4.0 OK for: eslint@8.57.1 want: ^1.4.0
519 silly placeDep ROOT ignore@5.3.2 OK for: eslint@8.57.1 want: ^5.2.0
520 silly placeDep ROOT imurmurhash@0.1.4 OK for: eslint@8.57.1 want: ^0.1.4
521 silly placeDep ROOT is-glob@4.0.3 OK for: eslint@8.57.1 want: ^4.0.0
522 silly placeDep ROOT is-path-inside@3.0.3 OK for: eslint@8.57.1 want: ^3.0.3
523 silly placeDep ROOT js-yaml@4.1.1 OK for: eslint@8.57.1 want: ^4.1.0
524 silly placeDep ROOT json-stable-stringify-without-jsonify@1.0.1 OK for: eslint@8.57.1 want: ^1.0.1
525 silly placeDep ROOT levn@0.4.1 OK for: eslint@8.57.1 want: ^0.4.1
526 silly placeDep ROOT lodash.merge@4.6.2 OK for: eslint@8.57.1 want: ^4.6.2
527 silly placeDep ROOT minimatch@3.1.5 OK for: eslint@8.57.1 want: ^3.1.2
528 silly placeDep ROOT natural-compare@1.4.0 OK for: eslint@8.57.1 want: ^1.4.0
529 silly placeDep ROOT optionator@0.9.4 OK for: eslint@8.57.1 want: ^0.9.3
530 silly placeDep ROOT strip-ansi@6.0.1 OK for: eslint@8.57.1 want: ^6.0.1
531 silly placeDep ROOT text-table@0.2.0 OK for: eslint@8.57.1 want: ^0.2.0
532 silly fetch manifest espree@^9.6.0
533 silly packumentCache full:https://registry.npmjs.org/espree cache-miss
534 silly fetch manifest import-fresh@^3.2.1
535 silly packumentCache full:https://registry.npmjs.org/import-fresh cache-miss
536 silly fetch manifest strip-json-comments@^3.1.1
537 silly packumentCache full:https://registry.npmjs.org/strip-json-comments cache-miss
538 silly fetch manifest debug@^4.3.1
539 silly packumentCache full:https://registry.npmjs.org/debug cache-miss
540 silly fetch manifest minimatch@^3.0.5
541 silly packumentCache full:https://registry.npmjs.org/minimatch cache-miss
542 silly fetch manifest @humanwhocodes/object-schema@^2.0.3
543 silly packumentCache full:https://registry.npmjs.org/@humanwhocodes%2fobject-schema cache-miss
544 silly fetch manifest fastq@^1.6.0
545 silly packumentCache full:https://registry.npmjs.org/fastq cache-miss
546 silly fetch manifest @nodelib/fs.scandir@2.1.5
547 silly packumentCache full:https://registry.npmjs.org/@nodelib%2ffs.scandir cache-miss
548 silly fetch manifest fast-deep-equal@^3.1.1
549 silly packumentCache full:https://registry.npmjs.org/fast-deep-equal cache-miss
550 http cache https://registry.npmjs.org/debug 3ms (cache hit)
551 silly packumentCache full:https://registry.npmjs.org/debug set size:195840 disposed:false
552 silly fetch manifest fast-json-stable-stringify@^2.0.0
553 silly packumentCache full:https://registry.npmjs.org/fast-json-stable-stringify cache-miss
554 http cache https://registry.npmjs.org/espree 5ms (cache hit)
555 silly packumentCache full:https://registry.npmjs.org/espree set size:326080 disposed:false
556 silly fetch manifest json-schema-traverse@^0.4.1
557 silly packumentCache full:https://registry.npmjs.org/json-schema-traverse cache-miss
558 http cache https://registry.npmjs.org/fast-deep-equal 6ms (cache hit)
559 silly packumentCache full:https://registry.npmjs.org/fast-deep-equal set size:48634 disposed:false
560 silly fetch manifest uri-js@^4.2.2
561 silly packumentCache full:https://registry.npmjs.org/uri-js cache-miss
562 http cache https://registry.npmjs.org/minimatch 7ms (cache hit)
563 silly packumentCache full:https://registry.npmjs.org/minimatch set size:352359 disposed:false
564 silly fetch manifest ansi-styles@^4.1.0
565 silly packumentCache full:https://registry.npmjs.org/ansi-styles cache-miss
566 http fetch GET 200 https://registry.npmjs.org/fast-json-stable-stringify 72ms (cache miss)
567 silly packumentCache full:https://registry.npmjs.org/fast-json-stable-stringify set size:undefined disposed:false
568 silly fetch manifest supports-color@^7.1.0
569 silly packumentCache full:https://registry.npmjs.org/supports-color cache-miss
570 http fetch GET 200 https://registry.npmjs.org/strip-json-comments 77ms (cache miss)
571 silly packumentCache full:https://registry.npmjs.org/strip-json-comments set size:undefined disposed:false
572 silly fetch manifest which@^2.0.1
573 silly packumentCache full:https://registry.npmjs.org/which cache-miss
574 http fetch GET 200 https://registry.npmjs.org/ansi-styles 87ms (cache miss)
575 silly packumentCache full:https://registry.npmjs.org/ansi-styles set size:undefined disposed:false
576 silly fetch manifest path-key@^3.1.0
577 silly packumentCache full:https://registry.npmjs.org/path-key cache-miss
578 http fetch GET 200 https://registry.npmjs.org/json-schema-traverse 92ms (cache miss)
579 silly packumentCache full:https://registry.npmjs.org/json-schema-traverse set size:undefined disposed:false
580 silly fetch manifest shebang-command@^2.0.0
581 silly packumentCache full:https://registry.npmjs.org/shebang-command cache-miss
582 http fetch GET 200 https://registry.npmjs.org/@humanwhocodes%2fobject-schema 97ms (cache miss)
583 silly packumentCache full:https://registry.npmjs.org/@humanwhocodes%2fobject-schema set size:undefined disposed:false
584 silly fetch manifest ms@^2.1.3
585 silly packumentCache full:https://registry.npmjs.org/ms cache-miss
586 http fetch GET 200 https://registry.npmjs.org/uri-js 91ms (cache miss)
587 silly packumentCache full:https://registry.npmjs.org/uri-js set size:undefined disposed:false
588 silly fetch manifest esrecurse@^4.3.0
589 silly packumentCache full:https://registry.npmjs.org/esrecurse cache-miss
590 http fetch GET 200 https://registry.npmjs.org/import-fresh 106ms (cache miss)
591 silly packumentCache full:https://registry.npmjs.org/import-fresh set size:undefined disposed:false
592 silly fetch manifest estraverse@^5.2.0
593 silly packumentCache full:https://registry.npmjs.org/estraverse cache-miss
594 http fetch GET 200 https://registry.npmjs.org/@nodelib%2ffs.scandir 105ms (cache miss)
595 silly packumentCache full:https://registry.npmjs.org/@nodelib%2ffs.scandir set size:undefined disposed:false
596 silly fetch manifest acorn@^8.9.0
597 silly packumentCache full:https://registry.npmjs.org/acorn cache-miss
598 http fetch GET 200 https://registry.npmjs.org/fastq 129ms (cache miss)
599 silly packumentCache full:https://registry.npmjs.org/fastq set size:undefined disposed:false
600 silly fetch manifest acorn-jsx@^5.3.2
601 silly packumentCache full:https://registry.npmjs.org/acorn-jsx cache-miss
602 http fetch GET 200 https://registry.npmjs.org/shebang-command 103ms (cache miss)
603 silly packumentCache full:https://registry.npmjs.org/shebang-command set size:undefined disposed:false
604 silly fetch manifest estraverse@^5.1.0
605 silly packumentCache full:https://registry.npmjs.org/estraverse cache-miss
606 http fetch GET 200 https://registry.npmjs.org/esrecurse 434ms (cache miss)
607 silly packumentCache full:https://registry.npmjs.org/esrecurse set size:undefined disposed:false
608 silly fetch manifest flat-cache@^3.0.4
609 silly packumentCache full:https://registry.npmjs.org/flat-cache cache-miss
610 http fetch GET 200 https://registry.npmjs.org/which 459ms (cache miss)
611 silly packumentCache full:https://registry.npmjs.org/which set size:undefined disposed:false
612 silly fetch manifest locate-path@^6.0.0
613 silly packumentCache full:https://registry.npmjs.org/locate-path cache-miss
614 http fetch GET 200 https://registry.npmjs.org/estraverse 640ms (cache miss)
615 silly packumentCache full:https://registry.npmjs.org/estraverse set size:undefined disposed:false
616 silly fetch manifest path-exists@^4.0.0
617 silly packumentCache full:https://registry.npmjs.org/path-exists cache-miss
618 http fetch GET 200 https://registry.npmjs.org/acorn-jsx 616ms (cache miss)
619 silly packumentCache full:https://registry.npmjs.org/acorn-jsx set size:undefined disposed:false
620 silly fetch manifest type-fest@^0.20.2
621 silly packumentCache full:https://registry.npmjs.org/type-fest cache-miss
622 http fetch GET 200 https://registry.npmjs.org/supports-color 731ms (cache miss)
623 silly packumentCache full:https://registry.npmjs.org/supports-color set size:undefined disposed:false
624 silly fetch manifest is-extglob@^2.1.1
625 silly packumentCache full:https://registry.npmjs.org/is-extglob cache-miss
626 http fetch GET 200 https://registry.npmjs.org/path-key 780ms (cache miss)
627 silly packumentCache full:https://registry.npmjs.org/path-key set size:undefined disposed:false
628 silly fetch manifest argparse@^2.0.1
629 silly packumentCache full:https://registry.npmjs.org/argparse cache-miss
630 http fetch GET 200 https://registry.npmjs.org/ms 781ms (cache miss)
631 silly packumentCache full:https://registry.npmjs.org/ms set size:undefined disposed:false
632 silly fetch manifest prelude-ls@^1.2.1
633 silly packumentCache full:https://registry.npmjs.org/prelude-ls cache-miss
634 http fetch GET 200 https://registry.npmjs.org/estraverse 910ms (cache miss)
635 silly packumentCache full:https://registry.npmjs.org/estraverse set size:undefined disposed:false
636 silly fetch manifest type-check@~0.4.0
637 silly packumentCache full:https://registry.npmjs.org/type-check cache-miss
638 http fetch GET 200 https://registry.npmjs.org/locate-path 576ms (cache miss)
639 silly packumentCache full:https://registry.npmjs.org/locate-path set size:undefined disposed:false
640 silly fetch manifest brace-expansion@^1.1.7
641 silly packumentCache full:https://registry.npmjs.org/brace-expansion cache-miss
642 http fetch GET 200 https://registry.npmjs.org/path-exists 367ms (cache miss)
643 silly packumentCache full:https://registry.npmjs.org/path-exists set size:undefined disposed:false
644 silly fetch manifest prelude-ls@^1.2.1
645 silly packumentCache full:https://registry.npmjs.org/prelude-ls cache-miss
646 http fetch GET 200 https://registry.npmjs.org/flat-cache 580ms (cache miss)
647 silly packumentCache full:https://registry.npmjs.org/flat-cache set size:undefined disposed:false
648 silly fetch manifest deep-is@^0.1.3
649 silly packumentCache full:https://registry.npmjs.org/deep-is cache-miss
650 http fetch GET 200 https://registry.npmjs.org/argparse 320ms (cache miss)
651 silly packumentCache full:https://registry.npmjs.org/argparse set size:undefined disposed:false
652 silly fetch manifest word-wrap@^1.2.5
653 silly packumentCache full:https://registry.npmjs.org/word-wrap cache-miss
654 http fetch GET 200 https://registry.npmjs.org/is-extglob 391ms (cache miss)
655 silly packumentCache full:https://registry.npmjs.org/is-extglob set size:undefined disposed:false
656 silly fetch manifest type-check@^0.4.0
657 silly packumentCache full:https://registry.npmjs.org/type-check cache-miss
658 http fetch GET 200 https://registry.npmjs.org/prelude-ls 321ms (cache miss)
659 silly packumentCache full:https://registry.npmjs.org/prelude-ls set size:undefined disposed:false
660 silly fetch manifest fast-levenshtein@^2.0.6
661 silly packumentCache full:https://registry.npmjs.org/fast-levenshtein cache-miss
662 http fetch GET 200 https://registry.npmjs.org/prelude-ls 182ms (cache miss)
663 silly packumentCache full:https://registry.npmjs.org/prelude-ls set size:undefined disposed:false
664 silly fetch manifest ansi-regex@^5.0.1
665 silly packumentCache full:https://registry.npmjs.org/ansi-regex cache-miss
666 http fetch GET 200 https://registry.npmjs.org/type-check 186ms (cache miss)
667 silly packumentCache full:https://registry.npmjs.org/type-check set size:undefined disposed:false
668 http fetch GET 200 https://registry.npmjs.org/brace-expansion 186ms (cache miss)
669 silly packumentCache full:https://registry.npmjs.org/brace-expansion set size:undefined disposed:false
670 http fetch GET 200 https://registry.npmjs.org/type-check 203ms (cache miss)
671 silly packumentCache full:https://registry.npmjs.org/type-check set size:undefined disposed:false
672 http fetch GET 200 https://registry.npmjs.org/acorn 1299ms (cache miss)
673 silly packumentCache full:https://registry.npmjs.org/acorn set size:undefined disposed:false
674 http fetch GET 200 https://registry.npmjs.org/fast-levenshtein 206ms (cache miss)
675 silly packumentCache full:https://registry.npmjs.org/fast-levenshtein set size:undefined disposed:false
676 http fetch GET 200 https://registry.npmjs.org/word-wrap 210ms (cache miss)
677 silly packumentCache full:https://registry.npmjs.org/word-wrap set size:undefined disposed:false
678 http fetch GET 200 https://registry.npmjs.org/ansi-regex 114ms (cache miss)
679 silly packumentCache full:https://registry.npmjs.org/ansi-regex set size:undefined disposed:false
680 http fetch GET 200 https://registry.npmjs.org/deep-is 295ms (cache miss)
681 silly packumentCache full:https://registry.npmjs.org/deep-is set size:undefined disposed:false
682 http fetch GET 200 https://registry.npmjs.org/type-fest 1133ms (cache miss)
683 silly packumentCache full:https://registry.npmjs.org/type-fest set size:undefined disposed:false
684 silly placeDep ROOT import-fresh@3.3.1 OK for: @eslint/eslintrc@2.1.4 want: ^3.2.1
685 silly placeDep ROOT strip-json-comments@3.1.1 OK for: @eslint/eslintrc@2.1.4 want: ^3.1.1
686 silly fetch manifest resolve-from@^4.0.0
687 silly packumentCache full:https://registry.npmjs.org/resolve-from cache-miss
688 silly fetch manifest parent-module@^1.0.0
689 silly packumentCache full:https://registry.npmjs.org/parent-module cache-miss
690 http fetch GET 200 https://registry.npmjs.org/parent-module 135ms (cache miss)
691 silly packumentCache full:https://registry.npmjs.org/parent-module set size:undefined disposed:false
692 http fetch GET 200 https://registry.npmjs.org/resolve-from 413ms (cache miss)
693 silly packumentCache full:https://registry.npmjs.org/resolve-from set size:undefined disposed:false
694 silly placeDep ROOT @humanwhocodes/object-schema@2.0.3 OK for: @humanwhocodes/config-array@0.13.0 want: ^2.0.3
695 silly placeDep ROOT @nodelib/fs.scandir@2.1.5 OK for: @nodelib/fs.walk@1.2.8 want: 2.1.5
696 silly placeDep ROOT fastq@1.20.1 OK for: @nodelib/fs.walk@1.2.8 want: ^1.6.0
697 silly fetch manifest run-parallel@^1.1.9
698 silly packumentCache full:https://registry.npmjs.org/run-parallel cache-miss
699 silly fetch manifest @nodelib/fs.stat@2.0.5
700 silly packumentCache full:https://registry.npmjs.org/@nodelib%2ffs.stat cache-miss
701 silly fetch manifest reusify@^1.0.4
702 silly packumentCache full:https://registry.npmjs.org/reusify cache-miss
703 http fetch GET 200 https://registry.npmjs.org/reusify 135ms (cache miss)
704 silly packumentCache full:https://registry.npmjs.org/reusify set size:undefined disposed:false
705 http fetch GET 200 https://registry.npmjs.org/@nodelib%2ffs.stat 137ms (cache miss)
706 silly packumentCache full:https://registry.npmjs.org/@nodelib%2ffs.stat set size:undefined disposed:false
707 http fetch GET 200 https://registry.npmjs.org/run-parallel 139ms (cache miss)
708 silly packumentCache full:https://registry.npmjs.org/run-parallel set size:undefined disposed:false
709 silly placeDep ROOT @nodelib/fs.stat@2.0.5 OK for: @nodelib/fs.scandir@2.1.5 want: 2.0.5
710 silly placeDep ROOT run-parallel@1.2.0 OK for: @nodelib/fs.scandir@2.1.5 want: ^1.1.9
711 silly fetch manifest queue-microtask@^1.2.2
712 silly packumentCache full:https://registry.npmjs.org/queue-microtask cache-miss
713 http fetch GET 200 https://registry.npmjs.org/queue-microtask 160ms (cache miss)
714 silly packumentCache full:https://registry.npmjs.org/queue-microtask set size:undefined disposed:false
715 silly placeDep ROOT fast-json-stable-stringify@2.1.0 OK for: ajv@6.14.0 want: ^2.0.0
716 silly placeDep ROOT json-schema-traverse@0.4.1 OK for: ajv@6.14.0 want: ^0.4.1
717 silly placeDep ROOT uri-js@4.4.1 OK for: ajv@6.14.0 want: ^4.2.2
718 silly fetch manifest punycode@^2.1.0
719 silly packumentCache full:https://registry.npmjs.org/punycode cache-miss
720 http fetch GET 200 https://registry.npmjs.org/punycode 112ms (cache miss)
721 silly packumentCache full:https://registry.npmjs.org/punycode set size:undefined disposed:false
722 silly placeDep ROOT ansi-styles@4.3.0 OK for: chalk@4.1.2 want: ^4.1.0
723 silly placeDep ROOT supports-color@7.2.0 OK for: chalk@4.1.2 want: ^7.1.0
724 silly fetch manifest color-convert@^2.0.1
725 silly packumentCache full:https://registry.npmjs.org/color-convert cache-miss
726 silly fetch manifest has-flag@^4.0.0
727 silly packumentCache full:https://registry.npmjs.org/has-flag cache-miss
728 http fetch GET 200 https://registry.npmjs.org/has-flag 90ms (cache miss)
729 silly packumentCache full:https://registry.npmjs.org/has-flag set size:undefined disposed:false
730 http fetch GET 200 https://registry.npmjs.org/color-convert 107ms (cache miss)
731 silly packumentCache full:https://registry.npmjs.org/color-convert set size:undefined disposed:false
732 silly placeDep ROOT color-convert@2.0.1 OK for: ansi-styles@4.3.0 want: ^2.0.1
733 silly fetch manifest color-name@~1.1.4
734 silly packumentCache full:https://registry.npmjs.org/color-name cache-miss
735 http fetch GET 200 https://registry.npmjs.org/color-name 80ms (cache miss)
736 silly packumentCache full:https://registry.npmjs.org/color-name set size:undefined disposed:false
737 silly placeDep ROOT color-name@1.1.4 OK for: color-convert@2.0.1 want: ~1.1.4
738 silly placeDep ROOT path-key@3.1.1 OK for: cross-spawn@7.0.6 want: ^3.1.0
739 silly placeDep ROOT shebang-command@2.0.0 OK for: cross-spawn@7.0.6 want: ^2.0.0
740 silly placeDep ROOT which@2.0.2 OK for: cross-spawn@7.0.6 want: ^2.0.1
741 silly fetch manifest shebang-regex@^3.0.0
742 silly packumentCache full:https://registry.npmjs.org/shebang-regex cache-miss
743 silly fetch manifest isexe@^2.0.0
744 silly packumentCache full:https://registry.npmjs.org/isexe cache-miss
745 http fetch GET 200 https://registry.npmjs.org/isexe 131ms (cache miss)
746 silly packumentCache full:https://registry.npmjs.org/isexe set size:undefined disposed:false
747 http fetch GET 200 https://registry.npmjs.org/shebang-regex 158ms (cache miss)
748 silly packumentCache full:https://registry.npmjs.org/shebang-regex set size:undefined disposed:false
749 silly placeDep ROOT ms@2.1.3 OK for: debug@4.4.3 want: ^2.1.3
750 silly fetch manifest eslint@^7.23.0 || ^8.0.0
751 silly packumentCache full:https://registry.npmjs.org/eslint cache-miss
752 http cache https://registry.npmjs.org/eslint 5ms (cache hit)
753 silly packumentCache full:https://registry.npmjs.org/eslint set size:1963267 disposed:false
754 silly fetch manifest eslint-plugin-import-x@*
755 silly packumentCache full:https://registry.npmjs.org/eslint-plugin-import-x cache-miss
756 http fetch GET 200 https://registry.npmjs.org/eslint-plugin-import-x 225ms (cache miss)
757 silly packumentCache full:https://registry.npmjs.org/eslint-plugin-import-x set size:undefined disposed:false
758 silly fetch manifest @typescript-eslint/utils@^8.56.0
759 silly packumentCache full:https://registry.npmjs.org/@typescript-eslint%2futils cache-miss
760 http fetch GET 200 https://registry.npmjs.org/@typescript-eslint%2futils 3803ms (cache miss)
761 silly packumentCache full:https://registry.npmjs.org/@typescript-eslint%2futils set size:undefined disposed:false
762 silly fetch manifest typescript@>=3.3.1
763 silly packumentCache full:https://registry.npmjs.org/typescript cache-miss
764 http cache https://registry.npmjs.org/typescript 22ms (cache hit)
765 silly packumentCache full:https://registry.npmjs.org/typescript set size:15362277 disposed:false
766 silly placeDep ROOT @next/eslint-plugin-next@14.2.5 OK for: eslint-config-next@14.2.5 want: 14.2.5
767 silly placeDep ROOT @rushstack/eslint-patch@1.16.1 OK for: eslint-config-next@14.2.5 want: ^1.3.3
768 silly placeDep ROOT @typescript-eslint/parser@7.2.0 OK for: eslint-config-next@14.2.5 want: ^5.4.2 || ^6.0.0 || 7.0.0 - 7.2.0
769 silly placeDep ROOT eslint-import-resolver-node@0.3.9 OK for: eslint-config-next@14.2.5 want: ^0.3.6
770 silly placeDep ROOT eslint-import-resolver-typescript@3.10.1 OK for: eslint-config-next@14.2.5 want: ^3.5.2
771 silly placeDep ROOT eslint-plugin-import@2.32.0 OK for: eslint-config-next@14.2.5 want: ^2.28.1
772 silly placeDep ROOT eslint-plugin-jsx-a11y@6.10.2 OK for: eslint-config-next@14.2.5 want: ^6.7.1
773 silly placeDep ROOT eslint-plugin-react@7.37.5 OK for: eslint-config-next@14.2.5 want: ^7.33.2
774 silly placeDep ROOT eslint-plugin-react-hooks@5.0.0-canary-7118f5dd7-20230705 OK for: eslint-config-next@14.2.5 want: ^4.5.0 || 5.0.0-canary-7118f5dd7-20230705
775 silly fetch manifest glob@10.3.10
776 silly packumentCache full:https://registry.npmjs.org/glob cache-miss
777 silly fetch manifest @typescript-eslint/types@7.2.0
778 silly packumentCache full:https://registry.npmjs.org/@typescript-eslint%2ftypes cache-miss
779 silly fetch manifest @typescript-eslint/visitor-keys@7.2.0
780 silly packumentCache full:https://registry.npmjs.org/@typescript-eslint%2fvisitor-keys cache-miss
781 silly fetch manifest @typescript-eslint/scope-manager@7.2.0
782 silly packumentCache full:https://registry.npmjs.org/@typescript-eslint%2fscope-manager cache-miss
783 silly fetch manifest @typescript-eslint/typescript-estree@7.2.0
784 silly packumentCache full:https://registry.npmjs.org/@typescript-eslint%2ftypescript-estree cache-miss
785 silly fetch manifest debug@^3.2.7
786 silly packumentCache full:https://registry.npmjs.org/debug cache-hit
787 silly fetch manifest is-core-module@^2.13.0
788 silly packumentCache full:https://registry.npmjs.org/is-core-module cache-miss
789 silly fetch manifest resolve@^1.22.4
790 silly packumentCache full:https://registry.npmjs.org/resolve cache-miss
791 silly fetch manifest tinyglobby@^0.2.13
792 silly packumentCache full:https://registry.npmjs.org/tinyglobby cache-miss
793 silly fetch manifest stable-hash@^0.0.5
794 silly packumentCache full:https://registry.npmjs.org/stable-hash cache-miss
795 http cache https://registry.npmjs.org/resolve 6ms (cache hit)
796 silly packumentCache full:https://registry.npmjs.org/resolve set size:238156 disposed:false
797 silly fetch manifest get-tsconfig@^4.10.0
798 silly packumentCache full:https://registry.npmjs.org/get-tsconfig cache-miss
799 http fetch GET 200 https://registry.npmjs.org/stable-hash 166ms (cache miss)
800 silly packumentCache full:https://registry.npmjs.org/stable-hash set size:undefined disposed:false
801 silly fetch manifest is-bun-module@^2.0.0
802 silly packumentCache full:https://registry.npmjs.org/is-bun-module cache-miss
803 http fetch GET 200 https://registry.npmjs.org/is-core-module 168ms (cache miss)
804 silly packumentCache full:https://registry.npmjs.org/is-core-module set size:undefined disposed:false
805 silly fetch manifest unrs-resolver@^1.6.2
806 silly packumentCache full:https://registry.npmjs.org/unrs-resolver cache-miss
807 http fetch GET 200 https://registry.npmjs.org/tinyglobby 169ms (cache miss)
808 silly packumentCache full:https://registry.npmjs.org/tinyglobby set size:undefined disposed:false
809 silly fetch manifest @nolyfill/is-core-module@1.0.39
810 silly packumentCache full:https://registry.npmjs.org/@nolyfill%2fis-core-module cache-miss
811 http fetch GET 200 https://registry.npmjs.org/@nolyfill%2fis-core-module 893ms (cache miss)
812 silly packumentCache full:https://registry.npmjs.org/@nolyfill%2fis-core-module set size:undefined disposed:false
813 silly fetch manifest @rtsao/scc@^1.1.0
814 silly packumentCache full:https://registry.npmjs.org/@rtsao%2fscc cache-miss
815 http fetch GET 200 https://registry.npmjs.org/is-bun-module 897ms (cache miss)
816 silly packumentCache full:https://registry.npmjs.org/is-bun-module set size:undefined disposed:false
817 silly fetch manifest array-includes@^3.1.9
818 silly packumentCache full:https://registry.npmjs.org/array-includes cache-miss
819 http fetch GET 200 https://registry.npmjs.org/unrs-resolver 980ms (cache miss)
820 silly packumentCache full:https://registry.npmjs.org/unrs-resolver set size:undefined disposed:false
821 silly fetch manifest array.prototype.findlastindex@^1.2.6
822 silly packumentCache full:https://registry.npmjs.org/array.prototype.findlastindex cache-miss
823 http fetch GET 200 https://registry.npmjs.org/get-tsconfig 1145ms (cache miss)
824 silly packumentCache full:https://registry.npmjs.org/get-tsconfig set size:undefined disposed:false
825 silly fetch manifest array.prototype.flat@^1.3.3
826 silly packumentCache full:https://registry.npmjs.org/array.prototype.flat cache-miss
827 http fetch GET 200 https://registry.npmjs.org/array.prototype.flat 414ms (cache miss)
828 silly packumentCache full:https://registry.npmjs.org/array.prototype.flat set size:undefined disposed:false
829 silly fetch manifest array.prototype.flatmap@^1.3.3
830 silly packumentCache full:https://registry.npmjs.org/array.prototype.flatmap cache-miss
831 http fetch GET 200 https://registry.npmjs.org/@rtsao%2fscc 505ms (cache miss)
832 silly packumentCache full:https://registry.npmjs.org/@rtsao%2fscc set size:undefined disposed:false
833 silly fetch manifest doctrine@^2.1.0
834 silly packumentCache full:https://registry.npmjs.org/doctrine cache-miss
835 http fetch GET 200 https://registry.npmjs.org/array.prototype.findlastindex 421ms (cache miss)
836 silly packumentCache full:https://registry.npmjs.org/array.prototype.findlastindex set size:undefined disposed:false
837 silly fetch manifest eslint-module-utils@^2.12.1
838 silly packumentCache full:https://registry.npmjs.org/eslint-module-utils cache-miss
839 http cache https://registry.npmjs.org/doctrine 6ms (cache hit)
840 silly packumentCache full:https://registry.npmjs.org/doctrine set size:64052 disposed:false
841 silly fetch manifest hasown@^2.0.2
842 silly packumentCache full:https://registry.npmjs.org/hasown cache-miss
843 http fetch GET 200 https://registry.npmjs.org/array-includes 584ms (cache miss)
844 silly packumentCache full:https://registry.npmjs.org/array-includes set size:undefined disposed:false
845 silly fetch manifest is-core-module@^2.16.1
846 silly packumentCache full:https://registry.npmjs.org/is-core-module cache-miss
847 http cache https://registry.npmjs.org/is-core-module 2ms (cache hit)
848 silly packumentCache full:https://registry.npmjs.org/is-core-module set size:71788 disposed:false
849 silly fetch manifest object.fromentries@^2.0.8
850 silly packumentCache full:https://registry.npmjs.org/object.fromentries cache-miss
851 http fetch GET 200 https://registry.npmjs.org/hasown 132ms (cache miss)
852 silly packumentCache full:https://registry.npmjs.org/hasown set size:undefined disposed:false
853 silly fetch manifest object.groupby@^1.0.3
854 silly packumentCache full:https://registry.npmjs.org/object.groupby cache-miss
855 http fetch GET 200 https://registry.npmjs.org/array.prototype.flatmap 168ms (cache miss)
856 silly packumentCache full:https://registry.npmjs.org/array.prototype.flatmap set size:undefined disposed:false
857 silly fetch manifest object.values@^1.2.1
858 silly packumentCache full:https://registry.npmjs.org/object.values cache-miss
859 http fetch GET 200 https://registry.npmjs.org/glob 1750ms (cache miss)
860 silly packumentCache full:https://registry.npmjs.org/glob set size:undefined disposed:false
861 silly fetch manifest semver@^6.3.1
862 silly packumentCache full:https://registry.npmjs.org/semver cache-miss
863 http fetch GET 200 https://registry.npmjs.org/eslint-module-utils 180ms (cache miss)
864 silly packumentCache full:https://registry.npmjs.org/eslint-module-utils set size:undefined disposed:false
865 silly fetch manifest string.prototype.trimend@^1.0.9
866 silly packumentCache full:https://registry.npmjs.org/string.prototype.trimend cache-miss
867 http fetch GET 200 https://registry.npmjs.org/object.groupby 93ms (cache miss)
868 silly packumentCache full:https://registry.npmjs.org/object.groupby set size:undefined disposed:false
869 silly fetch manifest tsconfig-paths@^3.15.0
870 silly packumentCache full:https://registry.npmjs.org/tsconfig-paths cache-miss
871 http fetch GET 200 https://registry.npmjs.org/object.fromentries 150ms (cache miss)
872 silly packumentCache full:https://registry.npmjs.org/object.fromentries set size:undefined disposed:false
873 silly fetch manifest aria-query@^5.3.2
874 silly packumentCache full:https://registry.npmjs.org/aria-query cache-miss
875 http fetch GET 200 https://registry.npmjs.org/object.values 84ms (cache miss)
876 silly packumentCache full:https://registry.npmjs.org/object.values set size:undefined disposed:false
877 silly fetch manifest array-includes@^3.1.8
878 silly packumentCache full:https://registry.npmjs.org/array-includes cache-miss
879 http cache https://registry.npmjs.org/array-includes 0ms (cache hit)
880 silly packumentCache full:https://registry.npmjs.org/array-includes set size:77143 disposed:false
881 silly fetch manifest array.prototype.flatmap@^1.3.2
882 silly packumentCache full:https://registry.npmjs.org/array.prototype.flatmap cache-miss
883 http cache https://registry.npmjs.org/array.prototype.flatmap 0ms (cache hit)
884 silly packumentCache full:https://registry.npmjs.org/array.prototype.flatmap set size:51458 disposed:false
885 silly fetch manifest ast-types-flow@^0.0.8
886 silly packumentCache full:https://registry.npmjs.org/ast-types-flow cache-miss
887 http fetch GET 200 https://registry.npmjs.org/string.prototype.trimend 216ms (cache miss)
888 silly packumentCache full:https://registry.npmjs.org/string.prototype.trimend set size:undefined disposed:false
889 silly fetch manifest axe-core@^4.10.0
890 silly packumentCache full:https://registry.npmjs.org/axe-core cache-miss
891 http fetch GET 200 https://registry.npmjs.org/tsconfig-paths 166ms (cache miss)
892 silly packumentCache full:https://registry.npmjs.org/tsconfig-paths set size:undefined disposed:false
893 silly fetch manifest axobject-query@^4.1.0
894 silly packumentCache full:https://registry.npmjs.org/axobject-query cache-miss
895 http fetch GET 200 https://registry.npmjs.org/axobject-query 176ms (cache miss)
896 silly packumentCache full:https://registry.npmjs.org/axobject-query set size:undefined disposed:false
897 silly fetch manifest damerau-levenshtein@^1.0.8
898 silly packumentCache full:https://registry.npmjs.org/damerau-levenshtein cache-miss
899 http fetch GET 200 https://registry.npmjs.org/semver 419ms (cache miss)
900 silly packumentCache full:https://registry.npmjs.org/semver set size:undefined disposed:false
901 silly fetch manifest emoji-regex@^9.2.2
902 silly packumentCache full:https://registry.npmjs.org/emoji-regex cache-miss
903 http fetch GET 200 https://registry.npmjs.org/ast-types-flow 351ms (cache miss)
904 silly packumentCache full:https://registry.npmjs.org/ast-types-flow set size:undefined disposed:false
905 silly fetch manifest jsx-ast-utils@^3.3.5
906 silly packumentCache full:https://registry.npmjs.org/jsx-ast-utils cache-miss
907 http fetch GET 200 https://registry.npmjs.org/aria-query 371ms (cache miss)
908 silly packumentCache full:https://registry.npmjs.org/aria-query set size:undefined disposed:false
909 silly fetch manifest language-tags@^1.0.9
910 silly packumentCache full:https://registry.npmjs.org/language-tags cache-miss
911 http fetch GET 200 https://registry.npmjs.org/language-tags 112ms (cache miss)
912 silly packumentCache full:https://registry.npmjs.org/language-tags set size:undefined disposed:false
913 silly fetch manifest safe-regex-test@^1.0.3
914 silly packumentCache full:https://registry.npmjs.org/safe-regex-test cache-miss
915 http fetch GET 200 https://registry.npmjs.org/emoji-regex 172ms (cache miss)
916 silly packumentCache full:https://registry.npmjs.org/emoji-regex set size:undefined disposed:false
917 silly fetch manifest string.prototype.includes@^2.0.1
918 silly packumentCache full:https://registry.npmjs.org/string.prototype.includes cache-miss
919 http fetch GET 200 https://registry.npmjs.org/damerau-levenshtein 198ms (cache miss)
920 silly packumentCache full:https://registry.npmjs.org/damerau-levenshtein set size:undefined disposed:false
921 silly fetch manifest array.prototype.findlast@^1.2.5
922 silly packumentCache full:https://registry.npmjs.org/array.prototype.findlast cache-miss
923 http fetch GET 200 https://registry.npmjs.org/safe-regex-test 240ms (cache miss)
924 silly packumentCache full:https://registry.npmjs.org/safe-regex-test set size:undefined disposed:false
925 silly fetch manifest array.prototype.tosorted@^1.1.4
926 silly packumentCache full:https://registry.npmjs.org/array.prototype.tosorted cache-miss
927 http fetch GET 200 https://registry.npmjs.org/jsx-ast-utils 369ms (cache miss)
928 silly packumentCache full:https://registry.npmjs.org/jsx-ast-utils set size:undefined disposed:false
929 silly fetch manifest es-iterator-helpers@^1.2.1
930 silly packumentCache full:https://registry.npmjs.org/es-iterator-helpers cache-miss
931 http fetch GET 200 https://registry.npmjs.org/array.prototype.findlast 257ms (cache miss)
932 silly packumentCache full:https://registry.npmjs.org/array.prototype.findlast set size:undefined disposed:false
933 silly fetch manifest estraverse@^5.3.0
934 silly packumentCache full:https://registry.npmjs.org/estraverse cache-miss
935 http cache https://registry.npmjs.org/estraverse 3ms (cache hit)
936 silly packumentCache full:https://registry.npmjs.org/estraverse set size:62412 disposed:false
937 silly fetch manifest jsx-ast-utils@^2.4.1 || ^3.0.0
938 silly packumentCache full:https://registry.npmjs.org/jsx-ast-utils cache-miss
939 http cache https://registry.npmjs.org/jsx-ast-utils 2ms (cache hit)
940 silly packumentCache full:https://registry.npmjs.org/jsx-ast-utils set size:115998 disposed:false
941 silly fetch manifest object.entries@^1.1.9
942 silly packumentCache full:https://registry.npmjs.org/object.entries cache-miss
943 http fetch GET 200 https://registry.npmjs.org/array.prototype.tosorted 142ms (cache miss)
944 silly packumentCache full:https://registry.npmjs.org/array.prototype.tosorted set size:undefined disposed:false
945 silly fetch manifest prop-types@^15.8.1
946 silly packumentCache full:https://registry.npmjs.org/prop-types cache-miss
947 http fetch GET 200 https://registry.npmjs.org/object.entries 262ms (cache miss)
948 silly packumentCache full:https://registry.npmjs.org/object.entries set size:undefined disposed:false
949 silly fetch manifest resolve@^2.0.0-next.5
950 silly packumentCache full:https://registry.npmjs.org/resolve cache-hit
951 silly fetch manifest string.prototype.matchall@^4.0.12
952 silly packumentCache full:https://registry.npmjs.org/string.prototype.matchall cache-miss
953 http fetch GET 200 https://registry.npmjs.org/prop-types 265ms (cache miss)
954 silly packumentCache full:https://registry.npmjs.org/prop-types set size:undefined disposed:false
955 silly fetch manifest string.prototype.repeat@^1.0.0
956 silly packumentCache full:https://registry.npmjs.org/string.prototype.repeat cache-miss
957 http fetch GET 200 https://registry.npmjs.org/string.prototype.includes 596ms (cache miss)
958 silly packumentCache full:https://registry.npmjs.org/string.prototype.includes set size:undefined disposed:false
959 http fetch GET 200 https://registry.npmjs.org/es-iterator-helpers 515ms (cache miss)
960 silly packumentCache full:https://registry.npmjs.org/es-iterator-helpers set size:undefined disposed:false
961 http fetch GET 200 https://registry.npmjs.org/string.prototype.repeat 153ms (cache miss)
962 silly packumentCache full:https://registry.npmjs.org/string.prototype.repeat set size:undefined disposed:false
963 http fetch GET 200 https://registry.npmjs.org/string.prototype.matchall 1049ms (cache miss)
964 silly packumentCache full:https://registry.npmjs.org/string.prototype.matchall set size:undefined disposed:false
965 http fetch GET 200 https://registry.npmjs.org/@typescript-eslint%2fvisitor-keys 5853ms (cache miss)
966 silly packumentCache full:https://registry.npmjs.org/@typescript-eslint%2fvisitor-keys set size:undefined disposed:false
967 http fetch GET 200 https://registry.npmjs.org/@typescript-eslint%2fscope-manager 6708ms (cache miss)
968 silly packumentCache full:https://registry.npmjs.org/@typescript-eslint%2fscope-manager set size:undefined disposed:false
969 http fetch GET 200 https://registry.npmjs.org/axe-core 5865ms (cache miss)
970 silly packumentCache full:https://registry.npmjs.org/axe-core set size:undefined disposed:false
971 http fetch GET 200 https://registry.npmjs.org/@typescript-eslint%2ftypes 11791ms (cache miss)
972 silly packumentCache full:https://registry.npmjs.org/@typescript-eslint%2ftypes set size:undefined disposed:false
973 http fetch GET 200 https://registry.npmjs.org/@typescript-eslint%2ftypescript-estree 21510ms (cache miss)
974 silly packumentCache full:https://registry.npmjs.org/@typescript-eslint%2ftypescript-estree set size:undefined disposed:false
975 silly placeDep ROOT glob@10.3.10 OK for: @next/eslint-plugin-next@14.2.5 want: 10.3.10
976 silly fetch manifest minipass@^5.0.0 || ^6.0.2 || ^7.0.0
977 silly packumentCache full:https://registry.npmjs.org/minipass cache-miss
978 silly fetch manifest jackspeak@^2.3.5
979 silly packumentCache full:https://registry.npmjs.org/jackspeak cache-miss
980 silly fetch manifest minimatch@^9.0.1
981 silly packumentCache full:https://registry.npmjs.org/minimatch cache-hit
982 silly fetch manifest path-scurry@^1.10.1
983 silly packumentCache full:https://registry.npmjs.org/path-scurry cache-miss
984 silly fetch manifest foreground-child@^3.1.0
985 silly packumentCache full:https://registry.npmjs.org/foreground-child cache-miss
986 http fetch GET 200 https://registry.npmjs.org/foreground-child 402ms (cache miss)
987 silly packumentCache full:https://registry.npmjs.org/foreground-child set size:undefined disposed:false
988 http fetch GET 200 https://registry.npmjs.org/path-scurry 405ms (cache miss)
989 silly packumentCache full:https://registry.npmjs.org/path-scurry set size:undefined disposed:false
990 http fetch GET 200 https://registry.npmjs.org/minipass 408ms (cache miss)
991 silly packumentCache full:https://registry.npmjs.org/minipass set size:undefined disposed:false
992 http fetch GET 200 https://registry.npmjs.org/jackspeak 918ms (cache miss)
993 silly packumentCache full:https://registry.npmjs.org/jackspeak set size:undefined disposed:false
994 silly placeDep ROOT @typescript-eslint/scope-manager@7.2.0 OK for: @typescript-eslint/parser@7.2.0 want: 7.2.0
995 silly placeDep ROOT @typescript-eslint/types@7.2.0 OK for: @typescript-eslint/parser@7.2.0 want: 7.2.0
996 silly placeDep ROOT @typescript-eslint/typescript-estree@7.2.0 OK for: @typescript-eslint/parser@7.2.0 want: 7.2.0
997 silly placeDep ROOT @typescript-eslint/visitor-keys@7.2.0 OK for: @typescript-eslint/parser@7.2.0 want: 7.2.0
998 silly fetch manifest globby@^11.1.0
999 silly packumentCache full:https://registry.npmjs.org/globby cache-miss
1000 silly fetch manifest semver@^7.5.4
1001 silly packumentCache full:https://registry.npmjs.org/semver cache-miss
1002 silly fetch manifest minimatch@9.0.3
1003 silly packumentCache full:https://registry.npmjs.org/minimatch cache-hit
1004 silly fetch manifest ts-api-utils@^1.0.1
1005 silly packumentCache full:https://registry.npmjs.org/ts-api-utils cache-miss
1006 http cache https://registry.npmjs.org/semver 4ms (cache hit)
1007 silly packumentCache full:https://registry.npmjs.org/semver set size:229678 disposed:false
1008 http fetch GET 200 https://registry.npmjs.org/ts-api-utils 625ms (cache miss)
1009 silly packumentCache full:https://registry.npmjs.org/ts-api-utils set size:undefined disposed:false
1010 http fetch GET 200 https://registry.npmjs.org/globby 766ms (cache miss)
1011 silly packumentCache full:https://registry.npmjs.org/globby set size:undefined disposed:false
1012 silly fetch manifest typescript@>=4.2.0
1013 silly packumentCache full:https://registry.npmjs.org/typescript cache-miss
1014 http cache https://registry.npmjs.org/typescript 21ms (cache hit)
1015 silly packumentCache full:https://registry.npmjs.org/typescript set size:15362277 disposed:false
1016 silly placeDep ROOT globby@11.1.0 OK for: @typescript-eslint/typescript-estree@7.2.0 want: ^11.1.0
1017 silly placeDep node_modules/@typescript-eslint/typescript-estree minimatch@9.0.3 OK for: @typescript-eslint/typescript-estree@7.2.0 want: 9.0.3
1018 silly placeDep ROOT semver@7.7.4 OK for: @typescript-eslint/typescript-estree@7.2.0 want: ^7.5.4
1019 silly placeDep ROOT ts-api-utils@1.4.3 OK for: @typescript-eslint/typescript-estree@7.2.0 want: ^1.0.1
1020 silly fetch manifest slash@^3.0.0
1021 silly packumentCache full:https://registry.npmjs.org/slash cache-miss
1022 silly fetch manifest merge2@^1.4.1
1023 silly packumentCache full:https://registry.npmjs.org/merge2 cache-miss
1024 silly fetch manifest dir-glob@^3.0.1
1025 silly packumentCache full:https://registry.npmjs.org/dir-glob cache-miss
1026 silly fetch manifest fast-glob@^3.2.9
1027 silly packumentCache full:https://registry.npmjs.org/fast-glob cache-miss
1028 silly fetch manifest array-union@^2.1.0
1029 silly packumentCache full:https://registry.npmjs.org/array-union cache-miss
1030 silly fetch manifest brace-expansion@^2.0.1
1031 silly packumentCache full:https://registry.npmjs.org/brace-expansion cache-miss
1032 http cache https://registry.npmjs.org/brace-expansion 2ms (cache hit)
1033 silly packumentCache full:https://registry.npmjs.org/brace-expansion set size:55744 disposed:false
1034 http cache https://registry.npmjs.org/fast-glob 2ms (cache hit)
1035 silly packumentCache full:https://registry.npmjs.org/fast-glob set size:220556 disposed:false
1036 http fetch GET 200 https://registry.npmjs.org/slash 220ms (cache miss)
1037 silly packumentCache full:https://registry.npmjs.org/slash set size:undefined disposed:false
1038 http fetch GET 200 https://registry.npmjs.org/merge2 223ms (cache miss)
1039 silly packumentCache full:https://registry.npmjs.org/merge2 set size:undefined disposed:false
1040 http fetch GET 200 https://registry.npmjs.org/dir-glob 554ms (cache miss)
1041 silly packumentCache full:https://registry.npmjs.org/dir-glob set size:undefined disposed:false
1042 http fetch GET 200 https://registry.npmjs.org/array-union 1015ms (cache miss)
1043 silly packumentCache full:https://registry.npmjs.org/array-union set size:undefined disposed:false
1044 silly placeDep node_modules/eslint-import-resolver-node debug@3.2.7 OK for: eslint-import-resolver-node@0.3.9 want: ^3.2.7
1045 silly placeDep ROOT is-core-module@2.16.1 OK for: eslint-import-resolver-node@0.3.9 want: ^2.13.0
1046 silly placeDep ROOT resolve@1.22.11 OK for: eslint-import-resolver-node@0.3.9 want: ^1.22.4
1047 silly fetch manifest path-parse@^1.0.7
1048 silly packumentCache full:https://registry.npmjs.org/path-parse cache-miss
1049 silly fetch manifest supports-preserve-symlinks-flag@^1.0.0
1050 silly packumentCache full:https://registry.npmjs.org/supports-preserve-symlinks-flag cache-miss
1051 http fetch GET 200 https://registry.npmjs.org/supports-preserve-symlinks-flag 111ms (cache miss)
1052 silly packumentCache full:https://registry.npmjs.org/supports-preserve-symlinks-flag set size:undefined disposed:false
1053 http fetch GET 200 https://registry.npmjs.org/path-parse 365ms (cache miss)
1054 silly packumentCache full:https://registry.npmjs.org/path-parse set size:undefined disposed:false
1055 silly placeDep ROOT @nolyfill/is-core-module@1.0.39 OK for: eslint-import-resolver-typescript@3.10.1 want: 1.0.39
1056 silly placeDep ROOT get-tsconfig@4.13.6 OK for: eslint-import-resolver-typescript@3.10.1 want: ^4.10.0
1057 silly placeDep ROOT is-bun-module@2.0.0 OK for: eslint-import-resolver-typescript@3.10.1 want: ^2.0.0
1058 silly placeDep ROOT stable-hash@0.0.5 OK for: eslint-import-resolver-typescript@3.10.1 want: ^0.0.5
1059 silly placeDep ROOT tinyglobby@0.2.15 OK for: eslint-import-resolver-typescript@3.10.1 want: ^0.2.13
1060 silly placeDep ROOT unrs-resolver@1.11.1 OK for: eslint-import-resolver-typescript@3.10.1 want: ^1.6.2
1061 silly fetch manifest resolve-pkg-maps@^1.0.0
1062 silly packumentCache full:https://registry.npmjs.org/resolve-pkg-maps cache-miss
1063 silly fetch manifest fdir@^6.5.0
1064 silly packumentCache full:https://registry.npmjs.org/fdir cache-miss
1065 silly fetch manifest picomatch@^4.0.3
1066 silly packumentCache full:https://registry.npmjs.org/picomatch cache-miss
1067 silly fetch manifest napi-postinstall@^0.3.0
1068 silly packumentCache full:https://registry.npmjs.org/napi-postinstall cache-miss
1069 silly fetch manifest @unrs/resolver-binding-win32-x64-msvc@1.11.1
1070 silly packumentCache full:https://registry.npmjs.org/@unrs%2fresolver-binding-win32-x64-msvc cache-miss
1071 silly fetch manifest @unrs/resolver-binding-win32-arm64-msvc@1.11.1
1072 silly packumentCache full:https://registry.npmjs.org/@unrs%2fresolver-binding-win32-arm64-msvc cache-miss
1073 silly fetch manifest @unrs/resolver-binding-win32-ia32-msvc@1.11.1
1074 silly packumentCache full:https://registry.npmjs.org/@unrs%2fresolver-binding-win32-ia32-msvc cache-miss
1075 silly fetch manifest @unrs/resolver-binding-linux-x64-gnu@1.11.1
1076 silly packumentCache full:https://registry.npmjs.org/@unrs%2fresolver-binding-linux-x64-gnu cache-miss
1077 silly fetch manifest @unrs/resolver-binding-linux-x64-musl@1.11.1
1078 silly packumentCache full:https://registry.npmjs.org/@unrs%2fresolver-binding-linux-x64-musl cache-miss
1079 http fetch GET 200 https://registry.npmjs.org/resolve-pkg-maps 95ms (cache miss)
1080 silly packumentCache full:https://registry.npmjs.org/resolve-pkg-maps set size:undefined disposed:false
1081 silly fetch manifest @unrs/resolver-binding-freebsd-x64@1.11.1
1082 silly packumentCache full:https://registry.npmjs.org/@unrs%2fresolver-binding-freebsd-x64 cache-miss
1083 http fetch GET 200 https://registry.npmjs.org/@unrs%2fresolver-binding-linux-x64-musl 157ms (cache miss)
1084 silly packumentCache full:https://registry.npmjs.org/@unrs%2fresolver-binding-linux-x64-musl set size:undefined disposed:false
1085 silly fetch manifest @unrs/resolver-binding-android-arm64@1.11.1
1086 silly packumentCache full:https://registry.npmjs.org/@unrs%2fresolver-binding-android-arm64 cache-miss
1087 http fetch GET 200 https://registry.npmjs.org/napi-postinstall 159ms (cache miss)
1088 silly packumentCache full:https://registry.npmjs.org/napi-postinstall set size:undefined disposed:false
1089 silly fetch manifest @unrs/resolver-binding-linux-arm64-gnu@1.11.1
1090 silly packumentCache full:https://registry.npmjs.org/@unrs%2fresolver-binding-linux-arm64-gnu cache-miss
1091 http fetch GET 200 https://registry.npmjs.org/picomatch 160ms (cache miss)
1092 silly packumentCache full:https://registry.npmjs.org/picomatch set size:undefined disposed:false
1093 silly fetch manifest @unrs/resolver-binding-linux-arm64-musl@1.11.1
1094 silly packumentCache full:https://registry.npmjs.org/@unrs%2fresolver-binding-linux-arm64-musl cache-miss
1095 http fetch GET 200 https://registry.npmjs.org/fdir 166ms (cache miss)
1096 silly packumentCache full:https://registry.npmjs.org/fdir set size:undefined disposed:false
1097 silly fetch manifest @unrs/resolver-binding-android-arm-eabi@1.11.1
1098 silly packumentCache full:https://registry.npmjs.org/@unrs%2fresolver-binding-android-arm-eabi cache-miss
1099 http fetch GET 200 https://registry.npmjs.org/@unrs%2fresolver-binding-win32-ia32-msvc 251ms (cache miss)
1100 silly packumentCache full:https://registry.npmjs.org/@unrs%2fresolver-binding-win32-ia32-msvc set size:undefined disposed:false
1101 silly fetch manifest @unrs/resolver-binding-linux-arm-gnueabihf@1.11.1
1102 silly packumentCache full:https://registry.npmjs.org/@unrs%2fresolver-binding-linux-arm-gnueabihf cache-miss
1103 http fetch GET 200 https://registry.npmjs.org/@unrs%2fresolver-binding-android-arm64 235ms (cache miss)
1104 silly packumentCache full:https://registry.npmjs.org/@unrs%2fresolver-binding-android-arm64 set size:undefined disposed:false
1105 silly fetch manifest @unrs/resolver-binding-linux-arm-musleabihf@1.11.1
1106 silly packumentCache full:https://registry.npmjs.org/@unrs%2fresolver-binding-linux-arm-musleabihf cache-miss
1107 http fetch GET 200 https://registry.npmjs.org/@unrs%2fresolver-binding-win32-arm64-msvc 394ms (cache miss)
1108 silly packumentCache full:https://registry.npmjs.org/@unrs%2fresolver-binding-win32-arm64-msvc set size:undefined disposed:false
1109 silly fetch manifest @unrs/resolver-binding-linux-ppc64-gnu@1.11.1
1110 silly packumentCache full:https://registry.npmjs.org/@unrs%2fresolver-binding-linux-ppc64-gnu cache-miss
1111 http fetch GET 200 https://registry.npmjs.org/@unrs%2fresolver-binding-linux-arm64-gnu 236ms (cache miss)
1112 silly packumentCache full:https://registry.npmjs.org/@unrs%2fresolver-binding-linux-arm64-gnu set size:undefined disposed:false
1113 silly fetch manifest @unrs/resolver-binding-linux-riscv64-gnu@1.11.1
1114 silly packumentCache full:https://registry.npmjs.org/@unrs%2fresolver-binding-linux-riscv64-gnu cache-miss
1115 http fetch GET 200 https://registry.npmjs.org/@unrs%2fresolver-binding-freebsd-x64 406ms (cache miss)
1116 silly packumentCache full:https://registry.npmjs.org/@unrs%2fresolver-binding-freebsd-x64 set size:undefined disposed:false
1117 silly fetch manifest @unrs/resolver-binding-linux-riscv64-musl@1.11.1
1118 silly packumentCache full:https://registry.npmjs.org/@unrs%2fresolver-binding-linux-riscv64-musl cache-miss
1119 http fetch GET 200 https://registry.npmjs.org/@unrs%2fresolver-binding-android-arm-eabi 336ms (cache miss)
1120 silly packumentCache full:https://registry.npmjs.org/@unrs%2fresolver-binding-android-arm-eabi set size:undefined disposed:false
1121 silly fetch manifest @unrs/resolver-binding-linux-s390x-gnu@1.11.1
1122 silly packumentCache full:https://registry.npmjs.org/@unrs%2fresolver-binding-linux-s390x-gnu cache-miss
1123 http fetch GET 200 https://registry.npmjs.org/@unrs%2fresolver-binding-linux-arm64-musl 451ms (cache miss)
1124 silly packumentCache full:https://registry.npmjs.org/@unrs%2fresolver-binding-linux-arm64-musl set size:undefined disposed:false
1125 silly fetch manifest @unrs/resolver-binding-darwin-x64@1.11.1
1126 silly packumentCache full:https://registry.npmjs.org/@unrs%2fresolver-binding-darwin-x64 cache-miss
1127 http fetch GET 200 https://registry.npmjs.org/@unrs%2fresolver-binding-linux-arm-musleabihf 220ms (cache miss)
1128 silly packumentCache full:https://registry.npmjs.org/@unrs%2fresolver-binding-linux-arm-musleabihf set size:undefined disposed:false
1129 silly fetch manifest @unrs/resolver-binding-darwin-arm64@1.11.1
1130 silly packumentCache full:https://registry.npmjs.org/@unrs%2fresolver-binding-darwin-arm64 cache-miss
1131 http fetch GET 200 https://registry.npmjs.org/@unrs%2fresolver-binding-linux-x64-gnu 613ms (cache miss)
1132 silly packumentCache full:https://registry.npmjs.org/@unrs%2fresolver-binding-linux-x64-gnu set size:undefined disposed:false
1133 silly fetch manifest @unrs/resolver-binding-wasm32-wasi@1.11.1
1134 silly packumentCache full:https://registry.npmjs.org/@unrs%2fresolver-binding-wasm32-wasi cache-miss
1135 http fetch GET 200 https://registry.npmjs.org/@unrs%2fresolver-binding-linux-riscv64-gnu 220ms (cache miss)
1136 silly packumentCache full:https://registry.npmjs.org/@unrs%2fresolver-binding-linux-riscv64-gnu set size:undefined disposed:false
1137 http fetch GET 200 https://registry.npmjs.org/@unrs%2fresolver-binding-win32-x64-msvc 615ms (cache miss)
1138 silly packumentCache full:https://registry.npmjs.org/@unrs%2fresolver-binding-win32-x64-msvc set size:undefined disposed:false
1139 http fetch GET 200 https://registry.npmjs.org/@unrs%2fresolver-binding-linux-arm-gnueabihf 458ms (cache miss)
1140 silly packumentCache full:https://registry.npmjs.org/@unrs%2fresolver-binding-linux-arm-gnueabihf set size:undefined disposed:false
1141 http fetch GET 200 https://registry.npmjs.org/@unrs%2fresolver-binding-linux-ppc64-gnu 315ms (cache miss)
1142 silly packumentCache full:https://registry.npmjs.org/@unrs%2fresolver-binding-linux-ppc64-gnu set size:undefined disposed:false
1143 http fetch GET 200 https://registry.npmjs.org/@unrs%2fresolver-binding-darwin-arm64 106ms (cache miss)
1144 silly packumentCache full:https://registry.npmjs.org/@unrs%2fresolver-binding-darwin-arm64 set size:undefined disposed:false
1145 http fetch GET 200 https://registry.npmjs.org/@unrs%2fresolver-binding-linux-s390x-gnu 330ms (cache miss)
1146 silly packumentCache full:https://registry.npmjs.org/@unrs%2fresolver-binding-linux-s390x-gnu set size:undefined disposed:false
1147 http fetch GET 200 https://registry.npmjs.org/@unrs%2fresolver-binding-linux-riscv64-musl 331ms (cache miss)
1148 silly packumentCache full:https://registry.npmjs.org/@unrs%2fresolver-binding-linux-riscv64-musl set size:undefined disposed:false
1149 http fetch GET 200 https://registry.npmjs.org/@unrs%2fresolver-binding-darwin-x64 265ms (cache miss)
1150 silly packumentCache full:https://registry.npmjs.org/@unrs%2fresolver-binding-darwin-x64 set size:undefined disposed:false
1151 http fetch GET 200 https://registry.npmjs.org/@unrs%2fresolver-binding-wasm32-wasi 586ms (cache miss)
1152 silly packumentCache full:https://registry.npmjs.org/@unrs%2fresolver-binding-wasm32-wasi set size:undefined disposed:false
1153 silly placeDep ROOT @rtsao/scc@1.1.0 OK for: eslint-plugin-import@2.32.0 want: ^1.1.0
1154 silly placeDep ROOT array-includes@3.1.9 OK for: eslint-plugin-import@2.32.0 want: ^3.1.9
1155 silly placeDep ROOT array.prototype.findlastindex@1.2.6 OK for: eslint-plugin-import@2.32.0 want: ^1.2.6
1156 silly placeDep ROOT array.prototype.flat@1.3.3 OK for: eslint-plugin-import@2.32.0 want: ^1.3.3
1157 silly placeDep ROOT array.prototype.flatmap@1.3.3 OK for: eslint-plugin-import@2.32.0 want: ^1.3.3
1158 silly placeDep node_modules/eslint-plugin-import debug@3.2.7 OK for: eslint-plugin-import@2.32.0 want: ^3.2.7
1159 silly placeDep node_modules/eslint-plugin-import doctrine@2.1.0 OK for: eslint-plugin-import@2.32.0 want: ^2.1.0
1160 silly placeDep ROOT eslint-module-utils@2.12.1 OK for: eslint-plugin-import@2.32.0 want: ^2.12.1
1161 silly placeDep ROOT hasown@2.0.2 OK for: eslint-plugin-import@2.32.0 want: ^2.0.2
1162 silly placeDep ROOT object.fromentries@2.0.8 OK for: eslint-plugin-import@2.32.0 want: ^2.0.8
1163 silly placeDep ROOT object.groupby@1.0.3 OK for: eslint-plugin-import@2.32.0 want: ^1.0.3
1164 silly placeDep ROOT object.values@1.2.1 OK for: eslint-plugin-import@2.32.0 want: ^1.2.1
1165 silly placeDep node_modules/eslint-plugin-import semver@6.3.1 OK for: eslint-plugin-import@2.32.0 want: ^6.3.1
1166 silly placeDep ROOT string.prototype.trimend@1.0.9 OK for: eslint-plugin-import@2.32.0 want: ^1.0.9
1167 silly placeDep ROOT tsconfig-paths@3.15.0 OK for: eslint-plugin-import@2.32.0 want: ^3.15.0
1168 silly fetch manifest call-bind@^1.0.8
1169 silly packumentCache full:https://registry.npmjs.org/call-bind cache-miss
1170 silly fetch manifest call-bound@^1.0.4
1171 silly packumentCache full:https://registry.npmjs.org/call-bound cache-miss
1172 silly fetch manifest define-properties@^1.2.1
1173 silly packumentCache full:https://registry.npmjs.org/define-properties cache-miss
1174 silly fetch manifest es-abstract@^1.24.0
1175 silly packumentCache full:https://registry.npmjs.org/es-abstract cache-miss
1176 silly fetch manifest es-object-atoms@^1.1.1
1177 silly packumentCache full:https://registry.npmjs.org/es-object-atoms cache-miss
1178 silly fetch manifest get-intrinsic@^1.3.0
1179 silly packumentCache full:https://registry.npmjs.org/get-intrinsic cache-miss
1180 silly fetch manifest is-string@^1.1.1
1181 silly packumentCache full:https://registry.npmjs.org/is-string cache-miss
1182 silly fetch manifest math-intrinsics@^1.1.0
1183 silly packumentCache full:https://registry.npmjs.org/math-intrinsics cache-miss
1184 silly fetch manifest call-bind@^1.0.8
1185 silly packumentCache full:https://registry.npmjs.org/call-bind cache-miss
1186 http fetch GET 200 https://registry.npmjs.org/math-intrinsics 127ms (cache miss)
1187 silly packumentCache full:https://registry.npmjs.org/math-intrinsics set size:undefined disposed:false
1188 silly fetch manifest call-bound@^1.0.4
1189 silly packumentCache full:https://registry.npmjs.org/call-bound cache-miss
1190 http fetch GET 200 https://registry.npmjs.org/call-bound 129ms (cache miss)
1191 silly packumentCache full:https://registry.npmjs.org/call-bound set size:undefined disposed:false
1192 silly fetch manifest define-properties@^1.2.1
1193 silly packumentCache full:https://registry.npmjs.org/define-properties cache-miss
1194 http fetch GET 200 https://registry.npmjs.org/call-bind 129ms (cache miss)
1195 silly packumentCache full:https://registry.npmjs.org/call-bind set size:undefined disposed:false
1196 silly fetch manifest es-abstract@^1.23.9
1197 silly packumentCache full:https://registry.npmjs.org/es-abstract cache-miss
1198 http fetch GET 200 https://registry.npmjs.org/call-bind 130ms (cache miss)
1199 silly packumentCache full:https://registry.npmjs.org/call-bind set size:undefined disposed:false
1200 silly fetch manifest es-errors@^1.3.0
1201 silly packumentCache full:https://registry.npmjs.org/es-errors cache-miss
1202 http fetch GET 200 https://registry.npmjs.org/get-intrinsic 130ms (cache miss)
1203 silly packumentCache full:https://registry.npmjs.org/get-intrinsic set size:undefined disposed:false
1204 silly fetch manifest es-object-atoms@^1.1.1
1205 silly packumentCache full:https://registry.npmjs.org/es-object-atoms cache-miss
1206 http cache https://registry.npmjs.org/call-bound 6ms (cache hit)
1207 silly packumentCache full:https://registry.npmjs.org/call-bound set size:15317 disposed:false
1208 silly fetch manifest es-shim-unscopables@^1.1.0
1209 silly packumentCache full:https://registry.npmjs.org/es-shim-unscopables cache-miss
1210 http fetch GET 200 https://registry.npmjs.org/define-properties 163ms (cache miss)
1211 silly packumentCache full:https://registry.npmjs.org/define-properties set size:undefined disposed:false
1212 silly fetch manifest es-abstract@^1.23.5
1213 silly packumentCache full:https://registry.npmjs.org/es-abstract cache-miss
1214 http fetch GET 200 https://registry.npmjs.org/define-properties 82ms (cache miss)
1215 silly packumentCache full:https://registry.npmjs.org/define-properties set size:undefined disposed:false
1216 silly fetch manifest es-shim-unscopables@^1.0.2
1217 silly packumentCache full:https://registry.npmjs.org/es-shim-unscopables cache-miss
1218 http fetch GET 200 https://registry.npmjs.org/es-shim-unscopables 78ms (cache miss)
1219 silly packumentCache full:https://registry.npmjs.org/es-shim-unscopables set size:undefined disposed:false
1220 silly fetch manifest es-abstract@^1.23.5
1221 silly packumentCache full:https://registry.npmjs.org/es-abstract cache-miss
1222 http fetch GET 200 https://registry.npmjs.org/is-string 212ms (cache miss)
1223 silly packumentCache full:https://registry.npmjs.org/is-string set size:undefined disposed:false
1224 silly fetch manifest es-shim-unscopables@^1.0.2
1225 silly packumentCache full:https://registry.npmjs.org/es-shim-unscopables cache-miss
1226 http fetch GET 200 https://registry.npmjs.org/es-abstract 215ms (cache miss)
1227 silly packumentCache full:https://registry.npmjs.org/es-abstract set size:undefined disposed:false
1228 silly fetch manifest function-bind@^1.1.2
1229 silly packumentCache full:https://registry.npmjs.org/function-bind cache-miss
1230 http cache https://registry.npmjs.org/es-shim-unscopables 7ms (cache hit)
1231 silly packumentCache full:https://registry.npmjs.org/es-shim-unscopables set size:13965 disposed:false
1232 silly fetch manifest call-bind@^1.0.7
1233 silly packumentCache full:https://registry.npmjs.org/call-bind cache-miss
1234 http cache https://registry.npmjs.org/es-shim-unscopables 5ms (cache hit)
1235 silly packumentCache full:https://registry.npmjs.org/es-shim-unscopables set size:13965 disposed:false
1236 silly packumentCache full:https://registry.npmjs.org/es-shim-unscopables dispose
1237 silly fetch manifest es-abstract@^1.23.2
1238 silly packumentCache full:https://registry.npmjs.org/es-abstract cache-miss
1239 http cache https://registry.npmjs.org/call-bind 2ms (cache hit)
1240 silly packumentCache full:https://registry.npmjs.org/call-bind set size:30096 disposed:false
1241 silly fetch manifest es-object-atoms@^1.0.0
1242 silly packumentCache full:https://registry.npmjs.org/es-object-atoms cache-miss
1243 http cache https://registry.npmjs.org/es-abstract 2ms (cache hit)
1244 silly packumentCache full:https://registry.npmjs.org/es-abstract set size:378584 disposed:false
1245 silly fetch manifest call-bound@^1.0.3
1246 silly packumentCache full:https://registry.npmjs.org/call-bound cache-hit
1247 silly fetch manifest es-object-atoms@^1.0.0
1248 silly packumentCache full:https://registry.npmjs.org/es-object-atoms cache-miss
1249 http fetch GET 200 https://registry.npmjs.org/function-bind 67ms (cache miss)
1250 silly packumentCache full:https://registry.npmjs.org/function-bind set size:undefined disposed:false
1251 silly fetch manifest call-bound@^1.0.2
1252 silly packumentCache full:https://registry.npmjs.org/call-bound cache-hit
1253 silly fetch manifest es-object-atoms@^1.0.0
1254 silly packumentCache full:https://registry.npmjs.org/es-object-atoms cache-miss
1255 http fetch GET 200 https://registry.npmjs.org/es-abstract 317ms (cache miss)
1256 silly packumentCache full:https://registry.npmjs.org/es-abstract set size:undefined disposed:false
1257 silly packumentCache full:https://registry.npmjs.org/es-abstract dispose
1258 silly fetch manifest json5@^1.0.2
1259 silly packumentCache full:https://registry.npmjs.org/json5 cache-miss
1260 http fetch GET 200 https://registry.npmjs.org/es-object-atoms 226ms (cache miss)
1261 silly packumentCache full:https://registry.npmjs.org/es-object-atoms set size:undefined disposed:false
1262 silly fetch manifest minimist@^1.2.6
1263 silly packumentCache full:https://registry.npmjs.org/minimist cache-miss
1264 http fetch GET 200 https://registry.npmjs.org/es-object-atoms 448ms (cache miss)
1265 silly packumentCache full:https://registry.npmjs.org/es-object-atoms set size:undefined disposed:false
1266 silly fetch manifest strip-bom@^3.0.0
1267 silly packumentCache full:https://registry.npmjs.org/strip-bom cache-miss
1268 http fetch GET 200 https://registry.npmjs.org/es-object-atoms 317ms (cache miss)
1269 silly packumentCache full:https://registry.npmjs.org/es-object-atoms set size:undefined disposed:false
1270 silly fetch manifest @types/json5@^0.0.29
1271 silly packumentCache full:https://registry.npmjs.org/@types%2fjson5 cache-miss
1272 http fetch GET 200 https://registry.npmjs.org/es-object-atoms 230ms (cache miss)
1273 silly packumentCache full:https://registry.npmjs.org/es-object-atoms set size:undefined disposed:false
1274 http fetch GET 200 https://registry.npmjs.org/es-object-atoms 186ms (cache miss)
1275 silly packumentCache full:https://registry.npmjs.org/es-object-atoms set size:undefined disposed:false
1276 http fetch GET 200 https://registry.npmjs.org/es-abstract 307ms (cache miss)
1277 silly packumentCache full:https://registry.npmjs.org/es-abstract set size:undefined disposed:true
1278 http fetch GET 200 https://registry.npmjs.org/@types%2fjson5 144ms (cache miss)
1279 silly packumentCache full:https://registry.npmjs.org/@types%2fjson5 set size:undefined disposed:false
1280 http fetch GET 200 https://registry.npmjs.org/strip-bom 146ms (cache miss)
1281 silly packumentCache full:https://registry.npmjs.org/strip-bom set size:undefined disposed:false
1282 http fetch GET 200 https://registry.npmjs.org/json5 331ms (cache miss)
1283 silly packumentCache full:https://registry.npmjs.org/json5 set size:undefined disposed:false
1284 http fetch GET 200 https://registry.npmjs.org/minimist 333ms (cache miss)
1285 silly packumentCache full:https://registry.npmjs.org/minimist set size:undefined disposed:false
1286 http fetch GET 200 https://registry.npmjs.org/es-errors 883ms (cache miss)
1287 silly packumentCache full:https://registry.npmjs.org/es-errors set size:undefined disposed:false
1288 http fetch GET 200 https://registry.npmjs.org/es-abstract 1747ms (cache miss)
1289 silly packumentCache full:https://registry.npmjs.org/es-abstract set size:undefined disposed:false
1290 silly placeDep ROOT call-bind@1.0.8 OK for: array-includes@3.1.9 want: ^1.0.8
1291 silly placeDep ROOT call-bound@1.0.4 OK for: array-includes@3.1.9 want: ^1.0.4
1292 silly placeDep ROOT define-properties@1.2.1 OK for: array-includes@3.1.9 want: ^1.2.1
1293 silly placeDep ROOT es-abstract@1.24.1 OK for: array-includes@3.1.9 want: ^1.24.0
1294 silly placeDep ROOT es-object-atoms@1.1.1 OK for: array-includes@3.1.9 want: ^1.1.1
1295 silly placeDep ROOT get-intrinsic@1.3.0 OK for: array-includes@3.1.9 want: ^1.3.0
1296 silly placeDep ROOT is-string@1.1.1 OK for: array-includes@3.1.9 want: ^1.1.1
1297 silly placeDep ROOT math-intrinsics@1.1.0 OK for: array-includes@3.1.9 want: ^1.1.0
1298 silly fetch manifest call-bind-apply-helpers@^1.0.0
1299 silly packumentCache full:https://registry.npmjs.org/call-bind-apply-helpers cache-miss
1300 silly fetch manifest es-define-property@^1.0.0
1301 silly packumentCache full:https://registry.npmjs.org/es-define-property cache-miss
1302 silly fetch manifest get-intrinsic@^1.2.4
1303 silly packumentCache full:https://registry.npmjs.org/get-intrinsic cache-miss
1304 silly fetch manifest set-function-length@^1.2.2
1305 silly packumentCache full:https://registry.npmjs.org/set-function-length cache-miss
1306 silly fetch manifest call-bind-apply-helpers@^1.0.2
1307 silly packumentCache full:https://registry.npmjs.org/call-bind-apply-helpers cache-miss
1308 silly fetch manifest define-data-property@^1.0.1
1309 silly packumentCache full:https://registry.npmjs.org/define-data-property cache-miss
1310 silly fetch manifest has-property-descriptors@^1.0.0
1311 silly packumentCache full:https://registry.npmjs.org/has-property-descriptors cache-miss
1312 silly fetch manifest object-keys@^1.1.1
1313 silly packumentCache full:https://registry.npmjs.org/object-keys cache-miss
1314 silly fetch manifest array-buffer-byte-length@^1.0.2
1315 silly packumentCache full:https://registry.npmjs.org/array-buffer-byte-length cache-miss
1316 http cache https://registry.npmjs.org/get-intrinsic 5ms (cache hit)
1317 silly packumentCache full:https://registry.npmjs.org/get-intrinsic set size:60985 disposed:false
1318 silly fetch manifest arraybuffer.prototype.slice@^1.0.4
1319 silly packumentCache full:https://registry.npmjs.org/arraybuffer.prototype.slice cache-miss
1320 http fetch GET 200 https://registry.npmjs.org/set-function-length 116ms (cache miss)
1321 silly packumentCache full:https://registry.npmjs.org/set-function-length set size:undefined disposed:false
1322 silly fetch manifest available-typed-arrays@^1.0.7
1323 silly packumentCache full:https://registry.npmjs.org/available-typed-arrays cache-miss
1324 http fetch GET 200 https://registry.npmjs.org/has-property-descriptors 116ms (cache miss)
1325 silly packumentCache full:https://registry.npmjs.org/has-property-descriptors set size:undefined disposed:false
1326 silly fetch manifest data-view-buffer@^1.0.2
1327 silly packumentCache full:https://registry.npmjs.org/data-view-buffer cache-miss
1328 http fetch GET 200 https://registry.npmjs.org/es-define-property 118ms (cache miss)
1329 silly packumentCache full:https://registry.npmjs.org/es-define-property set size:undefined disposed:false
1330 silly fetch manifest data-view-byte-length@^1.0.2
1331 silly packumentCache full:https://registry.npmjs.org/data-view-byte-length cache-miss
1332 http fetch GET 200 https://registry.npmjs.org/array-buffer-byte-length 118ms (cache miss)
1333 silly packumentCache full:https://registry.npmjs.org/array-buffer-byte-length set size:undefined disposed:false
1334 silly fetch manifest data-view-byte-offset@^1.0.1
1335 silly packumentCache full:https://registry.npmjs.org/data-view-byte-offset cache-miss
1336 http fetch GET 200 https://registry.npmjs.org/call-bind-apply-helpers 119ms (cache miss)
1337 silly packumentCache full:https://registry.npmjs.org/call-bind-apply-helpers set size:undefined disposed:false
1338 silly fetch manifest es-define-property@^1.0.1
1339 silly packumentCache full:https://registry.npmjs.org/es-define-property cache-miss
1340 http fetch GET 200 https://registry.npmjs.org/call-bind-apply-helpers 120ms (cache miss)
1341 silly packumentCache full:https://registry.npmjs.org/call-bind-apply-helpers set size:undefined disposed:false
1342 silly fetch manifest es-set-tostringtag@^2.1.0
1343 silly packumentCache full:https://registry.npmjs.org/es-set-tostringtag cache-miss
1344 http cache https://registry.npmjs.org/es-define-property 2ms (cache hit)
1345 silly packumentCache full:https://registry.npmjs.org/es-define-property set size:8542 disposed:false
1346 silly fetch manifest es-to-primitive@^1.3.0
1347 silly packumentCache full:https://registry.npmjs.org/es-to-primitive cache-miss
1348 http fetch GET 200 https://registry.npmjs.org/object-keys 247ms (cache miss)
1349 silly packumentCache full:https://registry.npmjs.org/object-keys set size:undefined disposed:false
1350 silly fetch manifest function.prototype.name@^1.1.8
1351 silly packumentCache full:https://registry.npmjs.org/function.prototype.name cache-miss
1352 http fetch GET 200 https://registry.npmjs.org/arraybuffer.prototype.slice 244ms (cache miss)
1353 silly packumentCache full:https://registry.npmjs.org/arraybuffer.prototype.slice set size:undefined disposed:false
1354 silly fetch manifest get-proto@^1.0.1
1355 silly packumentCache full:https://registry.npmjs.org/get-proto cache-miss
1356 http fetch GET 200 https://registry.npmjs.org/data-view-byte-offset 312ms (cache miss)
1357 silly packumentCache full:https://registry.npmjs.org/data-view-byte-offset set size:undefined disposed:false
1358 silly fetch manifest get-symbol-description@^1.1.0
1359 silly packumentCache full:https://registry.npmjs.org/get-symbol-description cache-miss
1360 http fetch GET 200 https://registry.npmjs.org/es-set-tostringtag 312ms (cache miss)
1361 silly packumentCache full:https://registry.npmjs.org/es-set-tostringtag set size:undefined disposed:false
1362 silly fetch manifest globalthis@^1.0.4
1363 silly packumentCache full:https://registry.npmjs.org/globalthis cache-miss
1364 http fetch GET 200 https://registry.npmjs.org/data-view-byte-length 315ms (cache miss)
1365 silly packumentCache full:https://registry.npmjs.org/data-view-byte-length set size:undefined disposed:false
1366 silly fetch manifest gopd@^1.2.0
1367 silly packumentCache full:https://registry.npmjs.org/gopd cache-miss
1368 http fetch GET 200 https://registry.npmjs.org/define-data-property 434ms (cache miss)
1369 silly packumentCache full:https://registry.npmjs.org/define-data-property set size:undefined disposed:false
1370 silly fetch manifest has-property-descriptors@^1.0.2
1371 silly packumentCache full:https://registry.npmjs.org/has-property-descriptors cache-miss
1372 http fetch GET 200 https://registry.npmjs.org/get-proto 185ms (cache miss)
1373 silly packumentCache full:https://registry.npmjs.org/get-proto set size:undefined disposed:false
1374 silly fetch manifest has-proto@^1.2.0
1375 silly packumentCache full:https://registry.npmjs.org/has-proto cache-miss
1376 http fetch GET 200 https://registry.npmjs.org/available-typed-arrays 320ms (cache miss)
1377 silly packumentCache full:https://registry.npmjs.org/available-typed-arrays set size:undefined disposed:false
1378 silly fetch manifest has-symbols@^1.1.0
1379 silly packumentCache full:https://registry.npmjs.org/has-symbols cache-miss
1380 http fetch GET 200 https://registry.npmjs.org/data-view-buffer 321ms (cache miss)
1381 silly packumentCache full:https://registry.npmjs.org/data-view-buffer set size:undefined disposed:false
1382 silly fetch manifest internal-slot@^1.1.0
1383 silly packumentCache full:https://registry.npmjs.org/internal-slot cache-miss
1384 http cache https://registry.npmjs.org/has-property-descriptors 6ms (cache hit)
1385 silly packumentCache full:https://registry.npmjs.org/has-property-descriptors set size:12452 disposed:false
1386 silly fetch manifest is-array-buffer@^3.0.5
1387 silly packumentCache full:https://registry.npmjs.org/is-array-buffer cache-miss
1388 http fetch GET 200 https://registry.npmjs.org/function.prototype.name 192ms (cache miss)
1389 silly packumentCache full:https://registry.npmjs.org/function.prototype.name set size:undefined disposed:false
1390 silly fetch manifest is-callable@^1.2.7
1391 silly packumentCache full:https://registry.npmjs.org/is-callable cache-miss
1392 http fetch GET 200 https://registry.npmjs.org/globalthis 68ms (cache miss)
1393 silly packumentCache full:https://registry.npmjs.org/globalthis set size:undefined disposed:false
1394 silly fetch manifest is-data-view@^1.0.2
1395 silly packumentCache full:https://registry.npmjs.org/is-data-view cache-miss
1396 http fetch GET 200 https://registry.npmjs.org/has-proto 66ms (cache miss)
1397 silly packumentCache full:https://registry.npmjs.org/has-proto set size:undefined disposed:false
1398 silly fetch manifest is-negative-zero@^2.0.3
1399 silly packumentCache full:https://registry.npmjs.org/is-negative-zero cache-miss
1400 http fetch GET 200 https://registry.npmjs.org/gopd 76ms (cache miss)
1401 silly packumentCache full:https://registry.npmjs.org/gopd set size:undefined disposed:false
1402 silly fetch manifest is-regex@^1.2.1
1403 silly packumentCache full:https://registry.npmjs.org/is-regex cache-miss
1404 http fetch GET 200 https://registry.npmjs.org/has-symbols 147ms (cache miss)
1405 silly packumentCache full:https://registry.npmjs.org/has-symbols set size:undefined disposed:false
1406 silly fetch manifest is-set@^2.0.3
1407 silly packumentCache full:https://registry.npmjs.org/is-set cache-miss
1408 http fetch GET 200 https://registry.npmjs.org/is-data-view 157ms (cache miss)
1409 silly packumentCache full:https://registry.npmjs.org/is-data-view set size:undefined disposed:false
1410 silly fetch manifest is-shared-array-buffer@^1.0.4
1411 silly packumentCache full:https://registry.npmjs.org/is-shared-array-buffer cache-miss
1412 http fetch GET 200 https://registry.npmjs.org/internal-slot 222ms (cache miss)
1413 silly packumentCache full:https://registry.npmjs.org/internal-slot set size:undefined disposed:false
1414 silly fetch manifest is-typed-array@^1.1.15
1415 silly packumentCache full:https://registry.npmjs.org/is-typed-array cache-miss
1416 http fetch GET 200 https://registry.npmjs.org/is-negative-zero 158ms (cache miss)
1417 silly packumentCache full:https://registry.npmjs.org/is-negative-zero set size:undefined disposed:false
1418 silly fetch manifest is-weakref@^1.1.1
1419 silly packumentCache full:https://registry.npmjs.org/is-weakref cache-miss
1420 http fetch GET 200 https://registry.npmjs.org/es-to-primitive 539ms (cache miss)
1421 silly packumentCache full:https://registry.npmjs.org/es-to-primitive set size:undefined disposed:false
1422 silly fetch manifest object-inspect@^1.13.4
1423 silly packumentCache full:https://registry.npmjs.org/object-inspect cache-miss
1424 http fetch GET 200 https://registry.npmjs.org/is-array-buffer 221ms (cache miss)
1425 silly packumentCache full:https://registry.npmjs.org/is-array-buffer set size:undefined disposed:false
1426 silly fetch manifest object.assign@^4.1.7
1427 silly packumentCache full:https://registry.npmjs.org/object.assign cache-miss
1428 http fetch GET 200 https://registry.npmjs.org/is-regex 218ms (cache miss)
1429 silly packumentCache full:https://registry.npmjs.org/is-regex set size:undefined disposed:false
1430 silly fetch manifest own-keys@^1.0.1
1431 silly packumentCache full:https://registry.npmjs.org/own-keys cache-miss
1432 http fetch GET 200 https://registry.npmjs.org/get-symbol-description 297ms (cache miss)
1433 silly packumentCache full:https://registry.npmjs.org/get-symbol-description set size:undefined disposed:false
1434 silly fetch manifest regexp.prototype.flags@^1.5.4
1435 silly packumentCache full:https://registry.npmjs.org/regexp.prototype.flags cache-miss
1436 http fetch GET 200 https://registry.npmjs.org/object.assign 142ms (cache miss)
1437 silly packumentCache full:https://registry.npmjs.org/object.assign set size:undefined disposed:false
1438 silly fetch manifest safe-array-concat@^1.1.3
1439 silly packumentCache full:https://registry.npmjs.org/safe-array-concat cache-miss
1440 http fetch GET 200 https://registry.npmjs.org/is-weakref 145ms (cache miss)
1441 silly packumentCache full:https://registry.npmjs.org/is-weakref set size:undefined disposed:false
1442 silly fetch manifest safe-push-apply@^1.0.0
1443 silly packumentCache full:https://registry.npmjs.org/safe-push-apply cache-miss
1444 http fetch GET 200 https://registry.npmjs.org/object-inspect 144ms (cache miss)
1445 silly packumentCache full:https://registry.npmjs.org/object-inspect set size:undefined disposed:false
1446 silly fetch manifest safe-regex-test@^1.1.0
1447 silly packumentCache full:https://registry.npmjs.org/safe-regex-test cache-miss
1448 http fetch GET 200 https://registry.npmjs.org/is-callable 366ms (cache miss)
1449 silly packumentCache full:https://registry.npmjs.org/is-callable set size:undefined disposed:false
1450 silly fetch manifest set-proto@^1.0.0
1451 silly packumentCache full:https://registry.npmjs.org/set-proto cache-miss
1452 http fetch GET 200 https://registry.npmjs.org/is-typed-array 148ms (cache miss)
1453 silly packumentCache full:https://registry.npmjs.org/is-typed-array set size:undefined disposed:false
1454 silly fetch manifest stop-iteration-iterator@^1.1.0
1455 silly packumentCache full:https://registry.npmjs.org/stop-iteration-iterator cache-miss
1456 http cache https://registry.npmjs.org/safe-regex-test 4ms (cache hit)
1457 silly packumentCache full:https://registry.npmjs.org/safe-regex-test set size:17412 disposed:false
1458 silly fetch manifest string.prototype.trim@^1.2.10
1459 silly packumentCache full:https://registry.npmjs.org/string.prototype.trim cache-miss
1460 http fetch GET 200 https://registry.npmjs.org/own-keys 184ms (cache miss)
1461 silly packumentCache full:https://registry.npmjs.org/own-keys set size:undefined disposed:false
1462 silly fetch manifest string.prototype.trimstart@^1.0.8
1463 silly packumentCache full:https://registry.npmjs.org/string.prototype.trimstart cache-miss
1464 http fetch GET 200 https://registry.npmjs.org/set-proto 106ms (cache miss)
1465 silly packumentCache full:https://registry.npmjs.org/set-proto set size:undefined disposed:false
1466 silly fetch manifest typed-array-buffer@^1.0.3
1467 silly packumentCache full:https://registry.npmjs.org/typed-array-buffer cache-miss
1468 http fetch GET 200 https://registry.npmjs.org/string.prototype.trim 104ms (cache miss)
1469 silly packumentCache full:https://registry.npmjs.org/string.prototype.trim set size:undefined disposed:false
1470 silly fetch manifest typed-array-byte-length@^1.0.3
1471 silly packumentCache full:https://registry.npmjs.org/typed-array-byte-length cache-miss
1472 http fetch GET 200 https://registry.npmjs.org/safe-array-concat 110ms (cache miss)
1473 silly packumentCache full:https://registry.npmjs.org/safe-array-concat set size:undefined disposed:false
1474 silly fetch manifest typed-array-byte-offset@^1.0.4
1475 silly packumentCache full:https://registry.npmjs.org/typed-array-byte-offset cache-miss
1476 http fetch GET 200 https://registry.npmjs.org/regexp.prototype.flags 187ms (cache miss)
1477 silly packumentCache full:https://registry.npmjs.org/regexp.prototype.flags set size:undefined disposed:false
1478 silly fetch manifest typed-array-length@^1.0.7
1479 silly packumentCache full:https://registry.npmjs.org/typed-array-length cache-miss
1480 http fetch GET 200 https://registry.npmjs.org/safe-push-apply 111ms (cache miss)
1481 silly packumentCache full:https://registry.npmjs.org/safe-push-apply set size:undefined disposed:false
1482 silly fetch manifest unbox-primitive@^1.1.0
1483 silly packumentCache full:https://registry.npmjs.org/unbox-primitive cache-miss
1484 http fetch GET 200 https://registry.npmjs.org/unbox-primitive 297ms (cache miss)
1485 silly packumentCache full:https://registry.npmjs.org/unbox-primitive set size:undefined disposed:false
1486 silly fetch manifest which-typed-array@^1.1.19
1487 silly packumentCache full:https://registry.npmjs.org/which-typed-array cache-miss
1488 http fetch GET 200 https://registry.npmjs.org/is-set 631ms (cache miss)
1489 silly packumentCache full:https://registry.npmjs.org/is-set set size:undefined disposed:false
1490 silly fetch manifest has-tostringtag@^1.0.2
1491 silly packumentCache full:https://registry.npmjs.org/has-tostringtag cache-miss
1492 http fetch GET 200 https://registry.npmjs.org/string.prototype.trimstart 303ms (cache miss)
1493 silly packumentCache full:https://registry.npmjs.org/string.prototype.trimstart set size:undefined disposed:false
1494 http fetch GET 200 https://registry.npmjs.org/typed-array-buffer 303ms (cache miss)
1495 silly packumentCache full:https://registry.npmjs.org/typed-array-buffer set size:undefined disposed:false
1496 http fetch GET 200 https://registry.npmjs.org/stop-iteration-iterator 408ms (cache miss)
1497 silly packumentCache full:https://registry.npmjs.org/stop-iteration-iterator set size:undefined disposed:false
1498 http fetch GET 200 https://registry.npmjs.org/typed-array-length 300ms (cache miss)
1499 silly packumentCache full:https://registry.npmjs.org/typed-array-length set size:undefined disposed:false
1500 http fetch GET 200 https://registry.npmjs.org/is-shared-array-buffer 559ms (cache miss)
1501 silly packumentCache full:https://registry.npmjs.org/is-shared-array-buffer set size:undefined disposed:false
1502 http fetch GET 200 https://registry.npmjs.org/typed-array-byte-offset 389ms (cache miss)
1503 silly packumentCache full:https://registry.npmjs.org/typed-array-byte-offset set size:undefined disposed:false
1504 http fetch GET 200 https://registry.npmjs.org/has-tostringtag 90ms (cache miss)
1505 silly packumentCache full:https://registry.npmjs.org/has-tostringtag set size:undefined disposed:false
1506 http fetch GET 200 https://registry.npmjs.org/typed-array-byte-length 391ms (cache miss)
1507 silly packumentCache full:https://registry.npmjs.org/typed-array-byte-length set size:undefined disposed:false
1508 http fetch GET 200 https://registry.npmjs.org/which-typed-array 405ms (cache miss)
1509 silly packumentCache full:https://registry.npmjs.org/which-typed-array set size:undefined disposed:false
1510 silly placeDep ROOT es-errors@1.3.0 OK for: array.prototype.findlastindex@1.2.6 want: ^1.3.0
1511 silly placeDep ROOT es-shim-unscopables@1.1.0 OK for: array.prototype.findlastindex@1.2.6 want: ^1.1.0
1512 silly placeDep ROOT call-bind-apply-helpers@1.0.2 OK for: call-bind@1.0.8 want: ^1.0.0
1513 silly placeDep ROOT es-define-property@1.0.1 OK for: call-bind@1.0.8 want: ^1.0.0
1514 silly placeDep ROOT set-function-length@1.2.2 OK for: call-bind@1.0.8 want: ^1.2.2
1515 silly fetch manifest define-data-property@^1.1.4
1516 silly packumentCache full:https://registry.npmjs.org/define-data-property cache-miss
1517 silly fetch manifest gopd@^1.0.1
1518 silly packumentCache full:https://registry.npmjs.org/gopd cache-miss
1519 http cache https://registry.npmjs.org/gopd 2ms (cache hit)
1520 silly packumentCache full:https://registry.npmjs.org/gopd set size:11458 disposed:false
1521 http cache https://registry.npmjs.org/define-data-property 3ms (cache hit)
1522 silly packumentCache full:https://registry.npmjs.org/define-data-property set size:28048 disposed:false
1523 silly placeDep ROOT function-bind@1.1.2 OK for: call-bind-apply-helpers@1.0.2 want: ^1.1.2
1524 silly placeDep ROOT define-data-property@1.1.4 OK for: define-properties@1.2.1 want: ^1.0.1
1525 silly placeDep ROOT has-property-descriptors@1.0.2 OK for: define-properties@1.2.1 want: ^1.0.0
1526 silly placeDep ROOT object-keys@1.1.1 OK for: define-properties@1.2.1 want: ^1.1.1
1527 silly placeDep ROOT gopd@1.2.0 OK for: define-data-property@1.1.4 want: ^1.0.1
1528 silly placeDep ROOT array-buffer-byte-length@1.0.2 OK for: es-abstract@1.24.1 want: ^1.0.2
1529 silly placeDep ROOT arraybuffer.prototype.slice@1.0.4 OK for: es-abstract@1.24.1 want: ^1.0.4
1530 silly placeDep ROOT available-typed-arrays@1.0.7 OK for: es-abstract@1.24.1 want: ^1.0.7
1531 silly placeDep ROOT data-view-buffer@1.0.2 OK for: es-abstract@1.24.1 want: ^1.0.2
1532 silly placeDep ROOT data-view-byte-length@1.0.2 OK for: es-abstract@1.24.1 want: ^1.0.2
1533 silly placeDep ROOT data-view-byte-offset@1.0.1 OK for: es-abstract@1.24.1 want: ^1.0.1
1534 silly placeDep ROOT es-set-tostringtag@2.1.0 OK for: es-abstract@1.24.1 want: ^2.1.0
1535 silly placeDep ROOT es-to-primitive@1.3.0 OK for: es-abstract@1.24.1 want: ^1.3.0
1536 silly placeDep ROOT function.prototype.name@1.1.8 OK for: es-abstract@1.24.1 want: ^1.1.8
1537 silly placeDep ROOT get-proto@1.0.1 OK for: es-abstract@1.24.1 want: ^1.0.1
1538 silly placeDep ROOT get-symbol-description@1.1.0 OK for: es-abstract@1.24.1 want: ^1.1.0
1539 silly placeDep ROOT globalthis@1.0.4 OK for: es-abstract@1.24.1 want: ^1.0.4
1540 silly placeDep ROOT has-proto@1.2.0 OK for: es-abstract@1.24.1 want: ^1.2.0
1541 silly placeDep ROOT has-symbols@1.1.0 OK for: es-abstract@1.24.1 want: ^1.1.0
1542 silly placeDep ROOT internal-slot@1.1.0 OK for: es-abstract@1.24.1 want: ^1.1.0
1543 silly placeDep ROOT is-array-buffer@3.0.5 OK for: es-abstract@1.24.1 want: ^3.0.5
1544 silly placeDep ROOT is-callable@1.2.7 OK for: es-abstract@1.24.1 want: ^1.2.7
1545 silly placeDep ROOT is-data-view@1.0.2 OK for: es-abstract@1.24.1 want: ^1.0.2
1546 silly placeDep ROOT is-negative-zero@2.0.3 OK for: es-abstract@1.24.1 want: ^2.0.3
1547 silly placeDep ROOT is-regex@1.2.1 OK for: es-abstract@1.24.1 want: ^1.2.1
1548 silly placeDep ROOT is-set@2.0.3 OK for: es-abstract@1.24.1 want: ^2.0.3
1549 silly placeDep ROOT is-shared-array-buffer@1.0.4 OK for: es-abstract@1.24.1 want: ^1.0.4
1550 silly placeDep ROOT is-typed-array@1.1.15 OK for: es-abstract@1.24.1 want: ^1.1.15
1551 silly placeDep ROOT is-weakref@1.1.1 OK for: es-abstract@1.24.1 want: ^1.1.1
1552 silly placeDep ROOT object-inspect@1.13.4 OK for: es-abstract@1.24.1 want: ^1.13.4
1553 silly placeDep ROOT object.assign@4.1.7 OK for: es-abstract@1.24.1 want: ^4.1.7
1554 silly placeDep ROOT own-keys@1.0.1 OK for: es-abstract@1.24.1 want: ^1.0.1
1555 silly placeDep ROOT regexp.prototype.flags@1.5.4 OK for: es-abstract@1.24.1 want: ^1.5.4
1556 silly placeDep ROOT safe-array-concat@1.1.3 OK for: es-abstract@1.24.1 want: ^1.1.3
1557 silly placeDep ROOT safe-push-apply@1.0.0 OK for: es-abstract@1.24.1 want: ^1.0.0
1558 silly placeDep ROOT safe-regex-test@1.1.0 OK for: es-abstract@1.24.1 want: ^1.1.0
1559 silly placeDep ROOT set-proto@1.0.0 OK for: es-abstract@1.24.1 want: ^1.0.0
1560 silly placeDep ROOT stop-iteration-iterator@1.1.0 OK for: es-abstract@1.24.1 want: ^1.1.0
1561 silly placeDep ROOT string.prototype.trim@1.2.10 OK for: es-abstract@1.24.1 want: ^1.2.10
1562 silly placeDep ROOT string.prototype.trimstart@1.0.8 OK for: es-abstract@1.24.1 want: ^1.0.8
1563 silly placeDep ROOT typed-array-buffer@1.0.3 OK for: es-abstract@1.24.1 want: ^1.0.3
1564 silly placeDep ROOT typed-array-byte-length@1.0.3 OK for: es-abstract@1.24.1 want: ^1.0.3
1565 silly placeDep ROOT typed-array-byte-offset@1.0.4 OK for: es-abstract@1.24.1 want: ^1.0.4
1566 silly placeDep ROOT typed-array-length@1.0.7 OK for: es-abstract@1.24.1 want: ^1.0.7
1567 silly placeDep ROOT unbox-primitive@1.1.0 OK for: es-abstract@1.24.1 want: ^1.1.0
1568 silly placeDep ROOT which-typed-array@1.1.20 OK for: es-abstract@1.24.1 want: ^1.1.19
1569 silly fetch manifest is-array-buffer@^3.0.4
1570 silly packumentCache full:https://registry.npmjs.org/is-array-buffer cache-miss
1571 silly fetch manifest possible-typed-array-names@^1.0.0
1572 silly packumentCache full:https://registry.npmjs.org/possible-typed-array-names cache-miss
1573 silly fetch manifest is-data-view@^1.0.1
1574 silly packumentCache full:https://registry.npmjs.org/is-data-view cache-miss
1575 silly fetch manifest is-date-object@^1.0.5
1576 silly packumentCache full:https://registry.npmjs.org/is-date-object cache-miss
1577 silly fetch manifest is-symbol@^1.0.4
1578 silly packumentCache full:https://registry.npmjs.org/is-symbol cache-miss
1579 silly fetch manifest functions-have-names@^1.2.3
1580 silly packumentCache full:https://registry.npmjs.org/functions-have-names cache-miss
1581 silly fetch manifest dunder-proto@^1.0.1
1582 silly packumentCache full:https://registry.npmjs.org/dunder-proto cache-miss
1583 silly fetch manifest dunder-proto@^1.0.0
1584 silly packumentCache full:https://registry.npmjs.org/dunder-proto cache-miss
1585 silly fetch manifest side-channel@^1.1.0
1586 silly packumentCache full:https://registry.npmjs.org/side-channel cache-miss
1587 http cache https://registry.npmjs.org/is-data-view 6ms (cache hit)
1588 silly packumentCache full:https://registry.npmjs.org/is-data-view set size:13756 disposed:false
1589 silly fetch manifest is-typed-array@^1.1.13
1590 silly packumentCache full:https://registry.npmjs.org/is-typed-array cache-miss
1591 http cache https://registry.npmjs.org/is-array-buffer 7ms (cache hit)
1592 silly packumentCache full:https://registry.npmjs.org/is-array-buffer set size:33562 disposed:false
1593 silly fetch manifest which-typed-array@^1.1.16
1594 silly packumentCache full:https://registry.npmjs.org/which-typed-array cache-miss
1595 http cache https://registry.npmjs.org/is-typed-array 4ms (cache hit)
1596 silly packumentCache full:https://registry.npmjs.org/is-typed-array set size:79965 disposed:false
1597 silly fetch manifest set-function-name@^2.0.2
1598 silly packumentCache full:https://registry.npmjs.org/set-function-name cache-miss
1599 http cache https://registry.npmjs.org/which-typed-array 4ms (cache hit)
1600 silly packumentCache full:https://registry.npmjs.org/which-typed-array set size:93605 disposed:false
1601 silly fetch manifest isarray@^2.0.5
1602 silly packumentCache full:https://registry.npmjs.org/isarray cache-miss
1603 http fetch GET 200 https://registry.npmjs.org/dunder-proto 112ms (cache miss)
1604 silly packumentCache full:https://registry.npmjs.org/dunder-proto set size:undefined disposed:false
1605 silly fetch manifest isarray@^2.0.5
1606 silly packumentCache full:https://registry.npmjs.org/isarray cache-miss
1607 http fetch GET 200 https://registry.npmjs.org/dunder-proto 113ms (cache miss)
1608 silly packumentCache full:https://registry.npmjs.org/dunder-proto set size:undefined disposed:false
1609 silly fetch manifest for-each@^0.3.3
1610 silly packumentCache full:https://registry.npmjs.org/for-each cache-miss
1611 http fetch GET 200 https://registry.npmjs.org/functions-have-names 114ms (cache miss)
1612 silly packumentCache full:https://registry.npmjs.org/functions-have-names set size:undefined disposed:false
1613 silly fetch manifest for-each@^0.3.3
1614 silly packumentCache full:https://registry.npmjs.org/for-each cache-miss
1615 http fetch GET 200 https://registry.npmjs.org/is-date-object 116ms (cache miss)
1616 silly packumentCache full:https://registry.npmjs.org/is-date-object set size:undefined disposed:false
1617 silly fetch manifest reflect.getprototypeof@^1.0.9
1618 silly packumentCache full:https://registry.npmjs.org/reflect.getprototypeof cache-miss
1619 http fetch GET 200 https://registry.npmjs.org/set-function-name 105ms (cache miss)
1620 silly packumentCache full:https://registry.npmjs.org/set-function-name set size:undefined disposed:false
1621 silly fetch manifest for-each@^0.3.3
1622 silly packumentCache full:https://registry.npmjs.org/for-each cache-miss
1623 http fetch GET 200 https://registry.npmjs.org/is-symbol 116ms (cache miss)
1624 silly packumentCache full:https://registry.npmjs.org/is-symbol set size:undefined disposed:false
1625 silly fetch manifest possible-typed-array-names@^1.0.0
1626 silly packumentCache full:https://registry.npmjs.org/possible-typed-array-names cache-miss
1627 http fetch GET 200 https://registry.npmjs.org/side-channel 134ms (cache miss)
1628 silly packumentCache full:https://registry.npmjs.org/side-channel set size:undefined disposed:false
1629 silly fetch manifest reflect.getprototypeof@^1.0.6
1630 silly packumentCache full:https://registry.npmjs.org/reflect.getprototypeof cache-miss
1631 http fetch GET 200 https://registry.npmjs.org/isarray 135ms (cache miss)
1632 silly packumentCache full:https://registry.npmjs.org/isarray set size:undefined disposed:false
1633 silly fetch manifest has-bigints@^1.0.2
1634 silly packumentCache full:https://registry.npmjs.org/has-bigints cache-miss
1635 http fetch GET 200 https://registry.npmjs.org/isarray 114ms (cache miss)
1636 silly packumentCache full:https://registry.npmjs.org/isarray set size:undefined disposed:false
1637 silly fetch manifest which-boxed-primitive@^1.1.1
1638 silly packumentCache full:https://registry.npmjs.org/which-boxed-primitive cache-miss
1639 http fetch GET 200 https://registry.npmjs.org/for-each 115ms (cache miss)
1640 silly packumentCache full:https://registry.npmjs.org/for-each set size:undefined disposed:false
1641 silly fetch manifest for-each@^0.3.5
1642 silly packumentCache full:https://registry.npmjs.org/for-each cache-miss
1643 http fetch GET 200 https://registry.npmjs.org/reflect.getprototypeof 114ms (cache miss)
1644 silly packumentCache full:https://registry.npmjs.org/reflect.getprototypeof set size:undefined disposed:false
1645 http fetch GET 200 https://registry.npmjs.org/for-each 116ms (cache miss)
1646 silly packumentCache full:https://registry.npmjs.org/for-each set size:undefined disposed:false
1647 http fetch GET 200 https://registry.npmjs.org/for-each 114ms (cache miss)
1648 silly packumentCache full:https://registry.npmjs.org/for-each set size:undefined disposed:false
1649 http cache https://registry.npmjs.org/for-each 2ms (cache hit)
1650 silly packumentCache full:https://registry.npmjs.org/for-each set size:14327 disposed:false
1651 http fetch GET 200 https://registry.npmjs.org/reflect.getprototypeof 110ms (cache miss)
1652 silly packumentCache full:https://registry.npmjs.org/reflect.getprototypeof set size:undefined disposed:false
1653 http fetch GET 200 https://registry.npmjs.org/possible-typed-array-names 293ms (cache miss)
1654 silly packumentCache full:https://registry.npmjs.org/possible-typed-array-names set size:undefined disposed:false
1655 http fetch GET 200 https://registry.npmjs.org/has-bigints 264ms (cache miss)
1656 silly packumentCache full:https://registry.npmjs.org/has-bigints set size:undefined disposed:false
1657 http fetch GET 200 https://registry.npmjs.org/possible-typed-array-names 411ms (cache miss)
1658 silly packumentCache full:https://registry.npmjs.org/possible-typed-array-names set size:undefined disposed:false
1659 http fetch GET 200 https://registry.npmjs.org/which-boxed-primitive 182ms (cache miss)
1660 silly packumentCache full:https://registry.npmjs.org/which-boxed-primitive set size:undefined disposed:false
1661 silly placeDep ROOT possible-typed-array-names@1.1.0 OK for: available-typed-arrays@1.0.7 want: ^1.0.0
1662 silly placeDep ROOT has-tostringtag@1.0.2 OK for: es-set-tostringtag@2.1.0 want: ^1.0.2
1663 silly placeDep ROOT is-date-object@1.1.0 OK for: es-to-primitive@1.3.0 want: ^1.0.5
1664 silly placeDep ROOT is-symbol@1.1.1 OK for: es-to-primitive@1.3.0 want: ^1.0.4
1665 silly placeDep node_modules/eslint-module-utils debug@3.2.7 OK for: eslint-module-utils@2.12.1 want: ^3.2.7
1666 silly placeDep ROOT aria-query@5.3.2 OK for: eslint-plugin-jsx-a11y@6.10.2 want: ^5.3.2
1667 silly placeDep ROOT ast-types-flow@0.0.8 OK for: eslint-plugin-jsx-a11y@6.10.2 want: ^0.0.8
1668 silly placeDep ROOT axe-core@4.11.1 OK for: eslint-plugin-jsx-a11y@6.10.2 want: ^4.10.0
1669 silly placeDep ROOT axobject-query@4.1.0 OK for: eslint-plugin-jsx-a11y@6.10.2 want: ^4.1.0
1670 silly placeDep ROOT damerau-levenshtein@1.0.8 OK for: eslint-plugin-jsx-a11y@6.10.2 want: ^1.0.8
1671 silly placeDep ROOT emoji-regex@9.2.2 OK for: eslint-plugin-jsx-a11y@6.10.2 want: ^9.2.2
1672 silly placeDep ROOT jsx-ast-utils@3.3.5 OK for: eslint-plugin-jsx-a11y@6.10.2 want: ^3.3.5
1673 silly placeDep ROOT language-tags@1.0.9 OK for: eslint-plugin-jsx-a11y@6.10.2 want: ^1.0.9
1674 silly placeDep ROOT string.prototype.includes@2.0.1 OK for: eslint-plugin-jsx-a11y@6.10.2 want: ^2.0.1
1675 silly fetch manifest language-subtag-registry@^0.3.20
1676 silly packumentCache full:https://registry.npmjs.org/language-subtag-registry cache-miss
1677 http fetch GET 200 https://registry.npmjs.org/language-subtag-registry 350ms (cache miss)
1678 silly packumentCache full:https://registry.npmjs.org/language-subtag-registry set size:undefined disposed:false
1679 silly placeDep ROOT array.prototype.findlast@1.2.5 OK for: eslint-plugin-react@7.37.5 want: ^1.2.5
1680 silly placeDep ROOT array.prototype.tosorted@1.1.4 OK for: eslint-plugin-react@7.37.5 want: ^1.1.4
1681 silly placeDep node_modules/eslint-plugin-react doctrine@2.1.0 OK for: eslint-plugin-react@7.37.5 want: ^2.1.0
1682 silly placeDep ROOT es-iterator-helpers@1.3.1 OK for: eslint-plugin-react@7.37.5 want: ^1.2.1
1683 silly placeDep ROOT estraverse@5.3.0 OK for: eslint-plugin-react@7.37.5 want: ^5.3.0
1684 silly placeDep ROOT object.entries@1.1.9 OK for: eslint-plugin-react@7.37.5 want: ^1.1.9
1685 silly placeDep ROOT prop-types@15.8.1 OK for: eslint-plugin-react@7.37.5 want: ^15.8.1
1686 silly placeDep node_modules/eslint-plugin-react resolve@2.0.0-next.6 OK for: eslint-plugin-react@7.37.5 want: ^2.0.0-next.5
1687 silly placeDep node_modules/eslint-plugin-react semver@6.3.1 OK for: eslint-plugin-react@7.37.5 want: ^6.3.1
1688 silly placeDep ROOT string.prototype.matchall@4.0.12 OK for: eslint-plugin-react@7.37.5 want: ^4.0.12
1689 silly placeDep ROOT string.prototype.repeat@1.0.0 OK for: eslint-plugin-react@7.37.5 want: ^1.0.0
1690 silly fetch manifest iterator.prototype@^1.1.5
1691 silly packumentCache full:https://registry.npmjs.org/iterator.prototype cache-miss
1692 silly fetch manifest loose-envify@^1.4.0
1693 silly packumentCache full:https://registry.npmjs.org/loose-envify cache-miss
1694 silly fetch manifest object-assign@^4.1.1
1695 silly packumentCache full:https://registry.npmjs.org/object-assign cache-miss
1696 silly fetch manifest react-is@^16.13.1
1697 silly packumentCache full:https://registry.npmjs.org/react-is cache-miss
1698 silly fetch manifest node-exports-info@^1.6.0
1699 silly packumentCache full:https://registry.npmjs.org/node-exports-info cache-miss
1700 http cache https://registry.npmjs.org/loose-envify 3ms (cache hit)
1701 silly packumentCache full:https://registry.npmjs.org/loose-envify set size:12559 disposed:false
1702 http cache https://registry.npmjs.org/react-is 8ms (cache hit)
1703 silly packumentCache full:https://registry.npmjs.org/react-is set size:5297550 disposed:false
1704 http fetch GET 200 https://registry.npmjs.org/iterator.prototype 102ms (cache miss)
1705 silly packumentCache full:https://registry.npmjs.org/iterator.prototype set size:undefined disposed:false
1706 http fetch GET 200 https://registry.npmjs.org/object-assign 132ms (cache miss)
1707 silly packumentCache full:https://registry.npmjs.org/object-assign set size:undefined disposed:false
1708 http fetch GET 200 https://registry.npmjs.org/node-exports-info 133ms (cache miss)
1709 silly packumentCache full:https://registry.npmjs.org/node-exports-info set size:undefined disposed:false
1710 silly placeDep ROOT iterator.prototype@1.1.5 OK for: es-iterator-helpers@1.3.1 want: ^1.1.5
1711 silly placeDep ROOT esrecurse@4.3.0 OK for: eslint-scope@7.2.2 want: ^4.3.0
1712 silly placeDep ROOT acorn@8.16.0 OK for: espree@9.6.1 want: ^8.9.0
1713 silly placeDep ROOT acorn-jsx@5.3.2 OK for: espree@9.6.1 want: ^5.3.2
1714 silly placeDep ROOT reusify@1.1.0 OK for: fastq@1.20.1 want: ^1.0.4
1715 silly placeDep ROOT flat-cache@3.2.0 OK for: file-entry-cache@6.0.1 want: ^3.0.4
1716 silly fetch manifest keyv@^4.5.3
1717 silly packumentCache full:https://registry.npmjs.org/keyv cache-miss
1718 silly fetch manifest rimraf@^3.0.2
1719 silly packumentCache full:https://registry.npmjs.org/rimraf cache-miss
1720 silly fetch manifest flatted@^3.2.9
1721 silly packumentCache full:https://registry.npmjs.org/flatted cache-miss
1722 http fetch GET 200 https://registry.npmjs.org/keyv 409ms (cache miss)
1723 silly packumentCache full:https://registry.npmjs.org/keyv set size:undefined disposed:false
1724 http fetch GET 200 https://registry.npmjs.org/rimraf 567ms (cache miss)
1725 silly packumentCache full:https://registry.npmjs.org/rimraf set size:undefined disposed:false
1726 http fetch GET 200 https://registry.npmjs.org/flatted 603ms (cache miss)
1727 silly packumentCache full:https://registry.npmjs.org/flatted set size:undefined disposed:false
1728 silly placeDep ROOT locate-path@6.0.0 OK for: find-up@5.0.0 want: ^6.0.0
1729 silly placeDep ROOT path-exists@4.0.0 OK for: find-up@5.0.0 want: ^4.0.0
1730 silly fetch manifest p-locate@^5.0.0
1731 silly packumentCache full:https://registry.npmjs.org/p-locate cache-miss
1732 http fetch GET 200 https://registry.npmjs.org/p-locate 87ms (cache miss)
1733 silly packumentCache full:https://registry.npmjs.org/p-locate set size:undefined disposed:false
1734 silly placeDep ROOT flatted@3.4.1 OK for: flat-cache@3.2.0 want: ^3.2.9
1735 silly placeDep ROOT keyv@4.5.4 OK for: flat-cache@3.2.0 want: ^4.5.3
1736 silly placeDep ROOT rimraf@3.0.2 OK for: flat-cache@3.2.0 want: ^3.0.2
1737 silly fetch manifest json-buffer@3.0.1
1738 silly packumentCache full:https://registry.npmjs.org/json-buffer cache-miss
1739 silly fetch manifest glob@^7.1.3
1740 silly packumentCache full:https://registry.npmjs.org/glob cache-miss
1741 http cache https://registry.npmjs.org/glob 5ms (cache hit)
1742 silly packumentCache full:https://registry.npmjs.org/glob set size:469465 disposed:false
1743 http fetch GET 200 https://registry.npmjs.org/json-buffer 84ms (cache miss)
1744 silly packumentCache full:https://registry.npmjs.org/json-buffer set size:undefined disposed:false
1745 silly placeDep ROOT functions-have-names@1.2.3 OK for: function.prototype.name@1.1.8 want: ^1.2.3
1746 silly placeDep ROOT dunder-proto@1.0.1 OK for: get-proto@1.0.1 want: ^1.0.1
1747 silly placeDep ROOT resolve-pkg-maps@1.0.0 OK for: get-tsconfig@4.13.6 want: ^1.0.0
1748 silly placeDep ROOT foreground-child@3.3.1 OK for: glob@10.3.10 want: ^3.1.0
1749 silly placeDep ROOT jackspeak@2.3.6 OK for: glob@10.3.10 want: ^2.3.5
1750 silly placeDep node_modules/glob minimatch@9.0.9 OK for: glob@10.3.10 want: ^9.0.1
1751 silly placeDep ROOT minipass@7.1.3 OK for: glob@10.3.10 want: ^5.0.0 || ^6.0.2 || ^7.0.0
1752 silly placeDep ROOT path-scurry@1.11.1 OK for: glob@10.3.10 want: ^1.10.1
1753 silly fetch manifest signal-exit@^4.0.1
1754 silly packumentCache full:https://registry.npmjs.org/signal-exit cache-miss
1755 silly fetch manifest @isaacs/cliui@^8.0.2
1756 silly packumentCache full:https://registry.npmjs.org/@isaacs%2fcliui cache-miss
1757 silly fetch manifest @pkgjs/parseargs@^0.11.0
1758 silly packumentCache full:https://registry.npmjs.org/@pkgjs%2fparseargs cache-miss
1759 silly fetch manifest brace-expansion@^2.0.2
1760 silly packumentCache full:https://registry.npmjs.org/brace-expansion cache-hit
1761 silly fetch manifest lru-cache@^10.2.0
1762 silly packumentCache full:https://registry.npmjs.org/lru-cache cache-miss
1763 http fetch GET 200 https://registry.npmjs.org/@isaacs%2fcliui 160ms (cache miss)
1764 silly packumentCache full:https://registry.npmjs.org/@isaacs%2fcliui set size:undefined disposed:false
1765 http fetch GET 200 https://registry.npmjs.org/signal-exit 197ms (cache miss)
1766 silly packumentCache full:https://registry.npmjs.org/signal-exit set size:undefined disposed:false
1767 http fetch GET 200 https://registry.npmjs.org/@pkgjs%2fparseargs 280ms (cache miss)
1768 silly packumentCache full:https://registry.npmjs.org/@pkgjs%2fparseargs set size:undefined disposed:false
1769 http fetch GET 200 https://registry.npmjs.org/lru-cache 280ms (cache miss)
1770 silly packumentCache full:https://registry.npmjs.org/lru-cache set size:undefined disposed:false
1771 silly placeDep ROOT signal-exit@4.1.0 OK for: foreground-child@3.3.1 want: ^4.0.1
1772 silly placeDep ROOT type-fest@0.20.2 OK for: globals@13.24.0 want: ^0.20.2
1773 silly placeDep ROOT array-union@2.1.0 OK for: globby@11.1.0 want: ^2.1.0
1774 silly placeDep ROOT dir-glob@3.0.1 OK for: globby@11.1.0 want: ^3.0.1
1775 silly placeDep ROOT fast-glob@3.3.3 OK for: globby@11.1.0 want: ^3.2.9
1776 silly placeDep ROOT merge2@1.4.1 OK for: globby@11.1.0 want: ^1.4.1
1777 silly placeDep ROOT slash@3.0.0 OK for: globby@11.1.0 want: ^3.0.0
1778 silly fetch manifest path-type@^4.0.0
1779 silly packumentCache full:https://registry.npmjs.org/path-type cache-miss
1780 silly fetch manifest glob-parent@^5.1.2
1781 silly packumentCache full:https://registry.npmjs.org/glob-parent cache-miss
1782 silly fetch manifest merge2@^1.3.0
1783 silly packumentCache full:https://registry.npmjs.org/merge2 cache-miss
1784 http cache https://registry.npmjs.org/merge2 4ms (cache hit)
1785 silly packumentCache full:https://registry.npmjs.org/merge2 set size:46159 disposed:false
1786 http cache https://registry.npmjs.org/glob-parent 4ms (cache hit)
1787 silly packumentCache full:https://registry.npmjs.org/glob-parent set size:42445 disposed:false
1788 http fetch GET 200 https://registry.npmjs.org/path-type 100ms (cache miss)
1789 silly packumentCache full:https://registry.npmjs.org/path-type set size:undefined disposed:false
1790 silly placeDep ROOT path-type@4.0.0 OK for: dir-glob@3.0.1 want: ^4.0.0
1791 silly placeDep node_modules/fast-glob glob-parent@5.1.2 OK for: fast-glob@3.3.3 want: ^5.1.2
1792 silly placeDep ROOT micromatch@4.0.8 OK for: fast-glob@3.3.3 want: ^4.0.8
1793 silly fetch manifest braces@^3.0.3
1794 silly packumentCache full:https://registry.npmjs.org/braces cache-miss
1795 silly fetch manifest picomatch@^2.3.1
1796 silly packumentCache full:https://registry.npmjs.org/picomatch cache-miss
1797 http cache https://registry.npmjs.org/picomatch 2ms (cache hit)
1798 silly packumentCache full:https://registry.npmjs.org/picomatch set size:118818 disposed:false
1799 http fetch GET 200 https://registry.npmjs.org/braces 348ms (cache miss)
1800 silly packumentCache full:https://registry.npmjs.org/braces set size:undefined disposed:false
1801 silly placeDep ROOT parent-module@1.0.1 OK for: import-fresh@3.3.1 want: ^1.0.0
1802 silly placeDep ROOT resolve-from@4.0.0 OK for: import-fresh@3.3.1 want: ^4.0.0
1803 silly fetch manifest callsites@^3.0.0
1804 silly packumentCache full:https://registry.npmjs.org/callsites cache-miss
1805 http fetch GET 200 https://registry.npmjs.org/callsites 163ms (cache miss)
1806 silly packumentCache full:https://registry.npmjs.org/callsites set size:undefined disposed:false
1807 silly placeDep ROOT side-channel@1.1.0 OK for: internal-slot@1.1.0 want: ^1.1.0
1808 silly fetch manifest side-channel-list@^1.0.0
1809 silly packumentCache full:https://registry.npmjs.org/side-channel-list cache-miss
1810 silly fetch manifest side-channel-map@^1.0.1
1811 silly packumentCache full:https://registry.npmjs.org/side-channel-map cache-miss
1812 silly fetch manifest side-channel-weakmap@^1.0.2
1813 silly packumentCache full:https://registry.npmjs.org/side-channel-weakmap cache-miss
1814 http fetch GET 200 https://registry.npmjs.org/side-channel-list 117ms (cache miss)
1815 silly packumentCache full:https://registry.npmjs.org/side-channel-list set size:undefined disposed:false
1816 http fetch GET 200 https://registry.npmjs.org/side-channel-weakmap 117ms (cache miss)
1817 silly packumentCache full:https://registry.npmjs.org/side-channel-weakmap set size:undefined disposed:false
1818 http fetch GET 200 https://registry.npmjs.org/side-channel-map 119ms (cache miss)
1819 silly packumentCache full:https://registry.npmjs.org/side-channel-map set size:undefined disposed:false
1820 silly placeDep ROOT is-extglob@2.1.1 OK for: is-glob@4.0.3 want: ^2.1.1
1821 silly placeDep ROOT set-function-name@2.0.2 OK for: iterator.prototype@1.1.5 want: ^2.0.2
1822 silly placeDep ROOT @isaacs/cliui@8.0.2 OK for: jackspeak@2.3.6 want: ^8.0.2
1823 silly placeDep ROOT @pkgjs/parseargs@0.11.0 OK for: jackspeak@2.3.6 want: ^0.11.0
1824 silly fetch manifest wrap-ansi@^8.1.0
1825 silly packumentCache full:https://registry.npmjs.org/wrap-ansi cache-miss
1826 silly fetch manifest strip-ansi@^7.0.1
1827 silly packumentCache full:https://registry.npmjs.org/strip-ansi cache-miss
1828 silly fetch manifest string-width@^5.1.2
1829 silly packumentCache full:https://registry.npmjs.org/string-width cache-miss
1830 silly fetch manifest wrap-ansi-cjs@npm:wrap-ansi@^7.0.0
1831 silly packumentCache full:https://registry.npmjs.org/wrap-ansi cache-miss
1832 silly fetch manifest strip-ansi-cjs@npm:strip-ansi@^6.0.1
1833 silly packumentCache full:https://registry.npmjs.org/strip-ansi cache-miss
1834 silly fetch manifest string-width-cjs@npm:string-width@^4.2.0
1835 silly packumentCache full:https://registry.npmjs.org/string-width cache-miss
1836 http cache https://registry.npmjs.org/strip-ansi 3ms (cache hit)
1837 silly packumentCache full:https://registry.npmjs.org/strip-ansi set size:44998 disposed:false
1838 http cache https://registry.npmjs.org/strip-ansi 3ms (cache hit)
1839 silly packumentCache full:https://registry.npmjs.org/strip-ansi set size:44998 disposed:false
1840 silly packumentCache full:https://registry.npmjs.org/strip-ansi dispose
1841 http fetch GET 200 https://registry.npmjs.org/wrap-ansi 93ms (cache miss)
1842 silly packumentCache full:https://registry.npmjs.org/wrap-ansi set size:undefined disposed:false
1843 http fetch GET 200 https://registry.npmjs.org/wrap-ansi 136ms (cache miss)
1844 silly packumentCache full:https://registry.npmjs.org/wrap-ansi set size:undefined disposed:false
1845 http fetch GET 200 https://registry.npmjs.org/string-width 143ms (cache miss)
1846 silly packumentCache full:https://registry.npmjs.org/string-width set size:undefined disposed:false
1847 http fetch GET 200 https://registry.npmjs.org/string-width 207ms (cache miss)
1848 silly packumentCache full:https://registry.npmjs.org/string-width set size:undefined disposed:false
1849 silly placeDep ROOT string-width@5.1.2 OK for: @isaacs/cliui@8.0.2 want: ^5.1.2
1850 silly placeDep ROOT string-width-cjs@4.2.3 OK for: @isaacs/cliui@8.0.2 want: npm:string-width@^4.2.0
1851 silly placeDep node_modules/@isaacs/cliui strip-ansi@7.2.0 OK for: @isaacs/cliui@8.0.2 want: ^7.0.1
1852 silly placeDep ROOT strip-ansi-cjs@6.0.1 OK for: @isaacs/cliui@8.0.2 want: npm:strip-ansi@^6.0.1
1853 silly placeDep ROOT wrap-ansi@8.1.0 OK for: @isaacs/cliui@8.0.2 want: ^8.1.0
1854 silly placeDep ROOT wrap-ansi-cjs@7.0.0 OK for: @isaacs/cliui@8.0.2 want: npm:wrap-ansi@^7.0.0
1855 silly fetch manifest eastasianwidth@^0.2.0
1856 silly packumentCache full:https://registry.npmjs.org/eastasianwidth cache-miss
1857 silly fetch manifest emoji-regex@^8.0.0
1858 silly packumentCache full:https://registry.npmjs.org/emoji-regex cache-miss
1859 silly fetch manifest is-fullwidth-code-point@^3.0.0
1860 silly packumentCache full:https://registry.npmjs.org/is-fullwidth-code-point cache-miss
1861 silly fetch manifest ansi-regex@^6.2.2
1862 silly packumentCache full:https://registry.npmjs.org/ansi-regex cache-miss
1863 silly fetch manifest ansi-styles@^6.1.0
1864 silly packumentCache full:https://registry.npmjs.org/ansi-styles cache-miss
1865 silly fetch manifest string-width@^4.1.0
1866 silly packumentCache full:https://registry.npmjs.org/string-width cache-miss
1867 http cache https://registry.npmjs.org/ansi-styles 5ms (cache hit)
1868 silly packumentCache full:https://registry.npmjs.org/ansi-styles set size:63233 disposed:false
1869 http cache https://registry.npmjs.org/string-width 6ms (cache hit)
1870 silly packumentCache full:https://registry.npmjs.org/string-width set size:68305 disposed:false
1871 http cache https://registry.npmjs.org/emoji-regex 8ms (cache hit)
1872 silly packumentCache full:https://registry.npmjs.org/emoji-regex set size:89088 disposed:false
1873 http cache https://registry.npmjs.org/ansi-regex 8ms (cache hit)
1874 silly packumentCache full:https://registry.npmjs.org/ansi-regex set size:43572 disposed:false
1875 http fetch GET 200 https://registry.npmjs.org/eastasianwidth 120ms (cache miss)
1876 silly packumentCache full:https://registry.npmjs.org/eastasianwidth set size:undefined disposed:false
1877 http fetch GET 200 https://registry.npmjs.org/is-fullwidth-code-point 148ms (cache miss)
1878 silly packumentCache full:https://registry.npmjs.org/is-fullwidth-code-point set size:undefined disposed:false
1879 silly placeDep ROOT argparse@2.0.1 OK for: js-yaml@4.1.1 want: ^2.0.1
1880 silly placeDep ROOT json-buffer@3.0.1 OK for: keyv@4.5.4 want: 3.0.1
1881 silly placeDep ROOT language-subtag-registry@0.3.23 OK for: language-tags@1.0.9 want: ^0.3.20
1882 silly placeDep ROOT prelude-ls@1.2.1 OK for: levn@0.4.1 want: ^1.2.1
1883 silly placeDep ROOT type-check@0.4.0 OK for: levn@0.4.1 want: ~0.4.0
1884 silly placeDep ROOT p-locate@5.0.0 OK for: locate-path@6.0.0 want: ^5.0.0
1885 silly fetch manifest p-limit@^3.0.2
1886 silly packumentCache full:https://registry.npmjs.org/p-limit cache-miss
1887 http fetch GET 200 https://registry.npmjs.org/p-limit 128ms (cache miss)
1888 silly packumentCache full:https://registry.npmjs.org/p-limit set size:undefined disposed:false
1889 silly placeDep ROOT braces@3.0.3 OK for: micromatch@4.0.8 want: ^3.0.3
1890 silly placeDep ROOT picomatch@2.3.1 OK for: micromatch@4.0.8 want: ^2.3.1
1891 silly fetch manifest fill-range@^7.1.1
1892 silly packumentCache full:https://registry.npmjs.org/fill-range cache-miss
1893 http fetch GET 200 https://registry.npmjs.org/fill-range 102ms (cache miss)
1894 silly packumentCache full:https://registry.npmjs.org/fill-range set size:undefined disposed:false
1895 silly placeDep ROOT fill-range@7.1.1 OK for: braces@3.0.3 want: ^7.1.1
1896 silly fetch manifest to-regex-range@^5.0.1
1897 silly packumentCache full:https://registry.npmjs.org/to-regex-range cache-miss
1898 http fetch GET 200 https://registry.npmjs.org/to-regex-range 73ms (cache miss)
1899 silly packumentCache full:https://registry.npmjs.org/to-regex-range set size:undefined disposed:false
1900 silly placeDep ROOT to-regex-range@5.0.1 OK for: fill-range@7.1.1 want: ^5.0.1
1901 silly fetch manifest is-number@^7.0.0
1902 silly packumentCache full:https://registry.npmjs.org/is-number cache-miss
1903 http fetch GET 200 https://registry.npmjs.org/is-number 74ms (cache miss)
1904 silly packumentCache full:https://registry.npmjs.org/is-number set size:undefined disposed:false
1905 silly placeDep ROOT brace-expansion@1.1.12 OK for: minimatch@3.1.5 want: ^1.1.7
1906 silly fetch manifest concat-map@0.0.1
1907 silly packumentCache full:https://registry.npmjs.org/concat-map cache-miss
1908 silly fetch manifest balanced-match@^1.0.0
1909 silly packumentCache full:https://registry.npmjs.org/balanced-match cache-miss
1910 http fetch GET 200 https://registry.npmjs.org/concat-map 82ms (cache miss)
1911 silly packumentCache full:https://registry.npmjs.org/concat-map set size:undefined disposed:false
1912 http fetch GET 200 https://registry.npmjs.org/balanced-match 134ms (cache miss)
1913 silly packumentCache full:https://registry.npmjs.org/balanced-match set size:undefined disposed:false
1914 silly placeDep ROOT balanced-match@1.0.2 OK for: brace-expansion@1.1.12 want: ^1.0.0
1915 silly placeDep ROOT concat-map@0.0.1 OK for: brace-expansion@1.1.12 want: 0.0.1
1916 silly fetch manifest react@^18.2.0
1917 silly packumentCache full:https://registry.npmjs.org/react cache-miss
1918 http cache https://registry.npmjs.org/react 15ms (cache hit)
1919 silly packumentCache full:https://registry.npmjs.org/react set size:6543561 disposed:false
1920 silly placeDep ROOT @next/env@14.2.5 OK for: next@14.2.5 want: 14.2.5
1921 silly placeDep ROOT @next/swc-darwin-arm64@14.2.5 OK for: next@14.2.5 want: 14.2.5
1922 silly placeDep ROOT @next/swc-darwin-x64@14.2.5 OK for: next@14.2.5 want: 14.2.5
1923 silly placeDep ROOT @next/swc-linux-arm64-gnu@14.2.5 OK for: next@14.2.5 want: 14.2.5
1924 silly placeDep ROOT @next/swc-linux-arm64-musl@14.2.5 OK for: next@14.2.5 want: 14.2.5
1925 silly placeDep ROOT @next/swc-linux-x64-gnu@14.2.5 OK for: next@14.2.5 want: 14.2.5
1926 silly placeDep ROOT @next/swc-linux-x64-musl@14.2.5 OK for: next@14.2.5 want: 14.2.5
1927 silly placeDep ROOT @next/swc-win32-arm64-msvc@14.2.5 OK for: next@14.2.5 want: 14.2.5
1928 silly placeDep ROOT @next/swc-win32-ia32-msvc@14.2.5 OK for: next@14.2.5 want: 14.2.5
1929 silly placeDep ROOT @next/swc-win32-x64-msvc@14.2.5 OK for: next@14.2.5 want: 14.2.5
1930 silly placeDep ROOT @swc/helpers@0.5.5 OK for: next@14.2.5 want: 0.5.5
1931 silly placeDep ROOT busboy@1.6.0 OK for: next@14.2.5 want: 1.6.0
1932 silly placeDep ROOT caniuse-lite@1.0.30001779 OK for: next@14.2.5 want: ^1.0.30001579
1933 silly placeDep ROOT graceful-fs@4.2.11 OK for: next@14.2.5 want: ^4.2.11
1934 silly placeDep node_modules/next postcss@8.4.31 OK for: next@14.2.5 want: 8.4.31
1935 silly placeDep ROOT styled-jsx@5.1.1 OK for: next@14.2.5 want: 5.1.1
1936 silly fetch manifest tslib@^2.4.0
1937 silly packumentCache full:https://registry.npmjs.org/tslib cache-miss
1938 silly fetch manifest @swc/counter@^0.1.3
1939 silly packumentCache full:https://registry.npmjs.org/@swc%2fcounter cache-miss
1940 silly fetch manifest streamsearch@^1.1.0
1941 silly packumentCache full:https://registry.npmjs.org/streamsearch cache-miss
1942 silly fetch manifest nanoid@^3.3.6
1943 silly packumentCache full:https://registry.npmjs.org/nanoid cache-miss
1944 silly fetch manifest picocolors@^1.0.0
1945 silly packumentCache full:https://registry.npmjs.org/picocolors cache-miss
1946 silly fetch manifest source-map-js@^1.0.2
1947 silly packumentCache full:https://registry.npmjs.org/source-map-js cache-miss
1948 silly fetch manifest client-only@0.0.1
1949 silly packumentCache full:https://registry.npmjs.org/client-only cache-miss
1950 http cache https://registry.npmjs.org/source-map-js 2ms (cache hit)
1951 silly packumentCache full:https://registry.npmjs.org/source-map-js set size:62640 disposed:false
1952 http cache https://registry.npmjs.org/picocolors 3ms (cache hit)
1953 silly packumentCache full:https://registry.npmjs.org/picocolors set size:16648 disposed:false
1954 http cache https://registry.npmjs.org/nanoid 3ms (cache hit)
1955 silly packumentCache full:https://registry.npmjs.org/nanoid set size:300313 disposed:false
1956 http fetch GET 200 https://registry.npmjs.org/client-only 90ms (cache miss)
1957 silly packumentCache full:https://registry.npmjs.org/client-only set size:undefined disposed:false
1958 http fetch GET 200 https://registry.npmjs.org/tslib 335ms (cache miss)
1959 silly packumentCache full:https://registry.npmjs.org/tslib set size:undefined disposed:false
1960 http fetch GET 200 https://registry.npmjs.org/streamsearch 403ms (cache miss)
1961 silly packumentCache full:https://registry.npmjs.org/streamsearch set size:undefined disposed:false
1962 http fetch GET 200 https://registry.npmjs.org/@swc%2fcounter 658ms (cache miss)
1963 silly packumentCache full:https://registry.npmjs.org/@swc%2fcounter set size:undefined disposed:false
1964 silly placeDep ROOT @swc/counter@0.1.3 OK for: @swc/helpers@0.5.5 want: ^0.1.3
1965 silly placeDep ROOT tslib@2.8.1 OK for: @swc/helpers@0.5.5 want: ^2.4.0
1966 silly placeDep ROOT streamsearch@1.1.0 OK for: busboy@1.6.0 want: ^1.1.0
1967 silly placeDep ROOT deep-is@0.1.4 OK for: optionator@0.9.4 want: ^0.1.3
1968 silly placeDep ROOT fast-levenshtein@2.0.6 OK for: optionator@0.9.4 want: ^2.0.6
1969 silly placeDep ROOT word-wrap@1.2.5 OK for: optionator@0.9.4 want: ^1.2.5
1970 silly placeDep ROOT p-limit@3.1.0 OK for: p-locate@5.0.0 want: ^3.0.2
1971 silly fetch manifest yocto-queue@^0.1.0
1972 silly packumentCache full:https://registry.npmjs.org/yocto-queue cache-miss
1973 http fetch GET 200 https://registry.npmjs.org/yocto-queue 62ms (cache miss)
1974 silly packumentCache full:https://registry.npmjs.org/yocto-queue set size:undefined disposed:false
1975 silly placeDep ROOT yocto-queue@0.1.0 OK for: p-limit@3.1.0 want: ^0.1.0
1976 silly placeDep ROOT callsites@3.1.0 OK for: parent-module@1.0.1 want: ^3.0.0
1977 silly placeDep ROOT lru-cache@10.4.3 OK for: path-scurry@1.11.1 want: ^10.2.0
1978 silly placeDep ROOT nanoid@3.3.11 OK for: postcss@8.5.8 want: ^3.3.11
1979 silly placeDep ROOT picocolors@1.1.1 OK for: postcss@8.5.8 want: ^1.1.1
1980 silly placeDep ROOT source-map-js@1.2.1 OK for: postcss@8.5.8 want: ^1.2.1
1981 silly placeDep ROOT loose-envify@1.4.0 OK for: prop-types@15.8.1 want: ^1.4.0
1982 silly placeDep ROOT object-assign@4.1.1 OK for: prop-types@15.8.1 want: ^4.1.1
1983 silly placeDep node_modules/prop-types react-is@16.13.1 OK for: prop-types@15.8.1 want: ^16.13.1
1984 silly fetch manifest js-tokens@^3.0.0 || ^4.0.0
1985 silly packumentCache full:https://registry.npmjs.org/js-tokens cache-miss
1986 http fetch GET 200 https://registry.npmjs.org/js-tokens 121ms (cache miss)
1987 silly packumentCache full:https://registry.npmjs.org/js-tokens set size:undefined disposed:false
1988 silly placeDep ROOT js-tokens@4.0.0 OK for: loose-envify@1.4.0 want: ^3.0.0 || ^4.0.0
1989 silly placeDep ROOT scheduler@0.23.2 OK for: react-dom@18.3.1 want: ^0.23.2
1990 silly placeDep ROOT path-parse@1.0.7 OK for: resolve@1.22.11 want: ^1.0.7
1991 silly placeDep ROOT supports-preserve-symlinks-flag@1.0.0 OK for: resolve@1.22.11 want: ^1.0.0
1992 silly placeDep node_modules/rimraf glob@7.2.3 OK for: rimraf@3.0.2 want: ^7.1.3
1993 silly fetch manifest once@^1.3.0
1994 silly packumentCache full:https://registry.npmjs.org/once cache-miss
1995 silly fetch manifest inflight@^1.0.4
1996 silly packumentCache full:https://registry.npmjs.org/inflight cache-miss
1997 silly fetch manifest inherits@2
1998 silly packumentCache full:https://registry.npmjs.org/inherits cache-miss
1999 silly fetch manifest fs.realpath@^1.0.0
2000 silly packumentCache full:https://registry.npmjs.org/fs.realpath cache-miss
2001 silly fetch manifest path-is-absolute@^1.0.0
2002 silly packumentCache full:https://registry.npmjs.org/path-is-absolute cache-miss
2003 http fetch GET 200 https://registry.npmjs.org/fs.realpath 111ms (cache miss)
2004 silly packumentCache full:https://registry.npmjs.org/fs.realpath set size:undefined disposed:false
2005 http fetch GET 200 https://registry.npmjs.org/inflight 123ms (cache miss)
2006 silly packumentCache full:https://registry.npmjs.org/inflight set size:undefined disposed:false
2007 http fetch GET 200 https://registry.npmjs.org/once 124ms (cache miss)
2008 silly packumentCache full:https://registry.npmjs.org/once set size:undefined disposed:false
2009 http fetch GET 200 https://registry.npmjs.org/inherits 137ms (cache miss)
2010 silly packumentCache full:https://registry.npmjs.org/inherits set size:undefined disposed:false
2011 http fetch GET 200 https://registry.npmjs.org/path-is-absolute 139ms (cache miss)
2012 silly packumentCache full:https://registry.npmjs.org/path-is-absolute set size:undefined disposed:false
2013 silly placeDep ROOT queue-microtask@1.2.3 OK for: run-parallel@1.2.0 want: ^1.2.2
2014 silly placeDep ROOT isarray@2.0.5 OK for: safe-array-concat@1.1.3 want: ^2.0.5
2015 silly placeDep ROOT shebang-regex@3.0.0 OK for: shebang-command@2.0.0 want: ^3.0.0
2016 silly placeDep ROOT side-channel-list@1.0.0 OK for: side-channel@1.1.0 want: ^1.0.0
2017 silly placeDep ROOT side-channel-map@1.0.1 OK for: side-channel@1.1.0 want: ^1.0.1
2018 silly placeDep ROOT side-channel-weakmap@1.0.2 OK for: side-channel@1.1.0 want: ^1.0.2
2019 silly placeDep ROOT eastasianwidth@0.2.0 OK for: string-width@5.1.2 want: ^0.2.0
2020 silly placeDep node_modules/string-width strip-ansi@7.2.0 OK for: string-width@5.1.2 want: ^7.0.1
2021 silly placeDep node_modules/string-width-cjs emoji-regex@8.0.0 OK for: string-width@4.2.3 want: ^8.0.0
2022 silly placeDep ROOT is-fullwidth-code-point@3.0.0 OK for: string-width@4.2.3 want: ^3.0.0
2023 silly placeDep ROOT ansi-regex@5.0.1 OK for: strip-ansi@6.0.1 want: ^5.0.1
2024 silly placeDep ROOT client-only@0.0.1 OK for: styled-jsx@5.1.1 want: 0.0.1
2025 silly placeDep ROOT has-flag@4.0.0 OK for: supports-color@7.2.0 want: ^4.0.0
2026 silly fetch manifest postcss@^8.4.47
2027 silly packumentCache full:https://registry.npmjs.org/postcss cache-hit
2028 silly fetch manifest tsx@^4.8.1
2029 silly packumentCache full:https://registry.npmjs.org/tsx cache-miss
2030 http fetch GET 200 https://registry.npmjs.org/tsx 710ms (cache miss)
2031 silly packumentCache full:https://registry.npmjs.org/tsx set size:undefined disposed:false
2032 silly fetch manifest yaml@^2.4.2
2033 silly packumentCache full:https://registry.npmjs.org/yaml cache-miss
2034 http fetch GET 200 https://registry.npmjs.org/yaml 772ms (cache miss)
2035 silly packumentCache full:https://registry.npmjs.org/yaml set size:undefined disposed:false
2036 silly placeDep ROOT @alloc/quick-lru@5.2.0 OK for: tailwindcss@3.4.19 want: ^5.2.0
2037 silly placeDep ROOT arg@5.0.2 OK for: tailwindcss@3.4.19 want: ^5.0.2
2038 silly placeDep ROOT chokidar@3.6.0 OK for: tailwindcss@3.4.19 want: ^3.6.0
2039 silly placeDep ROOT didyoumean@1.2.2 OK for: tailwindcss@3.4.19 want: ^1.2.2
2040 silly placeDep ROOT dlv@1.1.3 OK for: tailwindcss@3.4.19 want: ^1.1.3
2041 silly placeDep ROOT jiti@1.21.7 OK for: tailwindcss@3.4.19 want: ^1.21.7
2042 silly placeDep ROOT lilconfig@3.1.3 OK for: tailwindcss@3.4.19 want: ^3.1.3
2043 silly placeDep ROOT normalize-path@3.0.0 OK for: tailwindcss@3.4.19 want: ^3.0.0
2044 silly placeDep ROOT object-hash@3.0.0 OK for: tailwindcss@3.4.19 want: ^3.0.0
2045 silly placeDep ROOT postcss-import@15.1.0 OK for: tailwindcss@3.4.19 want: ^15.1.0
2046 silly placeDep ROOT postcss-js@4.1.0 OK for: tailwindcss@3.4.19 want: ^4.0.1
2047 silly placeDep ROOT postcss-load-config@6.0.1 OK for: tailwindcss@3.4.19 want: ^4.0.2 || ^5.0 || ^6.0
2048 silly placeDep ROOT postcss-nested@6.2.0 OK for: tailwindcss@3.4.19 want: ^6.2.0
2049 silly placeDep ROOT postcss-selector-parser@6.1.2 OK for: tailwindcss@3.4.19 want: ^6.1.2
2050 silly placeDep ROOT sucrase@3.35.1 OK for: tailwindcss@3.4.19 want: ^3.35.0
2051 silly fetch manifest anymatch@~3.1.2
2052 silly packumentCache full:https://registry.npmjs.org/anymatch cache-miss
2053 silly fetch manifest readdirp@~3.6.0
2054 silly packumentCache full:https://registry.npmjs.org/readdirp cache-miss
2055 silly fetch manifest glob-parent@~5.1.2
2056 silly packumentCache full:https://registry.npmjs.org/glob-parent cache-hit
2057 silly fetch manifest is-binary-path@~2.1.0
2058 silly packumentCache full:https://registry.npmjs.org/is-binary-path cache-miss
2059 silly fetch manifest normalize-path@~3.0.0
2060 silly packumentCache full:https://registry.npmjs.org/normalize-path cache-miss
2061 silly fetch manifest fsevents@~2.3.2
2062 silly packumentCache full:https://registry.npmjs.org/fsevents cache-miss
2063 silly fetch manifest read-cache@^1.0.0
2064 silly packumentCache full:https://registry.npmjs.org/read-cache cache-miss
2065 silly fetch manifest postcss-value-parser@^4.0.0
2066 silly packumentCache full:https://registry.npmjs.org/postcss-value-parser cache-miss
2067 silly fetch manifest camelcase-css@^2.0.1
2068 silly packumentCache full:https://registry.npmjs.org/camelcase-css cache-miss
2069 silly fetch manifest postcss-selector-parser@^6.1.1
2070 silly packumentCache full:https://registry.npmjs.org/postcss-selector-parser cache-miss
2071 http cache https://registry.npmjs.org/normalize-path 6ms (cache hit)
2072 silly packumentCache full:https://registry.npmjs.org/normalize-path set size:28713 disposed:false
2073 silly fetch manifest cssesc@^3.0.0
2074 silly packumentCache full:https://registry.npmjs.org/cssesc cache-miss
2075 http cache https://registry.npmjs.org/postcss-selector-parser 6ms (cache hit)
2076 silly packumentCache full:https://registry.npmjs.org/postcss-selector-parser set size:177140 disposed:false
2077 silly fetch manifest util-deprecate@^1.0.2
2078 silly packumentCache full:https://registry.npmjs.org/util-deprecate cache-miss
2079 http fetch GET 200 https://registry.npmjs.org/read-cache 159ms (cache miss)
2080 silly packumentCache full:https://registry.npmjs.org/read-cache set size:undefined disposed:false
2081 silly fetch manifest @jridgewell/gen-mapping@^0.3.2
2082 silly packumentCache full:https://registry.npmjs.org/@jridgewell%2fgen-mapping cache-miss
2083 http fetch GET 200 https://registry.npmjs.org/camelcase-css 269ms (cache miss)
2084 silly packumentCache full:https://registry.npmjs.org/camelcase-css set size:undefined disposed:false
2085 silly fetch manifest commander@^4.0.0
2086 silly packumentCache full:https://registry.npmjs.org/commander cache-miss
2087 http fetch GET 200 https://registry.npmjs.org/util-deprecate 261ms (cache miss)
2088 silly packumentCache full:https://registry.npmjs.org/util-deprecate set size:undefined disposed:false
2089 silly fetch manifest lines-and-columns@^1.1.6
2090 silly packumentCache full:https://registry.npmjs.org/lines-and-columns cache-miss
2091 http fetch GET 200 https://registry.npmjs.org/anymatch 273ms (cache miss)
2092 silly packumentCache full:https://registry.npmjs.org/anymatch set size:undefined disposed:false
2093 silly fetch manifest mz@^2.7.0
2094 silly packumentCache full:https://registry.npmjs.org/mz cache-miss
2095 http fetch GET 200 https://registry.npmjs.org/cssesc 266ms (cache miss)
2096 silly packumentCache full:https://registry.npmjs.org/cssesc set size:undefined disposed:false
2097 silly fetch manifest pirates@^4.0.1
2098 silly packumentCache full:https://registry.npmjs.org/pirates cache-miss
2099 http fetch GET 200 https://registry.npmjs.org/readdirp 275ms (cache miss)
2100 silly packumentCache full:https://registry.npmjs.org/readdirp set size:undefined disposed:false
2101 silly fetch manifest ts-interface-checker@^0.1.9
2102 silly packumentCache full:https://registry.npmjs.org/ts-interface-checker cache-miss
2103 http fetch GET 200 https://registry.npmjs.org/fsevents 314ms (cache miss)
2104 silly packumentCache full:https://registry.npmjs.org/fsevents set size:undefined disposed:false
2105 http fetch GET 200 https://registry.npmjs.org/postcss-value-parser 316ms (cache miss)
2106 silly packumentCache full:https://registry.npmjs.org/postcss-value-parser set size:undefined disposed:false
2107 http fetch GET 200 https://registry.npmjs.org/@jridgewell%2fgen-mapping 157ms (cache miss)
2108 silly packumentCache full:https://registry.npmjs.org/@jridgewell%2fgen-mapping set size:undefined disposed:false
2109 http fetch GET 200 https://registry.npmjs.org/is-binary-path 479ms (cache miss)
2110 silly packumentCache full:https://registry.npmjs.org/is-binary-path set size:undefined disposed:false
2111 http fetch GET 200 https://registry.npmjs.org/pirates 258ms (cache miss)
2112 silly packumentCache full:https://registry.npmjs.org/pirates set size:undefined disposed:false
2113 http fetch GET 200 https://registry.npmjs.org/ts-interface-checker 258ms (cache miss)
2114 silly packumentCache full:https://registry.npmjs.org/ts-interface-checker set size:undefined disposed:false
2115 http fetch GET 200 https://registry.npmjs.org/lines-and-columns 382ms (cache miss)
2116 silly packumentCache full:https://registry.npmjs.org/lines-and-columns set size:undefined disposed:false
2117 http fetch GET 200 https://registry.npmjs.org/commander 615ms (cache miss)
2118 silly packumentCache full:https://registry.npmjs.org/commander set size:undefined disposed:false
2119 http fetch GET 200 https://registry.npmjs.org/mz 899ms (cache miss)
2120 silly packumentCache full:https://registry.npmjs.org/mz set size:undefined disposed:false
2121 silly placeDep ROOT anymatch@3.1.3 OK for: chokidar@3.6.0 want: ~3.1.2
2122 silly placeDep ROOT fsevents@2.3.3 OK for: chokidar@3.6.0 want: ~2.3.2
2123 silly placeDep node_modules/chokidar glob-parent@5.1.2 OK for: chokidar@3.6.0 want: ~5.1.2
2124 silly placeDep ROOT is-binary-path@2.1.0 OK for: chokidar@3.6.0 want: ~2.1.0
2125 silly placeDep ROOT readdirp@3.6.0 OK for: chokidar@3.6.0 want: ~3.6.0
2126 silly fetch manifest binary-extensions@^2.0.0
2127 silly packumentCache full:https://registry.npmjs.org/binary-extensions cache-miss
2128 http fetch GET 200 https://registry.npmjs.org/binary-extensions 117ms (cache miss)
2129 silly packumentCache full:https://registry.npmjs.org/binary-extensions set size:undefined disposed:false
2130 silly placeDep ROOT binary-extensions@2.3.0 OK for: is-binary-path@2.1.0 want: ^2.0.0
2131 silly placeDep ROOT postcss-value-parser@4.2.0 OK for: postcss-import@15.1.0 want: ^4.0.0
2132 silly placeDep ROOT read-cache@1.0.0 OK for: postcss-import@15.1.0 want: ^1.0.0
2133 silly fetch manifest pify@^2.3.0
2134 silly packumentCache full:https://registry.npmjs.org/pify cache-miss
2135 http fetch GET 200 https://registry.npmjs.org/pify 170ms (cache miss)
2136 silly packumentCache full:https://registry.npmjs.org/pify set size:undefined disposed:false
2137 silly placeDep ROOT camelcase-css@2.0.1 OK for: postcss-js@4.1.0 want: ^2.0.1
2138 silly placeDep ROOT cssesc@3.0.0 OK for: postcss-selector-parser@6.1.2 want: ^3.0.0
2139 silly placeDep ROOT util-deprecate@1.0.2 OK for: postcss-selector-parser@6.1.2 want: ^1.0.2
2140 silly placeDep ROOT pify@2.3.0 OK for: read-cache@1.0.0 want: ^2.3.0
2141 silly placeDep ROOT @jridgewell/gen-mapping@0.3.13 OK for: sucrase@3.35.1 want: ^0.3.2
2142 silly placeDep ROOT commander@4.1.1 OK for: sucrase@3.35.1 want: ^4.0.0
2143 silly placeDep ROOT lines-and-columns@1.2.4 OK for: sucrase@3.35.1 want: ^1.1.6
2144 silly placeDep ROOT mz@2.7.0 OK for: sucrase@3.35.1 want: ^2.7.0
2145 silly placeDep ROOT pirates@4.0.7 OK for: sucrase@3.35.1 want: ^4.0.1
2146 silly placeDep ROOT ts-interface-checker@0.1.13 OK for: sucrase@3.35.1 want: ^0.1.9
2147 silly fetch manifest @jridgewell/sourcemap-codec@^1.5.0
2148 silly packumentCache full:https://registry.npmjs.org/@jridgewell%2fsourcemap-codec cache-miss
2149 silly fetch manifest @jridgewell/trace-mapping@^0.3.24
2150 silly packumentCache full:https://registry.npmjs.org/@jridgewell%2ftrace-mapping cache-miss
2151 silly fetch manifest any-promise@^1.0.0
2152 silly packumentCache full:https://registry.npmjs.org/any-promise cache-miss
2153 silly fetch manifest thenify-all@^1.0.0
2154 silly packumentCache full:https://registry.npmjs.org/thenify-all cache-miss
2155 http fetch GET 200 https://registry.npmjs.org/thenify-all 70ms (cache miss)
2156 silly packumentCache full:https://registry.npmjs.org/thenify-all set size:undefined disposed:false
2157 http fetch GET 200 https://registry.npmjs.org/any-promise 124ms (cache miss)
2158 silly packumentCache full:https://registry.npmjs.org/any-promise set size:undefined disposed:false
2159 http fetch GET 200 https://registry.npmjs.org/@jridgewell%2fsourcemap-codec 125ms (cache miss)
2160 silly packumentCache full:https://registry.npmjs.org/@jridgewell%2fsourcemap-codec set size:undefined disposed:false
2161 http fetch GET 200 https://registry.npmjs.org/@jridgewell%2ftrace-mapping 450ms (cache miss)
2162 silly packumentCache full:https://registry.npmjs.org/@jridgewell%2ftrace-mapping set size:undefined disposed:false
2163 silly placeDep ROOT @jridgewell/sourcemap-codec@1.5.5 OK for: @jridgewell/gen-mapping@0.3.13 want: ^1.5.0
2164 silly placeDep ROOT @jridgewell/trace-mapping@0.3.31 OK for: @jridgewell/gen-mapping@0.3.13 want: ^0.3.24
2165 silly fetch manifest @jridgewell/resolve-uri@^3.1.0
2166 silly packumentCache full:https://registry.npmjs.org/@jridgewell%2fresolve-uri cache-miss
2167 http fetch GET 200 https://registry.npmjs.org/@jridgewell%2fresolve-uri 276ms (cache miss)
2168 silly packumentCache full:https://registry.npmjs.org/@jridgewell%2fresolve-uri set size:undefined disposed:false
2169 silly placeDep ROOT @jridgewell/resolve-uri@3.1.2 OK for: @jridgewell/trace-mapping@0.3.31 want: ^3.1.0
2170 silly placeDep ROOT any-promise@1.3.0 OK for: mz@2.7.0 want: ^1.0.0
2171 silly placeDep ROOT thenify-all@1.6.0 OK for: mz@2.7.0 want: ^1.0.0
2172 silly fetch manifest thenify@>= 3.1.0 < 4
2173 silly packumentCache full:https://registry.npmjs.org/thenify cache-miss
2174 http fetch GET 200 https://registry.npmjs.org/thenify 94ms (cache miss)
2175 silly packumentCache full:https://registry.npmjs.org/thenify set size:undefined disposed:false
2176 silly placeDep ROOT thenify@3.3.1 OK for: thenify-all@1.6.0 want: >= 3.1.0 < 4
2177 silly placeDep node_modules/tinyglobby fdir@6.5.0 OK for: tinyglobby@0.2.15 want: ^6.5.0
2178 silly placeDep node_modules/tinyglobby picomatch@4.0.3 OK for: fdir@6.5.0 want: ^3 || ^4
2179 silly placeDep ROOT is-number@7.0.0 OK for: to-regex-range@5.0.1 want: ^7.0.0
2180 silly placeDep ROOT @types/json5@0.0.29 OK for: tsconfig-paths@3.15.0 want: ^0.0.29
2181 silly placeDep ROOT json5@1.0.2 OK for: tsconfig-paths@3.15.0 want: ^1.0.2
2182 silly placeDep ROOT minimist@1.2.8 OK for: tsconfig-paths@3.15.0 want: ^1.2.6
2183 silly placeDep ROOT strip-bom@3.0.0 OK for: tsconfig-paths@3.15.0 want: ^3.0.0
2184 silly fetch manifest minimist@^1.2.0
2185 silly packumentCache full:https://registry.npmjs.org/minimist cache-miss
2186 http cache https://registry.npmjs.org/minimist 2ms (cache hit)
2187 silly packumentCache full:https://registry.npmjs.org/minimist set size:77063 disposed:false
2188 silly placeDep ROOT for-each@0.3.5 OK for: typed-array-byte-length@1.0.3 want: ^0.3.3
2189 silly placeDep ROOT reflect.getprototypeof@1.0.10 OK for: typed-array-byte-offset@1.0.4 want: ^1.0.9
2190 silly fetch manifest which-builtin-type@^1.2.1
2191 silly packumentCache full:https://registry.npmjs.org/which-builtin-type cache-miss
2192 http fetch GET 200 https://registry.npmjs.org/which-builtin-type 116ms (cache miss)
2193 silly packumentCache full:https://registry.npmjs.org/which-builtin-type set size:undefined disposed:false
2194 silly placeDep ROOT which-builtin-type@1.2.1 OK for: reflect.getprototypeof@1.0.10 want: ^1.2.1
2195 silly fetch manifest is-async-function@^2.0.0
2196 silly packumentCache full:https://registry.npmjs.org/is-async-function cache-miss
2197 silly fetch manifest is-finalizationregistry@^1.1.0
2198 silly packumentCache full:https://registry.npmjs.org/is-finalizationregistry cache-miss
2199 silly fetch manifest is-generator-function@^1.0.10
2200 silly packumentCache full:https://registry.npmjs.org/is-generator-function cache-miss
2201 silly fetch manifest which-boxed-primitive@^1.1.0
2202 silly packumentCache full:https://registry.npmjs.org/which-boxed-primitive cache-miss
2203 silly fetch manifest which-collection@^1.0.2
2204 silly packumentCache full:https://registry.npmjs.org/which-collection cache-miss
2205 http cache https://registry.npmjs.org/which-boxed-primitive 4ms (cache hit)
2206 silly packumentCache full:https://registry.npmjs.org/which-boxed-primitive set size:19407 disposed:false
2207 http fetch GET 200 https://registry.npmjs.org/is-generator-function 144ms (cache miss)
2208 silly packumentCache full:https://registry.npmjs.org/is-generator-function set size:undefined disposed:false
2209 http fetch GET 200 https://registry.npmjs.org/is-finalizationregistry 454ms (cache miss)
2210 silly packumentCache full:https://registry.npmjs.org/is-finalizationregistry set size:undefined disposed:false
2211 http fetch GET 200 https://registry.npmjs.org/which-collection 454ms (cache miss)
2212 silly packumentCache full:https://registry.npmjs.org/which-collection set size:undefined disposed:false
2213 http fetch GET 200 https://registry.npmjs.org/is-async-function 465ms (cache miss)
2214 silly packumentCache full:https://registry.npmjs.org/is-async-function set size:undefined disposed:false
2215 silly placeDep ROOT has-bigints@1.1.0 OK for: unbox-primitive@1.1.0 want: ^1.0.2
2216 silly placeDep ROOT which-boxed-primitive@1.1.1 OK for: unbox-primitive@1.1.0 want: ^1.1.1
2217 silly fetch manifest is-bigint@^1.1.0
2218 silly packumentCache full:https://registry.npmjs.org/is-bigint cache-miss
2219 silly fetch manifest is-boolean-object@^1.2.1
2220 silly packumentCache full:https://registry.npmjs.org/is-boolean-object cache-miss
2221 silly fetch manifest is-number-object@^1.1.1
2222 silly packumentCache full:https://registry.npmjs.org/is-number-object cache-miss
2223 http fetch GET 200 https://registry.npmjs.org/is-bigint 200ms (cache miss)
2224 silly packumentCache full:https://registry.npmjs.org/is-bigint set size:undefined disposed:false
2225 http fetch GET 200 https://registry.npmjs.org/is-boolean-object 411ms (cache miss)
2226 silly packumentCache full:https://registry.npmjs.org/is-boolean-object set size:undefined disposed:false
2227 http fetch GET 200 https://registry.npmjs.org/is-number-object 454ms (cache miss)
2228 silly packumentCache full:https://registry.npmjs.org/is-number-object set size:undefined disposed:false
2229 silly placeDep ROOT @unrs/resolver-binding-android-arm-eabi@1.11.1 OK for: unrs-resolver@1.11.1 want: 1.11.1
2230 silly placeDep ROOT @unrs/resolver-binding-android-arm64@1.11.1 OK for: unrs-resolver@1.11.1 want: 1.11.1
2231 silly placeDep ROOT @unrs/resolver-binding-darwin-arm64@1.11.1 OK for: unrs-resolver@1.11.1 want: 1.11.1
2232 silly placeDep ROOT @unrs/resolver-binding-darwin-x64@1.11.1 OK for: unrs-resolver@1.11.1 want: 1.11.1
2233 silly placeDep ROOT @unrs/resolver-binding-freebsd-x64@1.11.1 OK for: unrs-resolver@1.11.1 want: 1.11.1
2234 silly placeDep ROOT @unrs/resolver-binding-linux-arm-gnueabihf@1.11.1 OK for: unrs-resolver@1.11.1 want: 1.11.1
2235 silly placeDep ROOT @unrs/resolver-binding-linux-arm-musleabihf@1.11.1 OK for: unrs-resolver@1.11.1 want: 1.11.1
2236 silly placeDep ROOT @unrs/resolver-binding-linux-arm64-gnu@1.11.1 OK for: unrs-resolver@1.11.1 want: 1.11.1
2237 silly placeDep ROOT @unrs/resolver-binding-linux-arm64-musl@1.11.1 OK for: unrs-resolver@1.11.1 want: 1.11.1
2238 silly placeDep ROOT @unrs/resolver-binding-linux-ppc64-gnu@1.11.1 OK for: unrs-resolver@1.11.1 want: 1.11.1
2239 silly placeDep ROOT @unrs/resolver-binding-linux-riscv64-gnu@1.11.1 OK for: unrs-resolver@1.11.1 want: 1.11.1
2240 silly placeDep ROOT @unrs/resolver-binding-linux-riscv64-musl@1.11.1 OK for: unrs-resolver@1.11.1 want: 1.11.1
2241 silly placeDep ROOT @unrs/resolver-binding-linux-s390x-gnu@1.11.1 OK for: unrs-resolver@1.11.1 want: 1.11.1
2242 silly placeDep ROOT @unrs/resolver-binding-linux-x64-gnu@1.11.1 OK for: unrs-resolver@1.11.1 want: 1.11.1
2243 silly placeDep ROOT @unrs/resolver-binding-linux-x64-musl@1.11.1 OK for: unrs-resolver@1.11.1 want: 1.11.1
2244 silly placeDep ROOT @unrs/resolver-binding-wasm32-wasi@1.11.1 OK for: unrs-resolver@1.11.1 want: 1.11.1
2245 silly placeDep ROOT @unrs/resolver-binding-win32-arm64-msvc@1.11.1 OK for: unrs-resolver@1.11.1 want: 1.11.1
2246 silly placeDep ROOT @unrs/resolver-binding-win32-ia32-msvc@1.11.1 OK for: unrs-resolver@1.11.1 want: 1.11.1
2247 silly placeDep ROOT @unrs/resolver-binding-win32-x64-msvc@1.11.1 OK for: unrs-resolver@1.11.1 want: 1.11.1
2248 silly placeDep ROOT napi-postinstall@0.3.4 OK for: unrs-resolver@1.11.1 want: ^0.3.0
2249 silly fetch manifest @napi-rs/wasm-runtime@^0.2.11
2250 silly packumentCache full:https://registry.npmjs.org/@napi-rs%2fwasm-runtime cache-miss
2251 http fetch GET 200 https://registry.npmjs.org/@napi-rs%2fwasm-runtime 414ms (cache miss)
2252 silly packumentCache full:https://registry.npmjs.org/@napi-rs%2fwasm-runtime set size:undefined disposed:false
2253 silly placeDep ROOT @napi-rs/wasm-runtime@0.2.12 OK for: @unrs/resolver-binding-wasm32-wasi@1.11.1 want: ^0.2.11
2254 silly fetch manifest @emnapi/core@^1.4.3
2255 silly packumentCache full:https://registry.npmjs.org/@emnapi%2fcore cache-miss
2256 silly fetch manifest @emnapi/runtime@^1.4.3
2257 silly packumentCache full:https://registry.npmjs.org/@emnapi%2fruntime cache-miss
2258 silly fetch manifest @tybys/wasm-util@^0.10.0
2259 silly packumentCache full:https://registry.npmjs.org/@tybys%2fwasm-util cache-miss
2260 http fetch GET 200 https://registry.npmjs.org/@emnapi%2fruntime 222ms (cache miss)
2261 silly packumentCache full:https://registry.npmjs.org/@emnapi%2fruntime set size:undefined disposed:false
2262 http fetch GET 200 https://registry.npmjs.org/@emnapi%2fcore 285ms (cache miss)
2263 silly packumentCache full:https://registry.npmjs.org/@emnapi%2fcore set size:undefined disposed:false
2264 http fetch GET 200 https://registry.npmjs.org/@tybys%2fwasm-util 962ms (cache miss)
2265 silly packumentCache full:https://registry.npmjs.org/@tybys%2fwasm-util set size:undefined disposed:false
2266 silly placeDep ROOT @emnapi/core@1.9.0 OK for: @napi-rs/wasm-runtime@0.2.12 want: ^1.4.3
2267 silly placeDep ROOT @emnapi/runtime@1.9.0 OK for: @napi-rs/wasm-runtime@0.2.12 want: ^1.4.3
2268 silly placeDep ROOT @tybys/wasm-util@0.10.1 OK for: @napi-rs/wasm-runtime@0.2.12 want: ^0.10.0
2269 silly fetch manifest @emnapi/wasi-threads@1.2.0
2270 silly packumentCache full:https://registry.npmjs.org/@emnapi%2fwasi-threads cache-miss
2271 http fetch GET 200 https://registry.npmjs.org/@emnapi%2fwasi-threads 190ms (cache miss)
2272 silly packumentCache full:https://registry.npmjs.org/@emnapi%2fwasi-threads set size:undefined disposed:false
2273 silly placeDep ROOT @emnapi/wasi-threads@1.2.0 OK for: @emnapi/core@1.9.0 want: 1.2.0
2274 silly placeDep ROOT punycode@2.3.1 OK for: uri-js@4.4.1 want: ^2.1.0
2275 silly placeDep ROOT isexe@2.0.0 OK for: which@2.0.2 want: ^2.0.0
2276 silly placeDep ROOT is-bigint@1.1.0 OK for: which-boxed-primitive@1.1.1 want: ^1.1.0
2277 silly placeDep ROOT is-boolean-object@1.2.2 OK for: which-boxed-primitive@1.1.1 want: ^1.2.1
2278 silly placeDep ROOT is-number-object@1.1.1 OK for: which-boxed-primitive@1.1.1 want: ^1.1.1
2279 silly placeDep ROOT is-async-function@2.1.1 OK for: which-builtin-type@1.2.1 want: ^2.0.0
2280 silly placeDep ROOT is-finalizationregistry@1.1.1 OK for: which-builtin-type@1.2.1 want: ^1.1.0
2281 silly placeDep ROOT is-generator-function@1.1.2 OK for: which-builtin-type@1.2.1 want: ^1.0.10
2282 silly placeDep ROOT which-collection@1.0.2 OK for: which-builtin-type@1.2.1 want: ^1.0.2
2283 silly fetch manifest async-function@^1.0.0
2284 silly packumentCache full:https://registry.npmjs.org/async-function cache-miss
2285 silly fetch manifest generator-function@^2.0.0
2286 silly packumentCache full:https://registry.npmjs.org/generator-function cache-miss
2287 silly fetch manifest is-map@^2.0.3
2288 silly packumentCache full:https://registry.npmjs.org/is-map cache-miss
2289 silly fetch manifest is-weakmap@^2.0.2
2290 silly packumentCache full:https://registry.npmjs.org/is-weakmap cache-miss
2291 silly fetch manifest is-weakset@^2.0.3
2292 silly packumentCache full:https://registry.npmjs.org/is-weakset cache-miss
2293 http fetch GET 200 https://registry.npmjs.org/async-function 78ms (cache miss)
2294 silly packumentCache full:https://registry.npmjs.org/async-function set size:undefined disposed:false
2295 http fetch GET 200 https://registry.npmjs.org/is-weakmap 78ms (cache miss)
2296 silly packumentCache full:https://registry.npmjs.org/is-weakmap set size:undefined disposed:false
2297 http fetch GET 200 https://registry.npmjs.org/is-weakset 81ms (cache miss)
2298 silly packumentCache full:https://registry.npmjs.org/is-weakset set size:undefined disposed:false
2299 http fetch GET 200 https://registry.npmjs.org/is-map 363ms (cache miss)
2300 silly packumentCache full:https://registry.npmjs.org/is-map set size:undefined disposed:false
2301 http fetch GET 200 https://registry.npmjs.org/generator-function 364ms (cache miss)
2302 silly packumentCache full:https://registry.npmjs.org/generator-function set size:undefined disposed:false
2303 silly placeDep ROOT async-function@1.0.0 OK for: is-async-function@2.1.1 want: ^1.0.0
2304 silly placeDep ROOT generator-function@2.0.1 OK for: is-generator-function@1.1.2 want: ^2.0.0
2305 silly placeDep ROOT is-map@2.0.3 OK for: which-collection@1.0.2 want: ^2.0.3
2306 silly placeDep ROOT is-weakmap@2.0.2 OK for: which-collection@1.0.2 want: ^2.0.2
2307 silly placeDep ROOT is-weakset@2.0.4 OK for: which-collection@1.0.2 want: ^2.0.3
2308 silly placeDep node_modules/wrap-ansi ansi-styles@6.2.3 OK for: wrap-ansi@8.1.0 want: ^6.1.0
2309 silly placeDep node_modules/wrap-ansi strip-ansi@7.2.0 OK for: wrap-ansi@8.1.0 want: ^7.0.1
2310 silly placeDep node_modules/wrap-ansi-cjs string-width@4.2.3 OK for: wrap-ansi@7.0.0 want: ^4.1.0
2311 silly placeDep node_modules/@isaacs/cliui ansi-regex@6.2.2 OK for: strip-ansi@7.2.0 want: ^6.2.2
2312 silly placeDep node_modules/@typescript-eslint/typescript-estree brace-expansion@2.0.2 OK for: minimatch@9.0.3 want: ^2.0.1
2313 silly placeDep ROOT node-exports-info@1.6.0 OK for: resolve@2.0.0-next.6 want: ^1.6.0
2314 silly placeDep node_modules/node-exports-info semver@6.3.1 OK for: node-exports-info@1.6.0 want: ^6.3.1
2315 silly placeDep node_modules/glob brace-expansion@2.0.2 OK for: minimatch@9.0.9 want: ^2.0.2
2316 silly placeDep ROOT fs.realpath@1.0.0 OK for: glob@7.2.3 want: ^1.0.0
2317 silly placeDep ROOT inflight@1.0.6 OK for: glob@7.2.3 want: ^1.0.4
2318 silly placeDep ROOT inherits@2.0.4 OK for: glob@7.2.3 want: 2
2319 silly placeDep ROOT once@1.4.0 OK for: glob@7.2.3 want: ^1.3.0
2320 silly placeDep ROOT path-is-absolute@1.0.1 OK for: glob@7.2.3 want: ^1.0.0
2321 silly fetch manifest wrappy@1
2322 silly packumentCache full:https://registry.npmjs.org/wrappy cache-miss
2323 silly fetch manifest wrappy@1
2324 silly packumentCache full:https://registry.npmjs.org/wrappy cache-miss
2325 http fetch GET 200 https://registry.npmjs.org/wrappy 236ms (cache miss)
2326 silly packumentCache full:https://registry.npmjs.org/wrappy set size:undefined disposed:false
2327 http fetch GET 200 https://registry.npmjs.org/wrappy 243ms (cache miss)
2328 silly packumentCache full:https://registry.npmjs.org/wrappy set size:undefined disposed:false
2329 silly placeDep ROOT wrappy@1.0.2 OK for: inflight@1.0.6 want: 1
2330 silly placeDep node_modules/string-width ansi-regex@6.2.2 OK for: strip-ansi@7.2.0 want: ^6.2.2
2331 silly placeDep node_modules/wrap-ansi-cjs emoji-regex@8.0.0 OK for: string-width@4.2.3 want: ^8.0.0
2332 silly placeDep node_modules/wrap-ansi ansi-regex@6.2.2 OK for: strip-ansi@7.2.0 want: ^6.2.2
2333 silly reify mark retired [
2333 silly reify   '/Users/gayathrisathish/Library/Mobile Documents/com~apple~CloudDocs/Desktop/Projects/RoadRhythm/node_modules/react-dom'
2333 silly reify ]
2334 silly reify mark retired [
2334 silly reify   '/Users/gayathrisathish/Library/Mobile Documents/com~apple~CloudDocs/Desktop/Projects/RoadRhythm/node_modules/scheduler'
2334 silly reify ]
2335 silly reify mark retired [
2335 silly reify   '/Users/gayathrisathish/Library/Mobile Documents/com~apple~CloudDocs/Desktop/Projects/RoadRhythm/node_modules/react'
2335 silly reify ]
2336 silly reify moves {
2336 silly reify   '/Users/gayathrisathish/Library/Mobile Documents/com~apple~CloudDocs/Desktop/Projects/RoadRhythm/node_modules/react-dom': '/Users/gayathrisathish/Library/Mobile Documents/com~apple~CloudDocs/Desktop/Projects/RoadRhythm/node_modules/.react-dom-9fKc5zkH',
2336 silly reify   '/Users/gayathrisathish/Library/Mobile Documents/com~apple~CloudDocs/Desktop/Projects/RoadRhythm/node_modules/scheduler': '/Users/gayathrisathish/Library/Mobile Documents/com~apple~CloudDocs/Desktop/Projects/RoadRhythm/node_modules/.scheduler-zclNP4zm',
2336 silly reify   '/Users/gayathrisathish/Library/Mobile Documents/com~apple~CloudDocs/Desktop/Projects/RoadRhythm/node_modules/react': '/Users/gayathrisathish/Library/Mobile Documents/com~apple~CloudDocs/Desktop/Projects/RoadRhythm/node_modules/.react-JZTCu5m7'
2336 silly reify }
2337 silly audit bulk request {
2337 silly audit   '@reduxjs/toolkit': [ '2.11.2' ],
2337 silly audit   immer: [ '11.1.4', '10.2.0' ],
2337 silly audit   '@standard-schema/spec': [ '1.1.0' ],
2337 silly audit   '@standard-schema/utils': [ '0.3.0' ],
2337 silly audit   '@types/d3-array': [ '3.2.2' ],
2337 silly audit   '@types/d3-color': [ '3.1.3' ],
2337 silly audit   '@types/d3-ease': [ '3.0.2' ],
2337 silly audit   '@types/d3-interpolate': [ '3.0.4' ],
2337 silly audit   '@types/d3-path': [ '3.1.1' ],
2337 silly audit   '@types/d3-scale': [ '4.0.9' ],
2337 silly audit   '@types/d3-shape': [ '3.1.8' ],
2337 silly audit   '@types/d3-time': [ '3.0.4' ],
2337 silly audit   '@types/d3-timer': [ '3.0.2' ],
2337 silly audit   '@types/use-sync-external-store': [ '0.0.6' ],
2337 silly audit   'd3-array': [ '3.2.4' ],
2337 silly audit   'd3-color': [ '3.1.0' ],
2337 silly audit   'd3-ease': [ '3.0.1' ],
2337 silly audit   'd3-format': [ '3.1.2' ],
2337 silly audit   'd3-interpolate': [ '3.0.1' ],
2337 silly audit   'd3-path': [ '3.1.0' ],
2337 silly audit   'd3-scale': [ '4.0.2' ],
2337 silly audit   'd3-shape': [ '3.2.0' ],
2337 silly audit   'd3-time': [ '3.1.0' ],
2337 silly audit   'd3-time-format': [ '4.1.0' ],
2337 silly audit   'd3-timer': [ '3.0.1' ],
2337 silly audit   'decimal.js-light': [ '2.5.1' ],
2337 silly audit   'es-toolkit': [ '1.45.1' ],
2337 silly audit   eventemitter3: [ '5.0.4' ],
2337 silly audit   internmap: [ '2.0.3' ],
2337 silly audit   'react-is': [ '19.2.4', '16.13.1' ],
2337 silly audit   'react-redux': [ '9.2.0' ],
2337 silly audit   redux: [ '5.0.1' ],
2337 silly audit   'redux-thunk': [ '3.1.0' ],
2337 silly audit   reselect: [ '5.1.1' ],
2337 silly audit   'tiny-invariant': [ '1.3.3' ],
2337 silly audit   'use-sync-external-store': [ '1.6.0' ],
2337 silly audit   'victory-vendor': [ '37.3.6' ],
2337 silly audit   '@types/node': [ '20.19.37' ],
2337 silly audit   '@types/react': [ '18.3.28' ],
2337 silly audit   '@types/react-dom': [ '18.3.7' ],
2337 silly audit   'class-variance-authority': [ '0.7.1' ],
2337 silly audit   clsx: [ '2.1.1' ],
2337 silly audit   eslint: [ '8.57.1' ],
2337 silly audit   'eslint-config-next': [ '14.2.5' ],
2337 silly audit   'lucide-react': [ '0.577.0' ],
2337 silly audit   next: [ '14.2.5' ],
2337 silly audit   react: [ '18.3.1' ],
2337 silly audit   'react-dom': [ '18.3.1' ],
2337 silly audit   'next-themes': [ '0.4.6' ],
2337 silly audit   postcss: [ '8.5.8', '8.4.31' ],
2337 silly audit   recharts: [ '3.8.0' ],
2337 silly audit   'tailwind-merge': [ '3.5.0' ],
2337 silly audit   tailwindcss: [ '3.4.19' ],
2337 silly audit   typescript: [ '5.9.3' ],
2337 silly audit   'undici-types': [ '6.21.0' ],
2337 silly audit   '@types/prop-types': [ '15.7.15' ],
2337 silly audit   csstype: [ '3.2.3' ],
2337 silly audit   '@eslint-community/eslint-utils': [ '4.9.1' ],
2337 silly audit   '@eslint-community/regexpp': [ '4.12.2' ],
2337 silly audit   '@eslint/eslintrc': [ '2.1.4' ],
2337 silly audit   '@eslint/js': [ '8.57.1' ],
2337 silly audit   '@humanwhocodes/config-array': [ '0.13.0' ],
2337 silly audit   '@humanwhocodes/module-importer': [ '1.0.1' ],
2337 silly audit   '@nodelib/fs.walk': [ '1.2.8' ],
2337 silly audit   '@ungap/structured-clone': [ '1.3.0' ],
2337 silly audit   ajv: [ '6.14.0' ],
2337 silly audit   chalk: [ '4.1.2' ],
2337 silly audit   'cross-spawn': [ '7.0.6' ],
2337 silly audit   debug: [ '4.4.3', '3.2.7' ],
2337 silly audit   doctrine: [ '3.0.0', '2.1.0' ],
2337 silly audit   'escape-string-regexp': [ '4.0.0' ],
2337 silly audit   'eslint-scope': [ '7.2.2' ],
2337 silly audit   'eslint-visitor-keys': [ '3.4.3' ],
2337 silly audit   espree: [ '9.6.1' ],
2337 silly audit   esquery: [ '1.7.0' ],
2337 silly audit   esutils: [ '2.0.3' ],
2337 silly audit   'fast-deep-equal': [ '3.1.3' ],
2337 silly audit   'file-entry-cache': [ '6.0.1' ],
2337 silly audit   'find-up': [ '5.0.0' ],
2337 silly audit   'glob-parent': [ '6.0.2', '5.1.2' ],
2337 silly audit   globals: [ '13.24.0' ],
2337 silly audit   graphemer: [ '1.4.0' ],
2337 silly audit   ignore: [ '5.3.2' ],
2337 silly audit   imurmurhash: [ '0.1.4' ],
2337 silly audit   'is-glob': [ '4.0.3' ],
2337 silly audit   'is-path-inside': [ '3.0.3' ],
2337 silly audit   'js-yaml': [ '4.1.1' ],
2337 silly audit   'json-stable-stringify-without-jsonify': [ '1.0.1' ],
2337 silly audit   levn: [ '0.4.1' ],
2337 silly audit   'lodash.merge': [ '4.6.2' ],
2337 silly audit   minimatch: [ '3.1.5', '9.0.3', '9.0.9' ],
2337 silly audit   'natural-compare': [ '1.4.0' ],
2337 silly audit   optionator: [ '0.9.4' ],
2337 silly audit   'strip-ansi': [ '6.0.1', '7.2.0' ],
2337 silly audit   'text-table': [ '0.2.0' ],
2337 silly audit   'import-fresh': [ '3.3.1' ],
2337 silly audit   'strip-json-comments': [ '3.1.1' ],
2337 silly audit   '@humanwhocodes/object-schema': [ '2.0.3' ],
2337 silly audit   '@nodelib/fs.scandir': [ '2.1.5' ],
2337 silly audit   fastq: [ '1.20.1' ],
2337 silly audit   '@nodelib/fs.stat': [ '2.0.5' ],
2337 silly audit   'run-parallel': [ '1.2.0' ],
2337 silly audit   'fast-json-stable-stringify': [ '2.1.0' ],
2337 silly audit   'json-schema-traverse': [ '0.4.1' ],
2337 silly audit   'uri-js': [ '4.4.1' ],
2337 silly audit   'ansi-styles': [ '4.3.0', '6.2.3' ],
2337 silly audit   'supports-color': [ '7.2.0' ],
2337 silly audit   'color-convert': [ '2.0.1' ],
2337 silly audit   'color-name': [ '1.1.4' ],
2337 silly audit   'path-key': [ '3.1.1' ],
2337 silly audit   'shebang-command': [ '2.0.0' ],
2337 silly audit   which: [ '2.0.2' ],
2337 silly audit   ms: [ '2.1.3' ],
2337 silly audit   '@next/eslint-plugin-next': [ '14.2.5' ],
2337 silly audit   '@rushstack/eslint-patch': [ '1.16.1' ],
2337 silly audit   '@typescript-eslint/parser': [ '7.2.0' ],
2337 silly audit   'eslint-import-resolver-node': [ '0.3.9' ],
2337 silly audit   'eslint-import-resolver-typescript': [ '3.10.1' ],
2337 silly audit   'eslint-plugin-import': [ '2.32.0' ],
2337 silly audit   'eslint-plugin-jsx-a11y': [ '6.10.2' ],
2337 silly audit   'eslint-plugin-react': [ '7.37.5' ],
2337 silly audit   'eslint-plugin-react-hooks': [ '5.0.0-canary-7118f5dd7-20230705' ],
2337 silly audit   glob: [ '10.3.10', '7.2.3' ],
2337 silly audit   '@typescript-eslint/scope-manager': [ '7.2.0' ],
2337 silly audit   '@typescript-eslint/types': [ '7.2.0' ],
2337 silly audit   '@typescript-eslint/typescript-estree': [ '7.2.0' ],
2337 silly audit   '@typescript-eslint/visitor-keys': [ '7.2.0' ],
2337 silly audit   globby: [ '11.1.0' ],
2337 silly audit   semver: [ '7.7.4', '6.3.1' ],
2337 silly audit   'ts-api-utils': [ '1.4.3' ],
2337 silly audit   'is-core-module': [ '2.16.1' ],
2337 silly audit   resolve: [ '1.22.11', '2.0.0-next.6' ],
2337 silly audit   '@nolyfill/is-core-module': [ '1.0.39' ],
2337 silly audit   'get-tsconfig': [ '4.13.6' ],
2337 silly audit   'is-bun-module': [ '2.0.0' ],
2337 silly audit   'stable-hash': [ '0.0.5' ],
2337 silly audit   tinyglobby: [ '0.2.15' ],
2337 silly audit   'unrs-resolver': [ '1.11.1' ],
2337 silly audit   '@rtsao/scc': [ '1.1.0' ],
2337 silly audit   'array-includes': [ '3.1.9' ],
2337 silly audit   'array.prototype.findlastindex': [ '1.2.6' ],
2337 silly audit   'array.prototype.flat': [ '1.3.3' ],
2337 silly audit   'array.prototype.flatmap': [ '1.3.3' ],
2337 silly audit   'eslint-module-utils': [ '2.12.1' ],
2337 silly audit   hasown: [ '2.0.2' ],
2337 silly audit   'object.fromentries': [ '2.0.8' ],
2337 silly audit   'object.groupby': [ '1.0.3' ],
2337 silly audit   'object.values': [ '1.2.1' ],
2337 silly audit   'string.prototype.trimend': [ '1.0.9' ],
2337 silly audit   'tsconfig-paths': [ '3.15.0' ],
2337 silly audit   'call-bind': [ '1.0.8' ],
2337 silly audit   'call-bound': [ '1.0.4' ],
2337 silly audit   'define-properties': [ '1.2.1' ],
2337 silly audit   'es-abstract': [ '1.24.1' ],
2337 silly audit   'es-object-atoms': [ '1.1.1' ],
2337 silly audit   'get-intrinsic': [ '1.3.0' ],
2337 silly audit   'is-string': [ '1.1.1' ],
2337 silly audit   'math-intrinsics': [ '1.1.0' ],
2337 silly audit   'es-errors': [ '1.3.0' ],
2337 silly audit   'es-shim-unscopables': [ '1.1.0' ],
2337 silly audit   'call-bind-apply-helpers': [ '1.0.2' ],
2337 silly audit   'es-define-property': [ '1.0.1' ],
2337 silly audit   'set-function-length': [ '1.2.2' ],
2337 silly audit   'function-bind': [ '1.1.2' ],
2337 silly audit   'define-data-property': [ '1.1.4' ],
2337 silly audit   'has-property-descriptors': [ '1.0.2' ],
2337 silly audit   'object-keys': [ '1.1.1' ],
2337 silly audit   gopd: [ '1.2.0' ],
2337 silly audit   'array-buffer-byte-length': [ '1.0.2' ],
2337 silly audit   'arraybuffer.prototype.slice': [ '1.0.4' ],
2337 silly audit   'available-typed-arrays': [ '1.0.7' ],
2337 silly audit   'data-view-buffer': [ '1.0.2' ],
2337 silly audit   'data-view-byte-length': [ '1.0.2' ],
2337 silly audit   'data-view-byte-offset': [ '1.0.1' ],
2337 silly audit   'es-set-tostringtag': [ '2.1.0' ],
2337 silly audit   'es-to-primitive': [ '1.3.0' ],
2337 silly audit   'function.prototype.name': [ '1.1.8' ],
2337 silly audit   'get-proto': [ '1.0.1' ],
2337 silly audit   'get-symbol-description': [ '1.1.0' ],
2337 silly audit   globalthis: [ '1.0.4' ],
2337 silly audit   'has-proto': [ '1.2.0' ],
2337 silly audit   'has-symbols': [ '1.1.0' ],
2337 silly audit   'internal-slot': [ '1.1.0' ],
2337 silly audit   'is-array-buffer': [ '3.0.5' ],
2337 silly audit   'is-callable': [ '1.2.7' ],
2337 silly audit   'is-data-view': [ '1.0.2' ],
2337 silly audit   'is-negative-zero': [ '2.0.3' ],
2337 silly audit   'is-regex': [ '1.2.1' ],
2337 silly audit   'is-set': [ '2.0.3' ],
2337 silly audit   'is-shared-array-buffer': [ '1.0.4' ],
2337 silly audit   'is-typed-array': [ '1.1.15' ],
2337 silly audit   'is-weakref': [ '1.1.1' ],
2337 silly audit   'object-inspect': [ '1.13.4' ],
2337 silly audit   'object.assign': [ '4.1.7' ],
2337 silly audit   'own-keys': [ '1.0.1' ],
2337 silly audit   'regexp.prototype.flags': [ '1.5.4' ],
2337 silly audit   'safe-array-concat': [ '1.1.3' ],
2337 silly audit   'safe-push-apply': [ '1.0.0' ],
2337 silly audit   'safe-regex-test': [ '1.1.0' ],
2337 silly audit   'set-proto': [ '1.0.0' ],
2337 silly audit   'stop-iteration-iterator': [ '1.1.0' ],
2337 silly audit   'string.prototype.trim': [ '1.2.10' ],
2337 silly audit   'string.prototype.trimstart': [ '1.0.8' ],
2337 silly audit   'typed-array-buffer': [ '1.0.3' ],
2337 silly audit   'typed-array-byte-length': [ '1.0.3' ],
2337 silly audit   'typed-array-byte-offset': [ '1.0.4' ],
2337 silly audit   'typed-array-length': [ '1.0.7' ],
2337 silly audit   'unbox-primitive': [ '1.1.0' ],
2337 silly audit   'which-typed-array': [ '1.1.20' ],
2337 silly audit   'possible-typed-array-names': [ '1.1.0' ],
2337 silly audit   'has-tostringtag': [ '1.0.2' ],
2337 silly audit   'is-date-object': [ '1.1.0' ],
2337 silly audit   'is-symbol': [ '1.1.1' ],
2337 silly audit   'aria-query': [ '5.3.2' ],
2337 silly audit   'ast-types-flow': [ '0.0.8' ],
2337 silly audit   'axe-core': [ '4.11.1' ],
2337 silly audit   'axobject-query': [ '4.1.0' ],
2337 silly audit   'damerau-levenshtein': [ '1.0.8' ],
2337 silly audit   'emoji-regex': [ '9.2.2', '8.0.0' ],
2337 silly audit   'jsx-ast-utils': [ '3.3.5' ],
2337 silly audit   'language-tags': [ '1.0.9' ],
2337 silly audit   'string.prototype.includes': [ '2.0.1' ],
2337 silly audit   'array.prototype.findlast': [ '1.2.5' ],
2337 silly audit   'array.prototype.tosorted': [ '1.1.4' ],
2337 silly audit   'es-iterator-helpers': [ '1.3.1' ],
2337 silly audit   estraverse: [ '5.3.0' ],
2337 silly audit   'object.entries': [ '1.1.9' ],
2337 silly audit   'prop-types': [ '15.8.1' ],
2337 silly audit   'string.prototype.matchall': [ '4.0.12' ],
2337 silly audit   'string.prototype.repeat': [ '1.0.0' ],
2337 silly audit   'iterator.prototype': [ '1.1.5' ],
2337 silly audit   esrecurse: [ '4.3.0' ],
2337 silly audit   acorn: [ '8.16.0' ],
2337 silly audit   'acorn-jsx': [ '5.3.2' ],
2337 silly audit   reusify: [ '1.1.0' ],
2337 silly audit   'flat-cache': [ '3.2.0' ],
2337 silly audit   'locate-path': [ '6.0.0' ],
2337 silly audit   'path-exists': [ '4.0.0' ],
2337 silly audit   flatted: [ '3.4.1' ],
2337 silly audit   keyv: [ '4.5.4' ],
2337 silly audit   rimraf: [ '3.0.2' ],
2337 silly audit   'functions-have-names': [ '1.2.3' ],
2337 silly audit   'dunder-proto': [ '1.0.1' ],
2337 silly audit   'resolve-pkg-maps': [ '1.0.0' ],
2337 silly audit   'foreground-child': [ '3.3.1' ],
2337 silly audit   jackspeak: [ '2.3.6' ],
2337 silly audit   minipass: [ '7.1.3' ],
2337 silly audit   'path-scurry': [ '1.11.1' ],
2337 silly audit   'signal-exit': [ '4.1.0' ],
2337 silly audit   'type-fest': [ '0.20.2' ],
2337 silly audit   'array-union': [ '2.1.0' ],
2337 silly audit   'dir-glob': [ '3.0.1' ],
2337 silly audit   'fast-glob': [ '3.3.3' ],
2337 silly audit   merge2: [ '1.4.1' ],
2337 silly audit   slash: [ '3.0.0' ],
2337 silly audit   'path-type': [ '4.0.0' ],
2337 silly audit   micromatch: [ '4.0.8' ],
2337 silly audit   'parent-module': [ '1.0.1' ],
2337 silly audit   'resolve-from': [ '4.0.0' ],
2337 silly audit   'side-channel': [ '1.1.0' ],
2337 silly audit   'is-extglob': [ '2.1.1' ],
2337 silly audit   'set-function-name': [ '2.0.2' ],
2337 silly audit   '@isaacs/cliui': [ '8.0.2' ],
2337 silly audit   '@pkgjs/parseargs': [ '0.11.0' ],
2337 silly audit   'string-width': [ '5.1.2', '4.2.3' ],
2337 silly audit   'wrap-ansi': [ '8.1.0', '7.0.0' ],
2337 silly audit   argparse: [ '2.0.1' ],
2337 silly audit   'json-buffer': [ '3.0.1' ],
2337 silly audit   'language-subtag-registry': [ '0.3.23' ],
2337 silly audit   'prelude-ls': [ '1.2.1' ],
2337 silly audit   'type-check': [ '0.4.0' ],
2337 silly audit   'p-locate': [ '5.0.0' ],
2337 silly audit   braces: [ '3.0.3' ],
2337 silly audit   picomatch: [ '2.3.1', '4.0.3' ],
2337 silly audit   'fill-range': [ '7.1.1' ],
2337 silly audit   'to-regex-range': [ '5.0.1' ],
2337 silly audit   'brace-expansion': [ '1.1.12', '2.0.2' ],
2337 silly audit   'balanced-match': [ '1.0.2' ],
2337 silly audit   'concat-map': [ '0.0.1' ],
2337 silly audit   '@next/env': [ '14.2.5' ],
2337 silly audit   '@next/swc-darwin-arm64': [ '14.2.5' ],
2337 silly audit   '@next/swc-darwin-x64': [ '14.2.5' ],
2337 silly audit   '@next/swc-linux-arm64-gnu': [ '14.2.5' ],
2337 silly audit   '@next/swc-linux-arm64-musl': [ '14.2.5' ],
2337 silly audit   '@next/swc-linux-x64-gnu': [ '14.2.5' ],
2337 silly audit   '@next/swc-linux-x64-musl': [ '14.2.5' ],
2337 silly audit   '@next/swc-win32-arm64-msvc': [ '14.2.5' ],
2337 silly audit   '@next/swc-win32-ia32-msvc': [ '14.2.5' ],
2337 silly audit   '@next/swc-win32-x64-msvc': [ '14.2.5' ],
2337 silly audit   '@swc/helpers': [ '0.5.5' ],
2337 silly audit   busboy: [ '1.6.0' ],
2337 silly audit   'caniuse-lite': [ '1.0.30001779' ],
2337 silly audit   'graceful-fs': [ '4.2.11' ],
2337 silly audit   'styled-jsx': [ '5.1.1' ],
2337 silly audit   '@swc/counter': [ '0.1.3' ],
2337 silly audit   tslib: [ '2.8.1' ],
2337 silly audit   streamsearch: [ '1.1.0' ],
2337 silly audit   'deep-is': [ '0.1.4' ],
2337 silly audit   'fast-levenshtein': [ '2.0.6' ],
2337 silly audit   'word-wrap': [ '1.2.5' ],
2337 silly audit   'p-limit': [ '3.1.0' ],
2337 silly audit   'yocto-queue': [ '0.1.0' ],
2337 silly audit   callsites: [ '3.1.0' ],
2337 silly audit   'lru-cache': [ '10.4.3' ],
2337 silly audit   nanoid: [ '3.3.11' ],
2337 silly audit   picocolors: [ '1.1.1' ],
2337 silly audit   'source-map-js': [ '1.2.1' ],
2337 silly audit   'loose-envify': [ '1.4.0' ],
2337 silly audit   'object-assign': [ '4.1.1' ],
2337 silly audit   'js-tokens': [ '4.0.0' ],
2337 silly audit   scheduler: [ '0.23.2' ],
2337 silly audit   'path-parse': [ '1.0.7' ],
2337 silly audit   'supports-preserve-symlinks-flag': [ '1.0.0' ],
2337 silly audit   'queue-microtask': [ '1.2.3' ],
2337 silly audit   isarray: [ '2.0.5' ],
2337 silly audit   'shebang-regex': [ '3.0.0' ],
2337 silly audit   'side-channel-list': [ '1.0.0' ],
2337 silly audit   'side-channel-map': [ '1.0.1' ],
2337 silly audit   'side-channel-weakmap': [ '1.0.2' ],
2337 silly audit   eastasianwidth: [ '0.2.0' ],
2337 silly audit   'is-fullwidth-code-point': [ '3.0.0' ],
2337 silly audit   'ansi-regex': [ '5.0.1', '6.2.2' ],
2337 silly audit   'client-only': [ '0.0.1' ],
2337 silly audit   'has-flag': [ '4.0.0' ],
2337 silly audit   '@alloc/quick-lru': [ '5.2.0' ],
2337 silly audit   arg: [ '5.0.2' ],
2337 silly audit   chokidar: [ '3.6.0' ],
2337 silly audit   didyoumean: [ '1.2.2' ],
2337 silly audit   dlv: [ '1.1.3' ],
2337 silly audit   jiti: [ '1.21.7' ],
2337 silly audit   lilconfig: [ '3.1.3' ],
2337 silly audit   'normalize-path': [ '3.0.0' ],
2337 silly audit   'object-hash': [ '3.0.0' ],
2337 silly audit   'postcss-import': [ '15.1.0' ],
2337 silly audit   'postcss-js': [ '4.1.0' ],
2337 silly audit   'postcss-load-config': [ '6.0.1' ],
2337 silly audit   'postcss-nested': [ '6.2.0' ],
2337 silly audit   'postcss-selector-parser': [ '6.1.2' ],
2337 silly audit   sucrase: [ '3.35.1' ],
2337 silly audit   anymatch: [ '3.1.3' ],
2337 silly audit   fsevents: [ '2.3.3' ],
2337 silly audit   'is-binary-path': [ '2.1.0' ],
2337 silly audit   readdirp: [ '3.6.0' ],
2337 silly audit   'binary-extensions': [ '2.3.0' ],
2337 silly audit   'postcss-value-parser': [ '4.2.0' ],
2337 silly audit   'read-cache': [ '1.0.0' ],
2337 silly audit   'camelcase-css': [ '2.0.1' ],
2337 silly audit   cssesc: [ '3.0.0' ],
2337 silly audit   'util-deprecate': [ '1.0.2' ],
2337 silly audit   pify: [ '2.3.0' ],
2337 silly audit   '@jridgewell/gen-mapping': [ '0.3.13' ],
2337 silly audit   commander: [ '4.1.1' ],
2337 silly audit   'lines-and-columns': [ '1.2.4' ],
2337 silly audit   mz: [ '2.7.0' ],
2337 silly audit   pirates: [ '4.0.7' ],
2337 silly audit   'ts-interface-checker': [ '0.1.13' ],
2337 silly audit   '@jridgewell/sourcemap-codec': [ '1.5.5' ],
2337 silly audit   '@jridgewell/trace-mapping': [ '0.3.31' ],
2337 silly audit   '@jridgewell/resolve-uri': [ '3.1.2' ],
2337 silly audit   'any-promise': [ '1.3.0' ],
2337 silly audit   'thenify-all': [ '1.6.0' ],
2337 silly audit   thenify: [ '3.3.1' ],
2337 silly audit   fdir: [ '6.5.0' ],
2337 silly audit   'is-number': [ '7.0.0' ],
2337 silly audit   '@types/json5': [ '0.0.29' ],
2337 silly audit   json5: [ '1.0.2' ],
2337 silly audit   minimist: [ '1.2.8' ],
2337 silly audit   'strip-bom': [ '3.0.0' ],
2337 silly audit   'for-each': [ '0.3.5' ],
2337 silly audit   'reflect.getprototypeof': [ '1.0.10' ],
2337 silly audit   'which-builtin-type': [ '1.2.1' ],
2337 silly audit   'has-bigints': [ '1.1.0' ],
2337 silly audit   'which-boxed-primitive': [ '1.1.1' ],
2337 silly audit   '@unrs/resolver-binding-android-arm-eabi': [ '1.11.1' ],
2337 silly audit   '@unrs/resolver-binding-android-arm64': [ '1.11.1' ],
2337 silly audit   '@unrs/resolver-binding-darwin-arm64': [ '1.11.1' ],
2337 silly audit   '@unrs/resolver-binding-darwin-x64': [ '1.11.1' ],
2337 silly audit   '@unrs/resolver-binding-freebsd-x64': [ '1.11.1' ],
2337 silly audit   '@unrs/resolver-binding-linux-arm-gnueabihf': [ '1.11.1' ],
2337 silly audit   '@unrs/resolver-binding-linux-arm-musleabihf': [ '1.11.1' ],
2337 silly audit   '@unrs/resolver-binding-linux-arm64-gnu': [ '1.11.1' ],
2337 silly audit   '@unrs/resolver-binding-linux-arm64-musl': [ '1.11.1' ],
2337 silly audit   '@unrs/resolver-binding-linux-ppc64-gnu': [ '1.11.1' ],
2337 silly audit   '@unrs/resolver-binding-linux-riscv64-gnu': [ '1.11.1' ],
2337 silly audit   '@unrs/resolver-binding-linux-riscv64-musl': [ '1.11.1' ],
2337 silly audit   '@unrs/resolver-binding-linux-s390x-gnu': [ '1.11.1' ],
2337 silly audit   '@unrs/resolver-binding-linux-x64-gnu': [ '1.11.1' ],
2337 silly audit   '@unrs/resolver-binding-linux-x64-musl': [ '1.11.1' ],
2337 silly audit   '@unrs/resolver-binding-wasm32-wasi': [ '1.11.1' ],
2337 silly audit   '@unrs/resolver-binding-win32-arm64-msvc': [ '1.11.1' ],
2337 silly audit   '@unrs/resolver-binding-win32-ia32-msvc': [ '1.11.1' ],
2337 silly audit   '@unrs/resolver-binding-win32-x64-msvc': [ '1.11.1' ],
2337 silly audit   'napi-postinstall': [ '0.3.4' ],
2337 silly audit   '@napi-rs/wasm-runtime': [ '0.2.12' ],
2337 silly audit   '@emnapi/core': [ '1.9.0' ],
2337 silly audit   '@emnapi/runtime': [ '1.9.0' ],
2337 silly audit   '@tybys/wasm-util': [ '0.10.1' ],
2337 silly audit   '@emnapi/wasi-threads': [ '1.2.0' ],
2337 silly audit   punycode: [ '2.3.1' ],
2337 silly audit   isexe: [ '2.0.0' ],
2337 silly audit   'is-bigint': [ '1.1.0' ],
2337 silly audit   'is-boolean-object': [ '1.2.2' ],
2337 silly audit   'is-number-object': [ '1.1.1' ],
2337 silly audit   'is-async-function': [ '2.1.1' ],
2337 silly audit   'is-finalizationregistry': [ '1.1.1' ],
2337 silly audit   'is-generator-function': [ '1.1.2' ],
2337 silly audit   'which-collection': [ '1.0.2' ],
2337 silly audit   'async-function': [ '1.0.0' ],
2337 silly audit   'generator-function': [ '2.0.1' ],
2337 silly audit   'is-map': [ '2.0.3' ],
2337 silly audit   'is-weakmap': [ '2.0.2' ],
2337 silly audit   'is-weakset': [ '2.0.4' ],
2337 silly audit   'node-exports-info': [ '1.6.0' ],
2337 silly audit   'fs.realpath': [ '1.0.0' ],
2337 silly audit   inflight: [ '1.0.6' ],
2337 silly audit   inherits: [ '2.0.4' ],
2337 silly audit   once: [ '1.4.0' ],
2337 silly audit   'path-is-absolute': [ '1.0.1' ],
2337 silly audit   wrappy: [ '1.0.2' ]
2337 silly audit }
2338 verbose reify failed optional dependency /Users/gayathrisathish/Library/Mobile Documents/com~apple~CloudDocs/Desktop/Projects/RoadRhythm/node_modules/@unrs/resolver-binding-win32-x64-msvc
2339 silly reify mark deleted [
2339 silly reify   '/Users/gayathrisathish/Library/Mobile Documents/com~apple~CloudDocs/Desktop/Projects/RoadRhythm/node_modules/@unrs/resolver-binding-win32-x64-msvc'
2339 silly reify ]
2340 verbose reify failed optional dependency /Users/gayathrisathish/Library/Mobile Documents/com~apple~CloudDocs/Desktop/Projects/RoadRhythm/node_modules/@unrs/resolver-binding-win32-ia32-msvc
2341 silly reify mark deleted [
2341 silly reify   '/Users/gayathrisathish/Library/Mobile Documents/com~apple~CloudDocs/Desktop/Projects/RoadRhythm/node_modules/@unrs/resolver-binding-win32-ia32-msvc'
2341 silly reify ]
2342 verbose reify failed optional dependency /Users/gayathrisathish/Library/Mobile Documents/com~apple~CloudDocs/Desktop/Projects/RoadRhythm/node_modules/@unrs/resolver-binding-win32-arm64-msvc
2343 silly reify mark deleted [
2343 silly reify   '/Users/gayathrisathish/Library/Mobile Documents/com~apple~CloudDocs/Desktop/Projects/RoadRhythm/node_modules/@unrs/resolver-binding-win32-arm64-msvc'
2343 silly reify ]
2344 verbose reify failed optional dependency /Users/gayathrisathish/Library/Mobile Documents/com~apple~CloudDocs/Desktop/Projects/RoadRhythm/node_modules/@unrs/resolver-binding-wasm32-wasi
2345 silly reify mark deleted [
2345 silly reify   '/Users/gayathrisathish/Library/Mobile Documents/com~apple~CloudDocs/Desktop/Projects/RoadRhythm/node_modules/@unrs/resolver-binding-wasm32-wasi'
2345 silly reify ]
2346 verbose reify failed optional dependency /Users/gayathrisathish/Library/Mobile Documents/com~apple~CloudDocs/Desktop/Projects/RoadRhythm/node_modules/@napi-rs/wasm-runtime
2347 silly reify mark deleted [
2347 silly reify   '/Users/gayathrisathish/Library/Mobile Documents/com~apple~CloudDocs/Desktop/Projects/RoadRhythm/node_modules/@napi-rs/wasm-runtime'
2347 silly reify ]
2348 verbose reify failed optional dependency /Users/gayathrisathish/Library/Mobile Documents/com~apple~CloudDocs/Desktop/Projects/RoadRhythm/node_modules/@emnapi/core
2349 silly reify mark deleted [
2349 silly reify   '/Users/gayathrisathish/Library/Mobile Documents/com~apple~CloudDocs/Desktop/Projects/RoadRhythm/node_modules/@emnapi/core'
2349 silly reify ]
2350 verbose reify failed optional dependency /Users/gayathrisathish/Library/Mobile Documents/com~apple~CloudDocs/Desktop/Projects/RoadRhythm/node_modules/@emnapi/runtime
2351 silly reify mark deleted [
2351 silly reify   '/Users/gayathrisathish/Library/Mobile Documents/com~apple~CloudDocs/Desktop/Projects/RoadRhythm/node_modules/@emnapi/runtime'
2351 silly reify ]
2352 verbose reify failed optional dependency /Users/gayathrisathish/Library/Mobile Documents/com~apple~CloudDocs/Desktop/Projects/RoadRhythm/node_modules/@tybys/wasm-util
2353 silly reify mark deleted [
2353 silly reify   '/Users/gayathrisathish/Library/Mobile Documents/com~apple~CloudDocs/Desktop/Projects/RoadRhythm/node_modules/@tybys/wasm-util'
2353 silly reify ]
2354 verbose reify failed optional dependency /Users/gayathrisathish/Library/Mobile Documents/com~apple~CloudDocs/Desktop/Projects/RoadRhythm/node_modules/@emnapi/wasi-threads
2355 silly reify mark deleted [
2355 silly reify   '/Users/gayathrisathish/Library/Mobile Documents/com~apple~CloudDocs/Desktop/Projects/RoadRhythm/node_modules/@emnapi/wasi-threads'
2355 silly reify ]
2356 verbose reify failed optional dependency /Users/gayathrisathish/Library/Mobile Documents/com~apple~CloudDocs/Desktop/Projects/RoadRhythm/node_modules/@unrs/resolver-binding-linux-x64-musl
2357 silly reify mark deleted [
2357 silly reify   '/Users/gayathrisathish/Library/Mobile Documents/com~apple~CloudDocs/Desktop/Projects/RoadRhythm/node_modules/@unrs/resolver-binding-linux-x64-musl'
2357 silly reify ]
2358 verbose reify failed optional dependency /Users/gayathrisathish/Library/Mobile Documents/com~apple~CloudDocs/Desktop/Projects/RoadRhythm/node_modules/@unrs/resolver-binding-linux-x64-gnu
2359 silly reify mark deleted [
2359 silly reify   '/Users/gayathrisathish/Library/Mobile Documents/com~apple~CloudDocs/Desktop/Projects/RoadRhythm/node_modules/@unrs/resolver-binding-linux-x64-gnu'
2359 silly reify ]
2360 verbose reify failed optional dependency /Users/gayathrisathish/Library/Mobile Documents/com~apple~CloudDocs/Desktop/Projects/RoadRhythm/node_modules/@unrs/resolver-binding-linux-s390x-gnu
2361 silly reify mark deleted [
2361 silly reify   '/Users/gayathrisathish/Library/Mobile Documents/com~apple~CloudDocs/Desktop/Projects/RoadRhythm/node_modules/@unrs/resolver-binding-linux-s390x-gnu'
2361 silly reify ]
2362 verbose reify failed optional dependency /Users/gayathrisathish/Library/Mobile Documents/com~apple~CloudDocs/Desktop/Projects/RoadRhythm/node_modules/@unrs/resolver-binding-linux-riscv64-musl
2363 silly reify mark deleted [
2363 silly reify   '/Users/gayathrisathish/Library/Mobile Documents/com~apple~CloudDocs/Desktop/Projects/RoadRhythm/node_modules/@unrs/resolver-binding-linux-riscv64-musl'
2363 silly reify ]
2364 verbose reify failed optional dependency /Users/gayathrisathish/Library/Mobile Documents/com~apple~CloudDocs/Desktop/Projects/RoadRhythm/node_modules/@unrs/resolver-binding-linux-riscv64-gnu
2365 silly reify mark deleted [
2365 silly reify   '/Users/gayathrisathish/Library/Mobile Documents/com~apple~CloudDocs/Desktop/Projects/RoadRhythm/node_modules/@unrs/resolver-binding-linux-riscv64-gnu'
2365 silly reify ]
2366 verbose reify failed optional dependency /Users/gayathrisathish/Library/Mobile Documents/com~apple~CloudDocs/Desktop/Projects/RoadRhythm/node_modules/@unrs/resolver-binding-linux-ppc64-gnu
2367 silly reify mark deleted [
2367 silly reify   '/Users/gayathrisathish/Library/Mobile Documents/com~apple~CloudDocs/Desktop/Projects/RoadRhythm/node_modules/@unrs/resolver-binding-linux-ppc64-gnu'
2367 silly reify ]
2368 verbose reify failed optional dependency /Users/gayathrisathish/Library/Mobile Documents/com~apple~CloudDocs/Desktop/Projects/RoadRhythm/node_modules/@unrs/resolver-binding-linux-arm64-musl
2369 silly reify mark deleted [
2369 silly reify   '/Users/gayathrisathish/Library/Mobile Documents/com~apple~CloudDocs/Desktop/Projects/RoadRhythm/node_modules/@unrs/resolver-binding-linux-arm64-musl'
2369 silly reify ]
2370 verbose reify failed optional dependency /Users/gayathrisathish/Library/Mobile Documents/com~apple~CloudDocs/Desktop/Projects/RoadRhythm/node_modules/@unrs/resolver-binding-linux-arm64-gnu
2371 silly reify mark deleted [
2371 silly reify   '/Users/gayathrisathish/Library/Mobile Documents/com~apple~CloudDocs/Desktop/Projects/RoadRhythm/node_modules/@unrs/resolver-binding-linux-arm64-gnu'
2371 silly reify ]
2372 verbose reify failed optional dependency /Users/gayathrisathish/Library/Mobile Documents/com~apple~CloudDocs/Desktop/Projects/RoadRhythm/node_modules/@unrs/resolver-binding-linux-arm-musleabihf
2373 silly reify mark deleted [
2373 silly reify   '/Users/gayathrisathish/Library/Mobile Documents/com~apple~CloudDocs/Desktop/Projects/RoadRhythm/node_modules/@unrs/resolver-binding-linux-arm-musleabihf'
2373 silly reify ]
2374 verbose reify failed optional dependency /Users/gayathrisathish/Library/Mobile Documents/com~apple~CloudDocs/Desktop/Projects/RoadRhythm/node_modules/@unrs/resolver-binding-linux-arm-gnueabihf
2375 silly reify mark deleted [
2375 silly reify   '/Users/gayathrisathish/Library/Mobile Documents/com~apple~CloudDocs/Desktop/Projects/RoadRhythm/node_modules/@unrs/resolver-binding-linux-arm-gnueabihf'
2375 silly reify ]
2376 verbose reify failed optional dependency /Users/gayathrisathish/Library/Mobile Documents/com~apple~CloudDocs/Desktop/Projects/RoadRhythm/node_modules/@unrs/resolver-binding-freebsd-x64
2377 silly reify mark deleted [
2377 silly reify   '/Users/gayathrisathish/Library/Mobile Documents/com~apple~CloudDocs/Desktop/Projects/RoadRhythm/node_modules/@unrs/resolver-binding-freebsd-x64'
2377 silly reify ]
2378 verbose reify failed optional dependency /Users/gayathrisathish/Library/Mobile Documents/com~apple~CloudDocs/Desktop/Projects/RoadRhythm/node_modules/@unrs/resolver-binding-darwin-x64
2379 silly reify mark deleted [
2379 silly reify   '/Users/gayathrisathish/Library/Mobile Documents/com~apple~CloudDocs/Desktop/Projects/RoadRhythm/node_modules/@unrs/resolver-binding-darwin-x64'
2379 silly reify ]
2380 verbose reify failed optional dependency /Users/gayathrisathish/Library/Mobile Documents/com~apple~CloudDocs/Desktop/Projects/RoadRhythm/node_modules/@unrs/resolver-binding-android-arm64
2381 silly reify mark deleted [
2381 silly reify   '/Users/gayathrisathish/Library/Mobile Documents/com~apple~CloudDocs/Desktop/Projects/RoadRhythm/node_modules/@unrs/resolver-binding-android-arm64'
2381 silly reify ]
2382 verbose reify failed optional dependency /Users/gayathrisathish/Library/Mobile Documents/com~apple~CloudDocs/Desktop/Projects/RoadRhythm/node_modules/@unrs/resolver-binding-android-arm-eabi
2383 silly reify mark deleted [
2383 silly reify   '/Users/gayathrisathish/Library/Mobile Documents/com~apple~CloudDocs/Desktop/Projects/RoadRhythm/node_modules/@unrs/resolver-binding-android-arm-eabi'
2383 silly reify ]
2384 verbose reify failed optional dependency /Users/gayathrisathish/Library/Mobile Documents/com~apple~CloudDocs/Desktop/Projects/RoadRhythm/node_modules/@next/swc-win32-x64-msvc
2385 silly reify mark deleted [
2385 silly reify   '/Users/gayathrisathish/Library/Mobile Documents/com~apple~CloudDocs/Desktop/Projects/RoadRhythm/node_modules/@next/swc-win32-x64-msvc'
2385 silly reify ]
2386 verbose reify failed optional dependency /Users/gayathrisathish/Library/Mobile Documents/com~apple~CloudDocs/Desktop/Projects/RoadRhythm/node_modules/@next/swc-win32-ia32-msvc
2387 silly reify mark deleted [
2387 silly reify   '/Users/gayathrisathish/Library/Mobile Documents/com~apple~CloudDocs/Desktop/Projects/RoadRhythm/node_modules/@next/swc-win32-ia32-msvc'
2387 silly reify ]
2388 verbose reify failed optional dependency /Users/gayathrisathish/Library/Mobile Documents/com~apple~CloudDocs/Desktop/Projects/RoadRhythm/node_modules/@next/swc-win32-arm64-msvc
2389 silly reify mark deleted [
2389 silly reify   '/Users/gayathrisathish/Library/Mobile Documents/com~apple~CloudDocs/Desktop/Projects/RoadRhythm/node_modules/@next/swc-win32-arm64-msvc'
2389 silly reify ]
2390 verbose reify failed optional dependency /Users/gayathrisathish/Library/Mobile Documents/com~apple~CloudDocs/Desktop/Projects/RoadRhythm/node_modules/@next/swc-linux-x64-musl
2391 silly reify mark deleted [
2391 silly reify   '/Users/gayathrisathish/Library/Mobile Documents/com~apple~CloudDocs/Desktop/Projects/RoadRhythm/node_modules/@next/swc-linux-x64-musl'
2391 silly reify ]
2392 verbose reify failed optional dependency /Users/gayathrisathish/Library/Mobile Documents/com~apple~CloudDocs/Desktop/Projects/RoadRhythm/node_modules/@next/swc-linux-x64-gnu
2393 silly reify mark deleted [
2393 silly reify   '/Users/gayathrisathish/Library/Mobile Documents/com~apple~CloudDocs/Desktop/Projects/RoadRhythm/node_modules/@next/swc-linux-x64-gnu'
2393 silly reify ]
2394 verbose reify failed optional dependency /Users/gayathrisathish/Library/Mobile Documents/com~apple~CloudDocs/Desktop/Projects/RoadRhythm/node_modules/@next/swc-linux-arm64-musl
2395 silly reify mark deleted [
2395 silly reify   '/Users/gayathrisathish/Library/Mobile Documents/com~apple~CloudDocs/Desktop/Projects/RoadRhythm/node_modules/@next/swc-linux-arm64-musl'
2395 silly reify ]
2396 verbose reify failed optional dependency /Users/gayathrisathish/Library/Mobile Documents/com~apple~CloudDocs/Desktop/Projects/RoadRhythm/node_modules/@next/swc-linux-arm64-gnu
2397 silly reify mark deleted [
2397 silly reify   '/Users/gayathrisathish/Library/Mobile Documents/com~apple~CloudDocs/Desktop/Projects/RoadRhythm/node_modules/@next/swc-linux-arm64-gnu'
2397 silly reify ]
2398 verbose reify failed optional dependency /Users/gayathrisathish/Library/Mobile Documents/com~apple~CloudDocs/Desktop/Projects/RoadRhythm/node_modules/@next/swc-darwin-x64
2399 silly reify mark deleted [
2399 silly reify   '/Users/gayathrisathish/Library/Mobile Documents/com~apple~CloudDocs/Desktop/Projects/RoadRhythm/node_modules/@next/swc-darwin-x64'
2399 silly reify ]
2400 http cache wrappy@https://registry.npmjs.org/wrappy/-/wrappy-1.0.2.tgz 0ms (cache hit)
2401 http cache once@https://registry.npmjs.org/once/-/once-1.4.0.tgz 0ms (cache hit)
2402 http cache inflight@https://registry.npmjs.org/inflight/-/inflight-1.0.6.tgz 0ms (cache hit)
2403 http cache inherits@https://registry.npmjs.org/inherits/-/inherits-2.0.4.tgz 0ms (cache hit)
2404 http cache is-map@https://registry.npmjs.org/is-map/-/is-map-2.0.3.tgz 0ms (cache hit)
2405 http cache node-exports-info@https://registry.npmjs.org/node-exports-info/-/node-exports-info-1.6.0.tgz 0ms (cache hit)
2406 http cache is-weakmap@https://registry.npmjs.org/is-weakmap/-/is-weakmap-2.0.2.tgz 0ms (cache hit)
2407 http cache generator-function@https://registry.npmjs.org/generator-function/-/generator-function-2.0.1.tgz 0ms (cache hit)
2408 http cache async-function@https://registry.npmjs.org/async-function/-/async-function-1.0.0.tgz 0ms (cache hit)
2409 http cache which-collection@https://registry.npmjs.org/which-collection/-/which-collection-1.0.2.tgz 0ms (cache hit)
2410 http cache is-finalizationregistry@https://registry.npmjs.org/is-finalizationregistry/-/is-finalizationregistry-1.1.1.tgz 0ms (cache hit)
2411 http cache is-generator-function@https://registry.npmjs.org/is-generator-function/-/is-generator-function-1.1.2.tgz 0ms (cache hit)
2412 http cache path-is-absolute@https://registry.npmjs.org/path-is-absolute/-/path-is-absolute-1.0.1.tgz 0ms (cache hit)
2413 http cache is-number-object@https://registry.npmjs.org/is-number-object/-/is-number-object-1.1.1.tgz 0ms (cache hit)
2414 http cache is-async-function@https://registry.npmjs.org/is-async-function/-/is-async-function-2.1.1.tgz 0ms (cache hit)
2415 http cache @emnapi/wasi-threads@https://registry.npmjs.org/@emnapi/wasi-threads/-/wasi-threads-1.2.0.tgz 0ms (cache hit)
2416 http cache isexe@https://registry.npmjs.org/isexe/-/isexe-2.0.0.tgz 0ms (cache hit)
2417 http cache is-bigint@https://registry.npmjs.org/is-bigint/-/is-bigint-1.1.0.tgz 0ms (cache hit)
2418 http cache is-boolean-object@https://registry.npmjs.org/is-boolean-object/-/is-boolean-object-1.2.2.tgz 0ms (cache hit)
2419 http cache punycode@https://registry.npmjs.org/punycode/-/punycode-2.3.1.tgz 0ms (cache hit)
2420 http cache @napi-rs/wasm-runtime@https://registry.npmjs.org/@napi-rs/wasm-runtime/-/wasm-runtime-0.2.12.tgz 0ms (cache hit)
2421 http cache @emnapi/runtime@https://registry.npmjs.org/@emnapi/runtime/-/runtime-1.9.0.tgz 0ms (cache hit)
2422 http cache napi-postinstall@https://registry.npmjs.org/napi-postinstall/-/napi-postinstall-0.3.4.tgz 0ms (cache hit)
2423 http cache @tybys/wasm-util@https://registry.npmjs.org/@tybys/wasm-util/-/wasm-util-0.10.1.tgz 0ms (cache hit)
2424 http cache which-builtin-type@https://registry.npmjs.org/which-builtin-type/-/which-builtin-type-1.2.1.tgz 0ms (cache hit)
2425 http cache reflect.getprototypeof@https://registry.npmjs.org/reflect.getprototypeof/-/reflect.getprototypeof-1.0.10.tgz 0ms (cache hit)
2426 http cache @unrs/resolver-binding-darwin-arm64@https://registry.npmjs.org/@unrs/resolver-binding-darwin-arm64/-/resolver-binding-darwin-arm64-1.11.1.tgz 0ms (cache hit)
2427 http cache which-boxed-primitive@https://registry.npmjs.org/which-boxed-primitive/-/which-boxed-primitive-1.1.1.tgz 0ms (cache hit)
2428 http cache for-each@https://registry.npmjs.org/for-each/-/for-each-0.3.5.tgz 0ms (cache hit)
2429 http cache strip-bom@https://registry.npmjs.org/strip-bom/-/strip-bom-3.0.0.tgz 0ms (cache hit)
2430 http cache minimist@https://registry.npmjs.org/minimist/-/minimist-1.2.8.tgz 0ms (cache hit)
2431 http cache is-number@https://registry.npmjs.org/is-number/-/is-number-7.0.0.tgz 0ms (cache hit)
2432 http cache @types/json5@https://registry.npmjs.org/@types/json5/-/json5-0.0.29.tgz 0ms (cache hit)
2433 http cache thenify@https://registry.npmjs.org/thenify/-/thenify-3.3.1.tgz 0ms (cache hit)
2434 http cache @emnapi/core@https://registry.npmjs.org/@emnapi/core/-/core-1.9.0.tgz 0ms (cache hit)
2435 http cache thenify-all@https://registry.npmjs.org/thenify-all/-/thenify-all-1.6.0.tgz 0ms (cache hit)
2436 http cache @jridgewell/sourcemap-codec@https://registry.npmjs.org/@jridgewell/sourcemap-codec/-/sourcemap-codec-1.5.5.tgz 0ms (cache hit)
2437 http cache any-promise@https://registry.npmjs.org/any-promise/-/any-promise-1.3.0.tgz 0ms (cache hit)
2438 http cache @jridgewell/resolve-uri@https://registry.npmjs.org/@jridgewell/resolve-uri/-/resolve-uri-3.1.2.tgz 0ms (cache hit)
2439 http cache @jridgewell/trace-mapping@https://registry.npmjs.org/@jridgewell/trace-mapping/-/trace-mapping-0.3.31.tgz 0ms (cache hit)
2440 http cache ts-interface-checker@https://registry.npmjs.org/ts-interface-checker/-/ts-interface-checker-0.1.13.tgz 0ms (cache hit)
2441 http cache mz@https://registry.npmjs.org/mz/-/mz-2.7.0.tgz 0ms (cache hit)
2442 http cache fs.realpath@https://registry.npmjs.org/fs.realpath/-/fs.realpath-1.0.0.tgz 0ms (cache hit)
2443 http cache commander@https://registry.npmjs.org/commander/-/commander-4.1.1.tgz 0ms (cache hit)
2444 http cache is-weakset@https://registry.npmjs.org/is-weakset/-/is-weakset-2.0.4.tgz 0ms (cache hit)
2445 http cache @jridgewell/gen-mapping@https://registry.npmjs.org/@jridgewell/gen-mapping/-/gen-mapping-0.3.13.tgz 0ms (cache hit)
2446 http cache pify@https://registry.npmjs.org/pify/-/pify-2.3.0.tgz 0ms (cache hit)
2447 http cache has-bigints@https://registry.npmjs.org/has-bigints/-/has-bigints-1.1.0.tgz 0ms (cache hit)
2448 http cache lines-and-columns@https://registry.npmjs.org/lines-and-columns/-/lines-and-columns-1.2.4.tgz 0ms (cache hit)
2449 http cache cssesc@https://registry.npmjs.org/cssesc/-/cssesc-3.0.0.tgz 0ms (cache hit)
2450 http cache camelcase-css@https://registry.npmjs.org/camelcase-css/-/camelcase-css-2.0.1.tgz 0ms (cache hit)
2451 http cache read-cache@https://registry.npmjs.org/read-cache/-/read-cache-1.0.0.tgz 0ms (cache hit)
2452 http cache binary-extensions@https://registry.npmjs.org/binary-extensions/-/binary-extensions-2.3.0.tgz 0ms (cache hit)
2453 http cache readdirp@https://registry.npmjs.org/readdirp/-/readdirp-3.6.0.tgz 0ms (cache hit)
2454 http cache postcss-value-parser@https://registry.npmjs.org/postcss-value-parser/-/postcss-value-parser-4.2.0.tgz 0ms (cache hit)
2455 http cache postcss-nested@https://registry.npmjs.org/postcss-nested/-/postcss-nested-6.2.0.tgz 0ms (cache hit)
2456 http cache util-deprecate@https://registry.npmjs.org/util-deprecate/-/util-deprecate-1.0.2.tgz 0ms (cache hit)
2457 http cache is-binary-path@https://registry.npmjs.org/is-binary-path/-/is-binary-path-2.1.0.tgz 0ms (cache hit)
2458 http cache sucrase@https://registry.npmjs.org/sucrase/-/sucrase-3.35.1.tgz 0ms (cache hit)
2459 http cache fsevents@https://registry.npmjs.org/fsevents/-/fsevents-2.3.3.tgz 0ms (cache hit)
2460 http cache object-hash@https://registry.npmjs.org/object-hash/-/object-hash-3.0.0.tgz 0ms (cache hit)
2461 http cache postcss-import@https://registry.npmjs.org/postcss-import/-/postcss-import-15.1.0.tgz 0ms (cache hit)
2462 http cache postcss-js@https://registry.npmjs.org/postcss-js/-/postcss-js-4.1.0.tgz 0ms (cache hit)
2463 http cache postcss-load-config@https://registry.npmjs.org/postcss-load-config/-/postcss-load-config-6.0.1.tgz 0ms (cache hit)
2464 http cache postcss-selector-parser@https://registry.npmjs.org/postcss-selector-parser/-/postcss-selector-parser-6.1.2.tgz 0ms (cache hit)
2465 http cache dlv@https://registry.npmjs.org/dlv/-/dlv-1.1.3.tgz 0ms (cache hit)
2466 http cache anymatch@https://registry.npmjs.org/anymatch/-/anymatch-3.1.3.tgz 0ms (cache hit)
2467 http cache chokidar@https://registry.npmjs.org/chokidar/-/chokidar-3.6.0.tgz 0ms (cache hit)
2468 http cache jiti@https://registry.npmjs.org/jiti/-/jiti-1.21.7.tgz 0ms (cache hit)
2469 http cache didyoumean@https://registry.npmjs.org/didyoumean/-/didyoumean-1.2.2.tgz 0ms (cache hit)
2470 http cache normalize-path@https://registry.npmjs.org/normalize-path/-/normalize-path-3.0.0.tgz 0ms (cache hit)
2471 http cache lilconfig@https://registry.npmjs.org/lilconfig/-/lilconfig-3.1.3.tgz 0ms (cache hit)
2472 http cache @alloc/quick-lru@https://registry.npmjs.org/@alloc/quick-lru/-/quick-lru-5.2.0.tgz 0ms (cache hit)
2473 http cache arg@https://registry.npmjs.org/arg/-/arg-5.0.2.tgz 0ms (cache hit)
2474 http cache client-only@https://registry.npmjs.org/client-only/-/client-only-0.0.1.tgz 0ms (cache hit)
2475 http cache ansi-regex@https://registry.npmjs.org/ansi-regex/-/ansi-regex-5.0.1.tgz 0ms (cache hit)
2476 http cache side-channel-weakmap@https://registry.npmjs.org/side-channel-weakmap/-/side-channel-weakmap-1.0.2.tgz 0ms (cache hit)
2477 http cache is-fullwidth-code-point@https://registry.npmjs.org/is-fullwidth-code-point/-/is-fullwidth-code-point-3.0.0.tgz 0ms (cache hit)
2478 http cache eastasianwidth@https://registry.npmjs.org/eastasianwidth/-/eastasianwidth-0.2.0.tgz 0ms (cache hit)
2479 http cache side-channel-map@https://registry.npmjs.org/side-channel-map/-/side-channel-map-1.0.1.tgz 0ms (cache hit)
2480 http cache supports-preserve-symlinks-flag@https://registry.npmjs.org/supports-preserve-symlinks-flag/-/supports-preserve-symlinks-flag-1.0.0.tgz 0ms (cache hit)
2481 http cache queue-microtask@https://registry.npmjs.org/queue-microtask/-/queue-microtask-1.2.3.tgz 0ms (cache hit)
2482 http cache loose-envify@https://registry.npmjs.org/loose-envify/-/loose-envify-1.4.0.tgz 0ms (cache hit)
2483 http cache has-flag@https://registry.npmjs.org/has-flag/-/has-flag-4.0.0.tgz 0ms (cache hit)
2484 http cache object-assign@https://registry.npmjs.org/object-assign/-/object-assign-4.1.1.tgz 0ms (cache hit)
2485 http cache side-channel-list@https://registry.npmjs.org/side-channel-list/-/side-channel-list-1.0.0.tgz 0ms (cache hit)
2486 http cache js-tokens@https://registry.npmjs.org/js-tokens/-/js-tokens-4.0.0.tgz 0ms (cache hit)
2487 http cache picocolors@https://registry.npmjs.org/picocolors/-/picocolors-1.1.1.tgz 0ms (cache hit)
2488 http cache nanoid@https://registry.npmjs.org/nanoid/-/nanoid-3.3.11.tgz 0ms (cache hit)
2489 http cache yocto-queue@https://registry.npmjs.org/yocto-queue/-/yocto-queue-0.1.0.tgz 0ms (cache hit)
2490 http cache callsites@https://registry.npmjs.org/callsites/-/callsites-3.1.0.tgz 0ms (cache hit)
2491 http cache shebang-regex@https://registry.npmjs.org/shebang-regex/-/shebang-regex-3.0.0.tgz 0ms (cache hit)
2492 http cache path-parse@https://registry.npmjs.org/path-parse/-/path-parse-1.0.7.tgz 0ms (cache hit)
2493 http cache p-limit@https://registry.npmjs.org/p-limit/-/p-limit-3.1.0.tgz 0ms (cache hit)
2494 http cache word-wrap@https://registry.npmjs.org/word-wrap/-/word-wrap-1.2.5.tgz 0ms (cache hit)
2495 http cache deep-is@https://registry.npmjs.org/deep-is/-/deep-is-0.1.4.tgz 0ms (cache hit)
2496 http cache streamsearch@https://registry.npmjs.org/streamsearch/-/streamsearch-1.1.0.tgz 0ms (cache hit)
2497 http cache @swc/counter@https://registry.npmjs.org/@swc/counter/-/counter-0.1.3.tgz 0ms (cache hit)
2498 http cache source-map-js@https://registry.npmjs.org/source-map-js/-/source-map-js-1.2.1.tgz 0ms (cache hit)
2499 http cache lru-cache@https://registry.npmjs.org/lru-cache/-/lru-cache-10.4.3.tgz 0ms (cache hit)
2500 http cache styled-jsx@https://registry.npmjs.org/styled-jsx/-/styled-jsx-5.1.1.tgz 0ms (cache hit)
2501 http cache graceful-fs@https://registry.npmjs.org/graceful-fs/-/graceful-fs-4.2.11.tgz 0ms (cache hit)
2502 http cache concat-map@https://registry.npmjs.org/concat-map/-/concat-map-0.0.1.tgz 0ms (cache hit)
2503 http cache @next/swc-darwin-arm64@https://registry.npmjs.org/@next/swc-darwin-arm64/-/swc-darwin-arm64-14.2.5.tgz 0ms (cache hit)
2504 http cache isarray@https://registry.npmjs.org/isarray/-/isarray-2.0.5.tgz 0ms (cache hit)
2505 http cache busboy@https://registry.npmjs.org/busboy/-/busboy-1.6.0.tgz 0ms (cache hit)
2506 http cache balanced-match@https://registry.npmjs.org/balanced-match/-/balanced-match-1.0.2.tgz 0ms (cache hit)
2507 http cache @next/env@https://registry.npmjs.org/@next/env/-/env-14.2.5.tgz 0ms (cache hit)
2508 http cache to-regex-range@https://registry.npmjs.org/to-regex-range/-/to-regex-range-5.0.1.tgz 0ms (cache hit)
2509 http cache brace-expansion@https://registry.npmjs.org/brace-expansion/-/brace-expansion-1.1.12.tgz 0ms (cache hit)
2510 http cache fast-levenshtein@https://registry.npmjs.org/fast-levenshtein/-/fast-levenshtein-2.0.6.tgz 0ms (cache hit)
2511 http cache fill-range@https://registry.npmjs.org/fill-range/-/fill-range-7.1.1.tgz 0ms (cache hit)
2512 http cache picomatch@https://registry.npmjs.org/picomatch/-/picomatch-2.3.1.tgz 0ms (cache hit)
2513 http cache p-locate@https://registry.npmjs.org/p-locate/-/p-locate-5.0.0.tgz 0ms (cache hit)
2514 http cache braces@https://registry.npmjs.org/braces/-/braces-3.0.3.tgz 0ms (cache hit)
2515 http cache argparse@https://registry.npmjs.org/argparse/-/argparse-2.0.1.tgz 0ms (cache hit)
2516 http cache type-check@https://registry.npmjs.org/type-check/-/type-check-0.4.0.tgz 0ms (cache hit)
2517 http cache language-subtag-registry@https://registry.npmjs.org/language-subtag-registry/-/language-subtag-registry-0.3.23.tgz 0ms (cache hit)
2518 http cache json5@https://registry.npmjs.org/json5/-/json5-1.0.2.tgz 0ms (cache hit)
2519 http cache json-buffer@https://registry.npmjs.org/json-buffer/-/json-buffer-3.0.1.tgz 0ms (cache hit)
2520 http cache prelude-ls@https://registry.npmjs.org/prelude-ls/-/prelude-ls-1.2.1.tgz 0ms (cache hit)
2521 http cache wrap-ansi-cjs@https://registry.npmjs.org/wrap-ansi/-/wrap-ansi-7.0.0.tgz 0ms (cache hit)
2522 http cache string-width-cjs@https://registry.npmjs.org/string-width/-/string-width-4.2.3.tgz 0ms (cache hit)
2523 http cache string-width@https://registry.npmjs.org/string-width/-/string-width-5.1.2.tgz 0ms (cache hit)
2524 http cache @pkgjs/parseargs@https://registry.npmjs.org/@pkgjs/parseargs/-/parseargs-0.11.0.tgz 0ms (cache hit)
2525 http cache set-function-name@https://registry.npmjs.org/set-function-name/-/set-function-name-2.0.2.tgz 0ms (cache hit)
2526 http cache resolve-from@https://registry.npmjs.org/resolve-from/-/resolve-from-4.0.0.tgz 0ms (cache hit)
2527 http cache @isaacs/cliui@https://registry.npmjs.org/@isaacs/cliui/-/cliui-8.0.2.tgz 0ms (cache hit)
2528 http cache wrap-ansi@https://registry.npmjs.org/wrap-ansi/-/wrap-ansi-8.1.0.tgz 0ms (cache hit)
2529 http cache is-extglob@https://registry.npmjs.org/is-extglob/-/is-extglob-2.1.1.tgz 0ms (cache hit)
2530 http cache strip-ansi-cjs@https://registry.npmjs.org/strip-ansi/-/strip-ansi-6.0.1.tgz 0ms (cache hit)
2531 http cache side-channel@https://registry.npmjs.org/side-channel/-/side-channel-1.1.0.tgz 0ms (cache hit)
2532 http cache path-type@https://registry.npmjs.org/path-type/-/path-type-4.0.0.tgz 0ms (cache hit)
2533 http cache parent-module@https://registry.npmjs.org/parent-module/-/parent-module-1.0.1.tgz 0ms (cache hit)
2534 http cache tslib@https://registry.npmjs.org/tslib/-/tslib-2.8.1.tgz 0ms (cache hit)
2535 http cache merge2@https://registry.npmjs.org/merge2/-/merge2-1.4.1.tgz 0ms (cache hit)
2536 http cache slash@https://registry.npmjs.org/slash/-/slash-3.0.0.tgz 0ms (cache hit)
2537 http cache fast-glob@https://registry.npmjs.org/fast-glob/-/fast-glob-3.3.3.tgz 0ms (cache hit)
2538 http cache array-union@https://registry.npmjs.org/array-union/-/array-union-2.1.0.tgz 0ms (cache hit)
2539 http cache signal-exit@https://registry.npmjs.org/signal-exit/-/signal-exit-4.1.0.tgz 0ms (cache hit)
2540 http cache minipass@https://registry.npmjs.org/minipass/-/minipass-7.1.3.tgz 0ms (cache hit)
2541 http cache type-fest@https://registry.npmjs.org/type-fest/-/type-fest-0.20.2.tgz 0ms (cache hit)
2542 http cache jackspeak@https://registry.npmjs.org/jackspeak/-/jackspeak-2.3.6.tgz 0ms (cache hit)
2543 http cache path-scurry@https://registry.npmjs.org/path-scurry/-/path-scurry-1.11.1.tgz 0ms (cache hit)
2544 http cache micromatch@https://registry.npmjs.org/micromatch/-/micromatch-4.0.8.tgz 0ms (cache hit)
2545 http cache dunder-proto@https://registry.npmjs.org/dunder-proto/-/dunder-proto-1.0.1.tgz 0ms (cache hit)
2546 http cache foreground-child@https://registry.npmjs.org/foreground-child/-/foreground-child-3.3.1.tgz 0ms (cache hit)
2547 http cache functions-have-names@https://registry.npmjs.org/functions-have-names/-/functions-have-names-1.2.3.tgz 0ms (cache hit)
2548 http cache rimraf@https://registry.npmjs.org/rimraf/-/rimraf-3.0.2.tgz 0ms (cache hit)
2549 http cache path-exists@https://registry.npmjs.org/path-exists/-/path-exists-4.0.0.tgz 0ms (cache hit)
2550 http cache dir-glob@https://registry.npmjs.org/dir-glob/-/dir-glob-3.0.1.tgz 0ms (cache hit)
2551 http cache caniuse-lite@https://registry.npmjs.org/caniuse-lite/-/caniuse-lite-1.0.30001779.tgz 0ms (cache hit)
2552 http cache reusify@https://registry.npmjs.org/reusify/-/reusify-1.1.0.tgz 0ms (cache hit)
2553 http cache resolve-pkg-maps@https://registry.npmjs.org/resolve-pkg-maps/-/resolve-pkg-maps-1.0.0.tgz 0ms (cache hit)
2554 http cache flat-cache@https://registry.npmjs.org/flat-cache/-/flat-cache-3.2.0.tgz 0ms (cache hit)
2555 http cache iterator.prototype@https://registry.npmjs.org/iterator.prototype/-/iterator.prototype-1.1.5.tgz 0ms (cache hit)
2556 http cache string.prototype.repeat@https://registry.npmjs.org/string.prototype.repeat/-/string.prototype.repeat-1.0.0.tgz 0ms (cache hit)
2557 http cache flatted@https://registry.npmjs.org/flatted/-/flatted-3.4.1.tgz 0ms (cache hit)
2558 http cache esrecurse@https://registry.npmjs.org/esrecurse/-/esrecurse-4.3.0.tgz 0ms (cache hit)
2559 http cache acorn-jsx@https://registry.npmjs.org/acorn-jsx/-/acorn-jsx-5.3.2.tgz 0ms (cache hit)
2560 http cache acorn@https://registry.npmjs.org/acorn/-/acorn-8.16.0.tgz 0ms (cache hit)
2561 http cache locate-path@https://registry.npmjs.org/locate-path/-/locate-path-6.0.0.tgz 0ms (cache hit)
2562 http cache string.prototype.matchall@https://registry.npmjs.org/string.prototype.matchall/-/string.prototype.matchall-4.0.12.tgz 0ms (cache hit)
2563 http cache array.prototype.findlast@https://registry.npmjs.org/array.prototype.findlast/-/array.prototype.findlast-1.2.5.tgz 0ms (cache hit)
2564 http cache object.entries@https://registry.npmjs.org/object.entries/-/object.entries-1.1.9.tgz 0ms (cache hit)
2565 http cache es-iterator-helpers@https://registry.npmjs.org/es-iterator-helpers/-/es-iterator-helpers-1.3.1.tgz 0ms (cache hit)
2566 http cache prop-types@https://registry.npmjs.org/prop-types/-/prop-types-15.8.1.tgz 0ms (cache hit)
2567 http cache string.prototype.includes@https://registry.npmjs.org/string.prototype.includes/-/string.prototype.includes-2.0.1.tgz 0ms (cache hit)
2568 http cache estraverse@https://registry.npmjs.org/estraverse/-/estraverse-5.3.0.tgz 0ms (cache hit)
2569 http cache language-tags@https://registry.npmjs.org/language-tags/-/language-tags-1.0.9.tgz 0ms (cache hit)
2570 http cache jsx-ast-utils@https://registry.npmjs.org/jsx-ast-utils/-/jsx-ast-utils-3.3.5.tgz 0ms (cache hit)
2571 http cache axobject-query@https://registry.npmjs.org/axobject-query/-/axobject-query-4.1.0.tgz 0ms (cache hit)
2572 http cache array.prototype.tosorted@https://registry.npmjs.org/array.prototype.tosorted/-/array.prototype.tosorted-1.1.4.tgz 0ms (cache hit)
2573 http cache aria-query@https://registry.npmjs.org/aria-query/-/aria-query-5.3.2.tgz 0ms (cache hit)
2574 http cache @swc/helpers@https://registry.npmjs.org/@swc/helpers/-/helpers-0.5.5.tgz 0ms (cache hit)
2575 http cache is-date-object@https://registry.npmjs.org/is-date-object/-/is-date-object-1.1.0.tgz 0ms (cache hit)
2576 http cache is-symbol@https://registry.npmjs.org/is-symbol/-/is-symbol-1.1.1.tgz 0ms (cache hit)
2577 http cache ast-types-flow@https://registry.npmjs.org/ast-types-flow/-/ast-types-flow-0.0.8.tgz 0ms (cache hit)
2578 http cache possible-typed-array-names@https://registry.npmjs.org/possible-typed-array-names/-/possible-typed-array-names-1.1.0.tgz 0ms (cache hit)
2579 http cache unbox-primitive@https://registry.npmjs.org/unbox-primitive/-/unbox-primitive-1.1.0.tgz 0ms (cache hit)
2580 http cache typed-array-byte-offset@https://registry.npmjs.org/typed-array-byte-offset/-/typed-array-byte-offset-1.0.4.tgz 0ms (cache hit)
2581 http cache typed-array-buffer@https://registry.npmjs.org/typed-array-buffer/-/typed-array-buffer-1.0.3.tgz 0ms (cache hit)
2582 http cache typed-array-byte-length@https://registry.npmjs.org/typed-array-byte-length/-/typed-array-byte-length-1.0.3.tgz 0ms (cache hit)
2583 http cache typed-array-length@https://registry.npmjs.org/typed-array-length/-/typed-array-length-1.0.7.tgz 0ms (cache hit)
2584 http cache which-typed-array@https://registry.npmjs.org/which-typed-array/-/which-typed-array-1.1.20.tgz 0ms (cache hit)
2585 http cache stop-iteration-iterator@https://registry.npmjs.org/stop-iteration-iterator/-/stop-iteration-iterator-1.1.0.tgz 0ms (cache hit)
2586 http cache string.prototype.trim@https://registry.npmjs.org/string.prototype.trim/-/string.prototype.trim-1.2.10.tgz 0ms (cache hit)
2587 http cache has-tostringtag@https://registry.npmjs.org/has-tostringtag/-/has-tostringtag-1.0.2.tgz 0ms (cache hit)
2588 http cache string.prototype.trimstart@https://registry.npmjs.org/string.prototype.trimstart/-/string.prototype.trimstart-1.0.8.tgz 0ms (cache hit)
2589 http cache safe-push-apply@https://registry.npmjs.org/safe-push-apply/-/safe-push-apply-1.0.0.tgz 0ms (cache hit)
2590 http cache set-proto@https://registry.npmjs.org/set-proto/-/set-proto-1.0.0.tgz 0ms (cache hit)
2591 http cache keyv@https://registry.npmjs.org/keyv/-/keyv-4.5.4.tgz 0ms (cache hit)
2592 http cache emoji-regex@https://registry.npmjs.org/emoji-regex/-/emoji-regex-9.2.2.tgz 0ms (cache hit)
2593 http cache safe-regex-test@https://registry.npmjs.org/safe-regex-test/-/safe-regex-test-1.1.0.tgz 0ms (cache hit)
2594 http cache object-inspect@https://registry.npmjs.org/object-inspect/-/object-inspect-1.13.4.tgz 0ms (cache hit)
2595 http cache object.assign@https://registry.npmjs.org/object.assign/-/object.assign-4.1.7.tgz 0ms (cache hit)
2596 http cache safe-array-concat@https://registry.npmjs.org/safe-array-concat/-/safe-array-concat-1.1.3.tgz 0ms (cache hit)
2597 http cache is-shared-array-buffer@https://registry.npmjs.org/is-shared-array-buffer/-/is-shared-array-buffer-1.0.4.tgz 0ms (cache hit)
2598 http cache is-weakref@https://registry.npmjs.org/is-weakref/-/is-weakref-1.1.1.tgz 0ms (cache hit)
2599 http cache own-keys@https://registry.npmjs.org/own-keys/-/own-keys-1.0.1.tgz 0ms (cache hit)
2600 http cache is-typed-array@https://registry.npmjs.org/is-typed-array/-/is-typed-array-1.1.15.tgz 0ms (cache hit)
2601 http cache is-regex@https://registry.npmjs.org/is-regex/-/is-regex-1.2.1.tgz 0ms (cache hit)
2602 http cache damerau-levenshtein@https://registry.npmjs.org/damerau-levenshtein/-/damerau-levenshtein-1.0.8.tgz 0ms (cache hit)
2603 http cache is-set@https://registry.npmjs.org/is-set/-/is-set-2.0.3.tgz 0ms (cache hit)
2604 http cache is-data-view@https://registry.npmjs.org/is-data-view/-/is-data-view-1.0.2.tgz 0ms (cache hit)
2605 http cache is-callable@https://registry.npmjs.org/is-callable/-/is-callable-1.2.7.tgz 0ms (cache hit)
2606 http cache internal-slot@https://registry.npmjs.org/internal-slot/-/internal-slot-1.1.0.tgz 0ms (cache hit)
2607 http cache is-array-buffer@https://registry.npmjs.org/is-array-buffer/-/is-array-buffer-3.0.5.tgz 0ms (cache hit)
2608 http cache globalthis@https://registry.npmjs.org/globalthis/-/globalthis-1.0.4.tgz 0ms (cache hit)
2609 http cache has-symbols@https://registry.npmjs.org/has-symbols/-/has-symbols-1.1.0.tgz 0ms (cache hit)
2610 http cache function.prototype.name@https://registry.npmjs.org/function.prototype.name/-/function.prototype.name-1.1.8.tgz 0ms (cache hit)
2611 http cache get-symbol-description@https://registry.npmjs.org/get-symbol-description/-/get-symbol-description-1.1.0.tgz 0ms (cache hit)
2612 http cache es-set-tostringtag@https://registry.npmjs.org/es-set-tostringtag/-/es-set-tostringtag-2.1.0.tgz 0ms (cache hit)
2613 http cache has-proto@https://registry.npmjs.org/has-proto/-/has-proto-1.2.0.tgz 0ms (cache hit)
2614 http cache es-to-primitive@https://registry.npmjs.org/es-to-primitive/-/es-to-primitive-1.3.0.tgz 0ms (cache hit)
2615 http cache get-proto@https://registry.npmjs.org/get-proto/-/get-proto-1.0.1.tgz 0ms (cache hit)
2616 http cache axe-core@https://registry.npmjs.org/axe-core/-/axe-core-4.11.1.tgz 0ms (cache hit)
2617 http cache data-view-byte-offset@https://registry.npmjs.org/data-view-byte-offset/-/data-view-byte-offset-1.0.1.tgz 0ms (cache hit)
2618 http cache regexp.prototype.flags@https://registry.npmjs.org/regexp.prototype.flags/-/regexp.prototype.flags-1.5.4.tgz 0ms (cache hit)
2619 http cache array-buffer-byte-length@https://registry.npmjs.org/array-buffer-byte-length/-/array-buffer-byte-length-1.0.2.tgz 0ms (cache hit)
2620 http cache data-view-byte-length@https://registry.npmjs.org/data-view-byte-length/-/data-view-byte-length-1.0.2.tgz 0ms (cache hit)
2621 http cache arraybuffer.prototype.slice@https://registry.npmjs.org/arraybuffer.prototype.slice/-/arraybuffer.prototype.slice-1.0.4.tgz 0ms (cache hit)
2622 http cache object-keys@https://registry.npmjs.org/object-keys/-/object-keys-1.1.1.tgz 0ms (cache hit)
2623 http cache has-property-descriptors@https://registry.npmjs.org/has-property-descriptors/-/has-property-descriptors-1.0.2.tgz 0ms (cache hit)
2624 http cache function-bind@https://registry.npmjs.org/function-bind/-/function-bind-1.1.2.tgz 0ms (cache hit)
2625 http cache gopd@https://registry.npmjs.org/gopd/-/gopd-1.2.0.tgz 0ms (cache hit)
2626 http cache available-typed-arrays@https://registry.npmjs.org/available-typed-arrays/-/available-typed-arrays-1.0.7.tgz 0ms (cache hit)
2627 http cache call-bind-apply-helpers@https://registry.npmjs.org/call-bind-apply-helpers/-/call-bind-apply-helpers-1.0.2.tgz 0ms (cache hit)
2628 http cache define-data-property@https://registry.npmjs.org/define-data-property/-/define-data-property-1.1.4.tgz 0ms (cache hit)
2629 http cache set-function-length@https://registry.npmjs.org/set-function-length/-/set-function-length-1.2.2.tgz 0ms (cache hit)
2630 http cache es-define-property@https://registry.npmjs.org/es-define-property/-/es-define-property-1.0.1.tgz 0ms (cache hit)
2631 http cache data-view-buffer@https://registry.npmjs.org/data-view-buffer/-/data-view-buffer-1.0.2.tgz 0ms (cache hit)
2632 http cache math-intrinsics@https://registry.npmjs.org/math-intrinsics/-/math-intrinsics-1.1.0.tgz 0ms (cache hit)
2633 http cache es-shim-unscopables@https://registry.npmjs.org/es-shim-unscopables/-/es-shim-unscopables-1.1.0.tgz 0ms (cache hit)
2634 http cache get-intrinsic@https://registry.npmjs.org/get-intrinsic/-/get-intrinsic-1.3.0.tgz 0ms (cache hit)
2635 http cache is-string@https://registry.npmjs.org/is-string/-/is-string-1.1.1.tgz 0ms (cache hit)
2636 http cache call-bound@https://registry.npmjs.org/call-bound/-/call-bound-1.0.4.tgz 0ms (cache hit)
2637 http cache define-properties@https://registry.npmjs.org/define-properties/-/define-properties-1.2.1.tgz 0ms (cache hit)
2638 http cache tsconfig-paths@https://registry.npmjs.org/tsconfig-paths/-/tsconfig-paths-3.15.0.tgz 0ms (cache hit)
2639 http cache call-bind@https://registry.npmjs.org/call-bind/-/call-bind-1.0.8.tgz 0ms (cache hit)
2640 http cache object.values@https://registry.npmjs.org/object.values/-/object.values-1.2.1.tgz 0ms (cache hit)
2641 http cache string.prototype.trimend@https://registry.npmjs.org/string.prototype.trimend/-/string.prototype.trimend-1.0.9.tgz 0ms (cache hit)
2642 http cache es-object-atoms@https://registry.npmjs.org/es-object-atoms/-/es-object-atoms-1.1.1.tgz 0ms (cache hit)
2643 http cache object.fromentries@https://registry.npmjs.org/object.fromentries/-/object.fromentries-2.0.8.tgz 0ms (cache hit)
2644 http cache object.groupby@https://registry.npmjs.org/object.groupby/-/object.groupby-1.0.3.tgz 0ms (cache hit)
2645 http cache es-abstract@https://registry.npmjs.org/es-abstract/-/es-abstract-1.24.1.tgz 0ms (cache hit)
2646 http cache hasown@https://registry.npmjs.org/hasown/-/hasown-2.0.2.tgz 0ms (cache hit)
2647 http cache array.prototype.flat@https://registry.npmjs.org/array.prototype.flat/-/array.prototype.flat-1.3.3.tgz 0ms (cache hit)
2648 http cache array.prototype.findlastindex@https://registry.npmjs.org/array.prototype.findlastindex/-/array.prototype.findlastindex-1.2.6.tgz 0ms (cache hit)
2649 http cache @rtsao/scc@https://registry.npmjs.org/@rtsao/scc/-/scc-1.1.0.tgz 0ms (cache hit)
2650 http cache is-negative-zero@https://registry.npmjs.org/is-negative-zero/-/is-negative-zero-2.0.3.tgz 0ms (cache hit)
2651 http cache es-errors@https://registry.npmjs.org/es-errors/-/es-errors-1.3.0.tgz 0ms (cache hit)
2652 http cache get-tsconfig@https://registry.npmjs.org/get-tsconfig/-/get-tsconfig-4.13.6.tgz 0ms (cache hit)
2653 http cache stable-hash@https://registry.npmjs.org/stable-hash/-/stable-hash-0.0.5.tgz 0ms (cache hit)
2654 http cache is-bun-module@https://registry.npmjs.org/is-bun-module/-/is-bun-module-2.0.0.tgz 0ms (cache hit)
2655 http cache tinyglobby@https://registry.npmjs.org/tinyglobby/-/tinyglobby-0.2.15.tgz 0ms (cache hit)
2656 http cache array-includes@https://registry.npmjs.org/array-includes/-/array-includes-3.1.9.tgz 0ms (cache hit)
2657 http cache is-core-module@https://registry.npmjs.org/is-core-module/-/is-core-module-2.16.1.tgz 0ms (cache hit)
2658 http cache @nolyfill/is-core-module@https://registry.npmjs.org/@nolyfill/is-core-module/-/is-core-module-1.0.39.tgz 0ms (cache hit)
2659 http cache globby@https://registry.npmjs.org/globby/-/globby-11.1.0.tgz 0ms (cache hit)
2660 http cache resolve@https://registry.npmjs.org/resolve/-/resolve-1.22.11.tgz 0ms (cache hit)
2661 http cache semver@https://registry.npmjs.org/semver/-/semver-7.7.4.tgz 0ms (cache hit)
2662 http cache @typescript-eslint/typescript-estree@https://registry.npmjs.org/@typescript-eslint/typescript-estree/-/typescript-estree-7.2.0.tgz 0ms (cache hit)
2663 http cache glob@https://registry.npmjs.org/glob/-/glob-10.3.10.tgz 0ms (cache hit)
2664 http cache @typescript-eslint/scope-manager@https://registry.npmjs.org/@typescript-eslint/scope-manager/-/scope-manager-7.2.0.tgz 0ms (cache hit)
2665 http cache ts-api-utils@https://registry.npmjs.org/ts-api-utils/-/ts-api-utils-1.4.3.tgz 0ms (cache hit)
2666 http cache eslint-plugin-jsx-a11y@https://registry.npmjs.org/eslint-plugin-jsx-a11y/-/eslint-plugin-jsx-a11y-6.10.2.tgz 0ms (cache hit)
2667 http cache @typescript-eslint/visitor-keys@https://registry.npmjs.org/@typescript-eslint/visitor-keys/-/visitor-keys-7.2.0.tgz 1ms (cache hit)
2668 http cache array.prototype.flatmap@https://registry.npmjs.org/array.prototype.flatmap/-/array.prototype.flatmap-1.3.3.tgz 0ms (cache hit)
2669 http cache pirates@https://registry.npmjs.org/pirates/-/pirates-4.0.7.tgz 0ms (cache hit)
2670 http cache @typescript-eslint/parser@https://registry.npmjs.org/@typescript-eslint/parser/-/parser-7.2.0.tgz 0ms (cache hit)
2671 http cache eslint-plugin-import@https://registry.npmjs.org/eslint-plugin-import/-/eslint-plugin-import-2.32.0.tgz 0ms (cache hit)
2672 http cache eslint-import-resolver-node@https://registry.npmjs.org/eslint-import-resolver-node/-/eslint-import-resolver-node-0.3.9.tgz 0ms (cache hit)
2673 http cache @next/eslint-plugin-next@https://registry.npmjs.org/@next/eslint-plugin-next/-/eslint-plugin-next-14.2.5.tgz 0ms (cache hit)
2674 http cache @rushstack/eslint-patch@https://registry.npmjs.org/@rushstack/eslint-patch/-/eslint-patch-1.16.1.tgz 0ms (cache hit)
2675 http cache path-key@https://registry.npmjs.org/path-key/-/path-key-3.1.1.tgz 0ms (cache hit)
2676 http cache shebang-command@https://registry.npmjs.org/shebang-command/-/shebang-command-2.0.0.tgz 0ms (cache hit)
2677 http cache which@https://registry.npmjs.org/which/-/which-2.0.2.tgz 0ms (cache hit)
2678 http cache color-name@https://registry.npmjs.org/color-name/-/color-name-1.1.4.tgz 0ms (cache hit)
2679 http cache eslint-import-resolver-typescript@https://registry.npmjs.org/eslint-import-resolver-typescript/-/eslint-import-resolver-typescript-3.10.1.tgz 0ms (cache hit)
2680 http cache ansi-styles@https://registry.npmjs.org/ansi-styles/-/ansi-styles-4.3.0.tgz 0ms (cache hit)
2681 http cache json-schema-traverse@https://registry.npmjs.org/json-schema-traverse/-/json-schema-traverse-0.4.1.tgz 0ms (cache hit)
2682 http cache @typescript-eslint/types@https://registry.npmjs.org/@typescript-eslint/types/-/types-7.2.0.tgz 0ms (cache hit)
2683 http cache eslint-plugin-react@https://registry.npmjs.org/eslint-plugin-react/-/eslint-plugin-react-7.37.5.tgz 0ms (cache hit)
2684 http cache supports-color@https://registry.npmjs.org/supports-color/-/supports-color-7.2.0.tgz 0ms (cache hit)
2685 http cache uri-js@https://registry.npmjs.org/uri-js/-/uri-js-4.4.1.tgz 0ms (cache hit)
2686 http cache eslint-plugin-react-hooks@https://registry.npmjs.org/eslint-plugin-react-hooks/-/eslint-plugin-react-hooks-5.0.0-canary-7118f5dd7-20230705.tgz 0ms (cache hit)
2687 http cache eslint-module-utils@https://registry.npmjs.org/eslint-module-utils/-/eslint-module-utils-2.12.1.tgz 0ms (cache hit)
2688 http cache fast-json-stable-stringify@https://registry.npmjs.org/fast-json-stable-stringify/-/fast-json-stable-stringify-2.1.0.tgz 0ms (cache hit)
2689 http cache run-parallel@https://registry.npmjs.org/run-parallel/-/run-parallel-1.2.0.tgz 0ms (cache hit)
2690 http cache @nodelib/fs.scandir@https://registry.npmjs.org/@nodelib/fs.scandir/-/fs.scandir-2.1.5.tgz 0ms (cache hit)
2691 http cache @nodelib/fs.stat@https://registry.npmjs.org/@nodelib/fs.stat/-/fs.stat-2.0.5.tgz 0ms (cache hit)
2692 http cache @humanwhocodes/object-schema@https://registry.npmjs.org/@humanwhocodes/object-schema/-/object-schema-2.0.3.tgz 0ms (cache hit)
2693 http cache fastq@https://registry.npmjs.org/fastq/-/fastq-1.20.1.tgz 0ms (cache hit)
2694 http cache ms@https://registry.npmjs.org/ms/-/ms-2.1.3.tgz 0ms (cache hit)
2695 http cache strip-json-comments@https://registry.npmjs.org/strip-json-comments/-/strip-json-comments-3.1.1.tgz 0ms (cache hit)
2696 http cache strip-ansi@https://registry.npmjs.org/strip-ansi/-/strip-ansi-6.0.1.tgz 0ms (cache hit)
2697 http cache text-table@https://registry.npmjs.org/text-table/-/text-table-0.2.0.tgz 0ms (cache hit)
2698 http cache optionator@https://registry.npmjs.org/optionator/-/optionator-0.9.4.tgz 0ms (cache hit)
2699 http cache natural-compare@https://registry.npmjs.org/natural-compare/-/natural-compare-1.4.0.tgz 0ms (cache hit)
2700 http cache minimatch@https://registry.npmjs.org/minimatch/-/minimatch-3.1.5.tgz 0ms (cache hit)
2701 http cache lodash.merge@https://registry.npmjs.org/lodash.merge/-/lodash.merge-4.6.2.tgz 0ms (cache hit)
2702 http cache import-fresh@https://registry.npmjs.org/import-fresh/-/import-fresh-3.3.1.tgz 0ms (cache hit)
2703 http cache is-path-inside@https://registry.npmjs.org/is-path-inside/-/is-path-inside-3.0.3.tgz 0ms (cache hit)
2704 http cache json-stable-stringify-without-jsonify@https://registry.npmjs.org/json-stable-stringify-without-jsonify/-/json-stable-stringify-without-jsonify-1.0.1.tgz 0ms (cache hit)
2705 http cache graphemer@https://registry.npmjs.org/graphemer/-/graphemer-1.4.0.tgz 0ms (cache hit)
2706 http cache ignore@https://registry.npmjs.org/ignore/-/ignore-5.3.2.tgz 0ms (cache hit)
2707 http cache levn@https://registry.npmjs.org/levn/-/levn-0.4.1.tgz 0ms (cache hit)
2708 http cache imurmurhash@https://registry.npmjs.org/imurmurhash/-/imurmurhash-0.1.4.tgz 0ms (cache hit)
2709 http cache is-glob@https://registry.npmjs.org/is-glob/-/is-glob-4.0.3.tgz 0ms (cache hit)
2710 http cache color-convert@https://registry.npmjs.org/color-convert/-/color-convert-2.0.1.tgz 0ms (cache hit)
2711 http cache globals@https://registry.npmjs.org/globals/-/globals-13.24.0.tgz 0ms (cache hit)
2712 http cache fast-deep-equal@https://registry.npmjs.org/fast-deep-equal/-/fast-deep-equal-3.1.3.tgz 0ms (cache hit)
2713 http cache glob-parent@https://registry.npmjs.org/glob-parent/-/glob-parent-6.0.2.tgz 0ms (cache hit)
2714 http cache eslint-visitor-keys@https://registry.npmjs.org/eslint-visitor-keys/-/eslint-visitor-keys-3.4.3.tgz 0ms (cache hit)
2715 http cache file-entry-cache@https://registry.npmjs.org/file-entry-cache/-/file-entry-cache-6.0.1.tgz 0ms (cache hit)
2716 http cache espree@https://registry.npmjs.org/espree/-/espree-9.6.1.tgz 0ms (cache hit)
2717 http cache esutils@https://registry.npmjs.org/esutils/-/esutils-2.0.3.tgz 0ms (cache hit)
2718 http cache eslint-scope@https://registry.npmjs.org/eslint-scope/-/eslint-scope-7.2.2.tgz 0ms (cache hit)
2719 http cache esquery@https://registry.npmjs.org/esquery/-/esquery-1.7.0.tgz 0ms (cache hit)
2720 http cache escape-string-regexp@https://registry.npmjs.org/escape-string-regexp/-/escape-string-regexp-4.0.0.tgz 0ms (cache hit)
2721 http cache doctrine@https://registry.npmjs.org/doctrine/-/doctrine-3.0.0.tgz 0ms (cache hit)
2722 http cache ajv@https://registry.npmjs.org/ajv/-/ajv-6.14.0.tgz 0ms (cache hit)
2723 http cache chalk@https://registry.npmjs.org/chalk/-/chalk-4.1.2.tgz 0ms (cache hit)
2724 http cache debug@https://registry.npmjs.org/debug/-/debug-4.4.3.tgz 0ms (cache hit)
2725 http cache cross-spawn@https://registry.npmjs.org/cross-spawn/-/cross-spawn-7.0.6.tgz 0ms (cache hit)
2726 http cache @humanwhocodes/module-importer@https://registry.npmjs.org/@humanwhocodes/module-importer/-/module-importer-1.0.1.tgz 0ms (cache hit)
2727 http cache @nodelib/fs.walk@https://registry.npmjs.org/@nodelib/fs.walk/-/fs.walk-1.2.8.tgz 0ms (cache hit)
2728 http cache csstype@https://registry.npmjs.org/csstype/-/csstype-3.2.3.tgz 0ms (cache hit)
2729 http cache @humanwhocodes/config-array@https://registry.npmjs.org/@humanwhocodes/config-array/-/config-array-0.13.0.tgz 0ms (cache hit)
2730 http cache @ungap/structured-clone@https://registry.npmjs.org/@ungap/structured-clone/-/structured-clone-1.3.0.tgz 0ms (cache hit)
2731 http cache @eslint-community/regexpp@https://registry.npmjs.org/@eslint-community/regexpp/-/regexpp-4.12.2.tgz 0ms (cache hit)
2732 http cache @types/prop-types@https://registry.npmjs.org/@types/prop-types/-/prop-types-15.7.15.tgz 0ms (cache hit)
2733 http cache @eslint-community/eslint-utils@https://registry.npmjs.org/@eslint-community/eslint-utils/-/eslint-utils-4.9.1.tgz 0ms (cache hit)
2734 http cache tailwindcss@https://registry.npmjs.org/tailwindcss/-/tailwindcss-3.4.19.tgz 0ms (cache hit)
2735 http cache undici-types@https://registry.npmjs.org/undici-types/-/undici-types-6.21.0.tgz 0ms (cache hit)
2736 http cache typescript@https://registry.npmjs.org/typescript/-/typescript-5.9.3.tgz 0ms (cache hit)
2737 http cache eslint-config-next@https://registry.npmjs.org/eslint-config-next/-/eslint-config-next-14.2.5.tgz 0ms (cache hit)
2738 http cache @eslint/eslintrc@https://registry.npmjs.org/@eslint/eslintrc/-/eslintrc-2.1.4.tgz 0ms (cache hit)
2739 http cache eslint@https://registry.npmjs.org/eslint/-/eslint-8.57.1.tgz 0ms (cache hit)
2740 http cache postcss@https://registry.npmjs.org/postcss/-/postcss-8.5.8.tgz 0ms (cache hit)
2741 http cache next@https://registry.npmjs.org/next/-/next-14.2.5.tgz 0ms (cache hit)
2742 http cache @eslint/js@https://registry.npmjs.org/@eslint/js/-/js-8.57.1.tgz 0ms (cache hit)
2743 http cache @types/react-dom@https://registry.npmjs.org/@types/react-dom/-/react-dom-18.3.7.tgz 0ms (cache hit)
2744 http cache @types/node@https://registry.npmjs.org/@types/node/-/node-20.19.37.tgz 0ms (cache hit)
2745 http cache @types/react@https://registry.npmjs.org/@types/react/-/react-18.3.28.tgz 0ms (cache hit)
2746 http cache react@https://registry.npmjs.org/react/-/react-18.3.1.tgz 0ms (cache hit)
2747 http cache find-up@https://registry.npmjs.org/find-up/-/find-up-5.0.0.tgz 0ms (cache hit)
2748 http cache react-dom@https://registry.npmjs.org/react-dom/-/react-dom-18.3.1.tgz 0ms (cache hit)
2749 http cache scheduler@https://registry.npmjs.org/scheduler/-/scheduler-0.23.2.tgz 0ms (cache hit)
2750 http cache glob-parent@https://registry.npmjs.org/glob-parent/-/glob-parent-5.1.2.tgz 0ms (cache hit)
2751 http cache unrs-resolver@https://registry.npmjs.org/unrs-resolver/-/unrs-resolver-1.11.1.tgz 0ms (cache hit)
2752 http cache ansi-styles@https://registry.npmjs.org/ansi-styles/-/ansi-styles-6.2.3.tgz 0ms (cache hit)
2753 http cache emoji-regex@https://registry.npmjs.org/emoji-regex/-/emoji-regex-8.0.0.tgz 0ms (cache hit)
2754 http cache emoji-regex@https://registry.npmjs.org/emoji-regex/-/emoji-regex-8.0.0.tgz 0ms (cache hit)
2755 http cache string-width@https://registry.npmjs.org/string-width/-/string-width-4.2.3.tgz 0ms (cache hit)
2756 http cache strip-ansi@https://registry.npmjs.org/strip-ansi/-/strip-ansi-7.2.0.tgz 0ms (cache hit)
2757 http cache ansi-regex@https://registry.npmjs.org/ansi-regex/-/ansi-regex-6.2.2.tgz 0ms (cache hit)
2758 http cache ansi-regex@https://registry.npmjs.org/ansi-regex/-/ansi-regex-6.2.2.tgz 0ms (cache hit)
2759 http cache semver@https://registry.npmjs.org/semver/-/semver-6.3.1.tgz 0ms (cache hit)
2760 http cache react-is@https://registry.npmjs.org/react-is/-/react-is-16.13.1.tgz 0ms (cache hit)
2761 http cache js-yaml@https://registry.npmjs.org/js-yaml/-/js-yaml-4.1.1.tgz 0ms (cache hit)
2762 http cache strip-ansi@https://registry.npmjs.org/strip-ansi/-/strip-ansi-7.2.0.tgz 0ms (cache hit)
2763 http cache ansi-regex@https://registry.npmjs.org/ansi-regex/-/ansi-regex-6.2.2.tgz 0ms (cache hit)
2764 http cache strip-ansi@https://registry.npmjs.org/strip-ansi/-/strip-ansi-7.2.0.tgz 0ms (cache hit)
2765 http cache glob@https://registry.npmjs.org/glob/-/glob-7.2.3.tgz 0ms (cache hit)
2766 http cache picomatch@https://registry.npmjs.org/picomatch/-/picomatch-4.0.3.tgz 0ms (cache hit)
2767 http cache brace-expansion@https://registry.npmjs.org/brace-expansion/-/brace-expansion-2.0.2.tgz 0ms (cache hit)
2768 http cache minimatch@https://registry.npmjs.org/minimatch/-/minimatch-9.0.9.tgz 0ms (cache hit)
2769 http cache minimatch@https://registry.npmjs.org/minimatch/-/minimatch-9.0.3.tgz 0ms (cache hit)
2770 http cache brace-expansion@https://registry.npmjs.org/brace-expansion/-/brace-expansion-2.0.2.tgz 0ms (cache hit)
2771 http cache debug@https://registry.npmjs.org/debug/-/debug-3.2.7.tgz 0ms (cache hit)
2772 http cache postcss@https://registry.npmjs.org/postcss/-/postcss-8.4.31.tgz 0ms (cache hit)
2773 http cache resolve@https://registry.npmjs.org/resolve/-/resolve-2.0.0-next.6.tgz 0ms (cache hit)
2774 http cache doctrine@https://registry.npmjs.org/doctrine/-/doctrine-2.1.0.tgz 0ms (cache hit)
2775 http cache debug@https://registry.npmjs.org/debug/-/debug-3.2.7.tgz 0ms (cache hit)
2776 silly tarball no local data for wrappy@https://registry.npmjs.org/wrappy/-/wrappy-1.0.2.tgz. Extracting by manifest.
2777 http cache fdir@https://registry.npmjs.org/fdir/-/fdir-6.5.0.tgz 0ms (cache hit)
2778 http cache doctrine@https://registry.npmjs.org/doctrine/-/doctrine-2.1.0.tgz 0ms (cache hit)
2779 http cache debug@https://registry.npmjs.org/debug/-/debug-3.2.7.tgz 0ms (cache hit)
2780 silly tarball no local data for inflight@https://registry.npmjs.org/inflight/-/inflight-1.0.6.tgz. Extracting by manifest.
2781 silly tarball no local data for once@https://registry.npmjs.org/once/-/once-1.4.0.tgz. Extracting by manifest.
2782 silly tarball no local data for inherits@https://registry.npmjs.org/inherits/-/inherits-2.0.4.tgz. Extracting by manifest.
2783 http cache semver@https://registry.npmjs.org/semver/-/semver-6.3.1.tgz 0ms (cache hit)
2784 silly tarball no local data for node-exports-info@https://registry.npmjs.org/node-exports-info/-/node-exports-info-1.6.0.tgz. Extracting by manifest.
2785 silly tarball no local data for is-map@https://registry.npmjs.org/is-map/-/is-map-2.0.3.tgz. Extracting by manifest.
2786 http cache glob-parent@https://registry.npmjs.org/glob-parent/-/glob-parent-5.1.2.tgz 0ms (cache hit)
2787 silly tarball no local data for generator-function@https://registry.npmjs.org/generator-function/-/generator-function-2.0.1.tgz. Extracting by manifest.
2788 silly tarball no local data for is-weakmap@https://registry.npmjs.org/is-weakmap/-/is-weakmap-2.0.2.tgz. Extracting by manifest.
2789 silly tarball no local data for async-function@https://registry.npmjs.org/async-function/-/async-function-1.0.0.tgz. Extracting by manifest.
2790 silly tarball no local data for which-collection@https://registry.npmjs.org/which-collection/-/which-collection-1.0.2.tgz. Extracting by manifest.
2791 silly tarball no local data for is-finalizationregistry@https://registry.npmjs.org/is-finalizationregistry/-/is-finalizationregistry-1.1.1.tgz. Extracting by manifest.
2792 silly tarball no local data for is-generator-function@https://registry.npmjs.org/is-generator-function/-/is-generator-function-1.1.2.tgz. Extracting by manifest.
2793 silly tarball no local data for path-is-absolute@https://registry.npmjs.org/path-is-absolute/-/path-is-absolute-1.0.1.tgz. Extracting by manifest.
2794 silly tarball no local data for is-number-object@https://registry.npmjs.org/is-number-object/-/is-number-object-1.1.1.tgz. Extracting by manifest.
2795 silly tarball no local data for is-async-function@https://registry.npmjs.org/is-async-function/-/is-async-function-2.1.1.tgz. Extracting by manifest.
2796 silly tarball no local data for @emnapi/wasi-threads@https://registry.npmjs.org/@emnapi/wasi-threads/-/wasi-threads-1.2.0.tgz. Extracting by manifest.
2797 silly tarball no local data for isexe@https://registry.npmjs.org/isexe/-/isexe-2.0.0.tgz. Extracting by manifest.
2798 silly tarball no local data for is-bigint@https://registry.npmjs.org/is-bigint/-/is-bigint-1.1.0.tgz. Extracting by manifest.
2799 silly tarball no local data for is-boolean-object@https://registry.npmjs.org/is-boolean-object/-/is-boolean-object-1.2.2.tgz. Extracting by manifest.
2800 silly tarball no local data for punycode@https://registry.npmjs.org/punycode/-/punycode-2.3.1.tgz. Extracting by manifest.
2801 silly tarball no local data for @napi-rs/wasm-runtime@https://registry.npmjs.org/@napi-rs/wasm-runtime/-/wasm-runtime-0.2.12.tgz. Extracting by manifest.
2802 silly tarball no local data for @emnapi/runtime@https://registry.npmjs.org/@emnapi/runtime/-/runtime-1.9.0.tgz. Extracting by manifest.
2803 silly tarball no local data for napi-postinstall@https://registry.npmjs.org/napi-postinstall/-/napi-postinstall-0.3.4.tgz. Extracting by manifest.
2804 silly tarball no local data for @tybys/wasm-util@https://registry.npmjs.org/@tybys/wasm-util/-/wasm-util-0.10.1.tgz. Extracting by manifest.
2805 silly tarball no local data for which-builtin-type@https://registry.npmjs.org/which-builtin-type/-/which-builtin-type-1.2.1.tgz. Extracting by manifest.
2806 silly tarball no local data for reflect.getprototypeof@https://registry.npmjs.org/reflect.getprototypeof/-/reflect.getprototypeof-1.0.10.tgz. Extracting by manifest.
2807 silly tarball no local data for @unrs/resolver-binding-darwin-arm64@https://registry.npmjs.org/@unrs/resolver-binding-darwin-arm64/-/resolver-binding-darwin-arm64-1.11.1.tgz. Extracting by manifest.
2808 silly tarball no local data for which-boxed-primitive@https://registry.npmjs.org/which-boxed-primitive/-/which-boxed-primitive-1.1.1.tgz. Extracting by manifest.
2809 silly tarball no local data for for-each@https://registry.npmjs.org/for-each/-/for-each-0.3.5.tgz. Extracting by manifest.
2810 silly tarball no local data for strip-bom@https://registry.npmjs.org/strip-bom/-/strip-bom-3.0.0.tgz. Extracting by manifest.
2811 silly tarball no local data for minimist@https://registry.npmjs.org/minimist/-/minimist-1.2.8.tgz. Extracting by manifest.
2812 silly tarball no local data for is-number@https://registry.npmjs.org/is-number/-/is-number-7.0.0.tgz. Extracting by manifest.
2813 silly tarball no local data for @types/json5@https://registry.npmjs.org/@types/json5/-/json5-0.0.29.tgz. Extracting by manifest.
2814 silly tarball no local data for @emnapi/core@https://registry.npmjs.org/@emnapi/core/-/core-1.9.0.tgz. Extracting by manifest.
2815 silly tarball no local data for thenify@https://registry.npmjs.org/thenify/-/thenify-3.3.1.tgz. Extracting by manifest.
2816 silly tarball no local data for thenify-all@https://registry.npmjs.org/thenify-all/-/thenify-all-1.6.0.tgz. Extracting by manifest.
2817 silly tarball no local data for @jridgewell/sourcemap-codec@https://registry.npmjs.org/@jridgewell/sourcemap-codec/-/sourcemap-codec-1.5.5.tgz. Extracting by manifest.
2818 silly tarball no local data for any-promise@https://registry.npmjs.org/any-promise/-/any-promise-1.3.0.tgz. Extracting by manifest.
2819 silly tarball no local data for @jridgewell/resolve-uri@https://registry.npmjs.org/@jridgewell/resolve-uri/-/resolve-uri-3.1.2.tgz. Extracting by manifest.
2820 silly tarball no local data for @jridgewell/trace-mapping@https://registry.npmjs.org/@jridgewell/trace-mapping/-/trace-mapping-0.3.31.tgz. Extracting by manifest.
2821 silly tarball no local data for ts-interface-checker@https://registry.npmjs.org/ts-interface-checker/-/ts-interface-checker-0.1.13.tgz. Extracting by manifest.
2822 silly tarball no local data for mz@https://registry.npmjs.org/mz/-/mz-2.7.0.tgz. Extracting by manifest.
2823 silly tarball no local data for fs.realpath@https://registry.npmjs.org/fs.realpath/-/fs.realpath-1.0.0.tgz. Extracting by manifest.
2824 silly tarball no local data for commander@https://registry.npmjs.org/commander/-/commander-4.1.1.tgz. Extracting by manifest.
2825 silly tarball no local data for is-weakset@https://registry.npmjs.org/is-weakset/-/is-weakset-2.0.4.tgz. Extracting by manifest.
2826 silly tarball no local data for @jridgewell/gen-mapping@https://registry.npmjs.org/@jridgewell/gen-mapping/-/gen-mapping-0.3.13.tgz. Extracting by manifest.
2827 silly tarball no local data for has-bigints@https://registry.npmjs.org/has-bigints/-/has-bigints-1.1.0.tgz. Extracting by manifest.
2828 silly tarball no local data for pify@https://registry.npmjs.org/pify/-/pify-2.3.0.tgz. Extracting by manifest.
2829 silly tarball no local data for lines-and-columns@https://registry.npmjs.org/lines-and-columns/-/lines-and-columns-1.2.4.tgz. Extracting by manifest.
2830 silly tarball no local data for cssesc@https://registry.npmjs.org/cssesc/-/cssesc-3.0.0.tgz. Extracting by manifest.
2831 silly tarball no local data for camelcase-css@https://registry.npmjs.org/camelcase-css/-/camelcase-css-2.0.1.tgz. Extracting by manifest.
2832 silly tarball no local data for read-cache@https://registry.npmjs.org/read-cache/-/read-cache-1.0.0.tgz. Extracting by manifest.
2833 silly tarball no local data for binary-extensions@https://registry.npmjs.org/binary-extensions/-/binary-extensions-2.3.0.tgz. Extracting by manifest.
2834 silly tarball no local data for readdirp@https://registry.npmjs.org/readdirp/-/readdirp-3.6.0.tgz. Extracting by manifest.
2835 silly tarball no local data for postcss-value-parser@https://registry.npmjs.org/postcss-value-parser/-/postcss-value-parser-4.2.0.tgz. Extracting by manifest.
2836 silly tarball no local data for postcss-nested@https://registry.npmjs.org/postcss-nested/-/postcss-nested-6.2.0.tgz. Extracting by manifest.
2837 silly tarball no local data for util-deprecate@https://registry.npmjs.org/util-deprecate/-/util-deprecate-1.0.2.tgz. Extracting by manifest.
2838 silly tarball no local data for sucrase@https://registry.npmjs.org/sucrase/-/sucrase-3.35.1.tgz. Extracting by manifest.
2839 silly tarball no local data for is-binary-path@https://registry.npmjs.org/is-binary-path/-/is-binary-path-2.1.0.tgz. Extracting by manifest.
2840 silly tarball no local data for fsevents@https://registry.npmjs.org/fsevents/-/fsevents-2.3.3.tgz. Extracting by manifest.
2841 silly tarball no local data for object-hash@https://registry.npmjs.org/object-hash/-/object-hash-3.0.0.tgz. Extracting by manifest.
2842 silly tarball no local data for postcss-import@https://registry.npmjs.org/postcss-import/-/postcss-import-15.1.0.tgz. Extracting by manifest.
2843 silly tarball no local data for postcss-js@https://registry.npmjs.org/postcss-js/-/postcss-js-4.1.0.tgz. Extracting by manifest.
2844 silly tarball no local data for postcss-load-config@https://registry.npmjs.org/postcss-load-config/-/postcss-load-config-6.0.1.tgz. Extracting by manifest.
2845 silly tarball no local data for postcss-selector-parser@https://registry.npmjs.org/postcss-selector-parser/-/postcss-selector-parser-6.1.2.tgz. Extracting by manifest.
2846 silly tarball no local data for dlv@https://registry.npmjs.org/dlv/-/dlv-1.1.3.tgz. Extracting by manifest.
2847 silly tarball no local data for anymatch@https://registry.npmjs.org/anymatch/-/anymatch-3.1.3.tgz. Extracting by manifest.
2848 silly tarball no local data for chokidar@https://registry.npmjs.org/chokidar/-/chokidar-3.6.0.tgz. Extracting by manifest.
2849 silly tarball no local data for jiti@https://registry.npmjs.org/jiti/-/jiti-1.21.7.tgz. Extracting by manifest.
2850 silly tarball no local data for didyoumean@https://registry.npmjs.org/didyoumean/-/didyoumean-1.2.2.tgz. Extracting by manifest.
2851 silly tarball no local data for normalize-path@https://registry.npmjs.org/normalize-path/-/normalize-path-3.0.0.tgz. Extracting by manifest.
2852 silly tarball no local data for lilconfig@https://registry.npmjs.org/lilconfig/-/lilconfig-3.1.3.tgz. Extracting by manifest.
2853 silly tarball no local data for @alloc/quick-lru@https://registry.npmjs.org/@alloc/quick-lru/-/quick-lru-5.2.0.tgz. Extracting by manifest.
2854 silly tarball no local data for arg@https://registry.npmjs.org/arg/-/arg-5.0.2.tgz. Extracting by manifest.
2855 silly tarball no local data for client-only@https://registry.npmjs.org/client-only/-/client-only-0.0.1.tgz. Extracting by manifest.
2856 silly tarball no local data for ansi-regex@https://registry.npmjs.org/ansi-regex/-/ansi-regex-5.0.1.tgz. Extracting by manifest.
2857 silly tarball no local data for side-channel-weakmap@https://registry.npmjs.org/side-channel-weakmap/-/side-channel-weakmap-1.0.2.tgz. Extracting by manifest.
2858 http cache semver@https://registry.npmjs.org/semver/-/semver-6.3.1.tgz 0ms (cache hit)
2859 silly tarball no local data for is-fullwidth-code-point@https://registry.npmjs.org/is-fullwidth-code-point/-/is-fullwidth-code-point-3.0.0.tgz. Extracting by manifest.
2860 silly tarball no local data for eastasianwidth@https://registry.npmjs.org/eastasianwidth/-/eastasianwidth-0.2.0.tgz. Extracting by manifest.
2861 silly tarball no local data for supports-preserve-symlinks-flag@https://registry.npmjs.org/supports-preserve-symlinks-flag/-/supports-preserve-symlinks-flag-1.0.0.tgz. Extracting by manifest.
2862 silly tarball no local data for side-channel-map@https://registry.npmjs.org/side-channel-map/-/side-channel-map-1.0.1.tgz. Extracting by manifest.
2863 silly tarball no local data for queue-microtask@https://registry.npmjs.org/queue-microtask/-/queue-microtask-1.2.3.tgz. Extracting by manifest.
2864 silly tarball no local data for loose-envify@https://registry.npmjs.org/loose-envify/-/loose-envify-1.4.0.tgz. Extracting by manifest.
2865 silly tarball no local data for has-flag@https://registry.npmjs.org/has-flag/-/has-flag-4.0.0.tgz. Extracting by manifest.
2866 silly tarball no local data for object-assign@https://registry.npmjs.org/object-assign/-/object-assign-4.1.1.tgz. Extracting by manifest.
2867 silly tarball no local data for side-channel-list@https://registry.npmjs.org/side-channel-list/-/side-channel-list-1.0.0.tgz. Extracting by manifest.
2868 silly tarball no local data for picocolors@https://registry.npmjs.org/picocolors/-/picocolors-1.1.1.tgz. Extracting by manifest.
2869 silly tarball no local data for js-tokens@https://registry.npmjs.org/js-tokens/-/js-tokens-4.0.0.tgz. Extracting by manifest.
2870 silly tarball no local data for nanoid@https://registry.npmjs.org/nanoid/-/nanoid-3.3.11.tgz. Extracting by manifest.
2871 silly tarball no local data for yocto-queue@https://registry.npmjs.org/yocto-queue/-/yocto-queue-0.1.0.tgz. Extracting by manifest.
2872 silly tarball no local data for callsites@https://registry.npmjs.org/callsites/-/callsites-3.1.0.tgz. Extracting by manifest.
2873 silly tarball no local data for shebang-regex@https://registry.npmjs.org/shebang-regex/-/shebang-regex-3.0.0.tgz. Extracting by manifest.
2874 silly tarball no local data for path-parse@https://registry.npmjs.org/path-parse/-/path-parse-1.0.7.tgz. Extracting by manifest.
2875 silly tarball no local data for p-limit@https://registry.npmjs.org/p-limit/-/p-limit-3.1.0.tgz. Extracting by manifest.
2876 silly tarball no local data for word-wrap@https://registry.npmjs.org/word-wrap/-/word-wrap-1.2.5.tgz. Extracting by manifest.
2877 silly tarball no local data for deep-is@https://registry.npmjs.org/deep-is/-/deep-is-0.1.4.tgz. Extracting by manifest.
2878 silly tarball no local data for streamsearch@https://registry.npmjs.org/streamsearch/-/streamsearch-1.1.0.tgz. Extracting by manifest.
2879 silly tarball no local data for @swc/counter@https://registry.npmjs.org/@swc/counter/-/counter-0.1.3.tgz. Extracting by manifest.
2880 silly tarball no local data for source-map-js@https://registry.npmjs.org/source-map-js/-/source-map-js-1.2.1.tgz. Extracting by manifest.
2881 silly tarball no local data for lru-cache@https://registry.npmjs.org/lru-cache/-/lru-cache-10.4.3.tgz. Extracting by manifest.
2882 silly tarball no local data for styled-jsx@https://registry.npmjs.org/styled-jsx/-/styled-jsx-5.1.1.tgz. Extracting by manifest.
2883 silly tarball no local data for graceful-fs@https://registry.npmjs.org/graceful-fs/-/graceful-fs-4.2.11.tgz. Extracting by manifest.
2884 silly tarball no local data for concat-map@https://registry.npmjs.org/concat-map/-/concat-map-0.0.1.tgz. Extracting by manifest.
2885 silly tarball no local data for @next/swc-darwin-arm64@https://registry.npmjs.org/@next/swc-darwin-arm64/-/swc-darwin-arm64-14.2.5.tgz. Extracting by manifest.
2886 silly tarball no local data for isarray@https://registry.npmjs.org/isarray/-/isarray-2.0.5.tgz. Extracting by manifest.
2887 silly tarball no local data for busboy@https://registry.npmjs.org/busboy/-/busboy-1.6.0.tgz. Extracting by manifest.
2888 silly tarball no local data for balanced-match@https://registry.npmjs.org/balanced-match/-/balanced-match-1.0.2.tgz. Extracting by manifest.
2889 silly tarball no local data for @next/env@https://registry.npmjs.org/@next/env/-/env-14.2.5.tgz. Extracting by manifest.
2890 silly tarball no local data for to-regex-range@https://registry.npmjs.org/to-regex-range/-/to-regex-range-5.0.1.tgz. Extracting by manifest.
2891 silly tarball no local data for brace-expansion@https://registry.npmjs.org/brace-expansion/-/brace-expansion-1.1.12.tgz. Extracting by manifest.
2892 silly tarball no local data for fast-levenshtein@https://registry.npmjs.org/fast-levenshtein/-/fast-levenshtein-2.0.6.tgz. Extracting by manifest.
2893 silly tarball no local data for fill-range@https://registry.npmjs.org/fill-range/-/fill-range-7.1.1.tgz. Extracting by manifest.
2894 silly tarball no local data for picomatch@https://registry.npmjs.org/picomatch/-/picomatch-2.3.1.tgz. Extracting by manifest.
2895 silly tarball no local data for p-locate@https://registry.npmjs.org/p-locate/-/p-locate-5.0.0.tgz. Extracting by manifest.
2896 silly tarball no local data for braces@https://registry.npmjs.org/braces/-/braces-3.0.3.tgz. Extracting by manifest.
2897 silly tarball no local data for argparse@https://registry.npmjs.org/argparse/-/argparse-2.0.1.tgz. Extracting by manifest.
2898 silly tarball no local data for type-check@https://registry.npmjs.org/type-check/-/type-check-0.4.0.tgz. Extracting by manifest.
2899 silly tarball no local data for language-subtag-registry@https://registry.npmjs.org/language-subtag-registry/-/language-subtag-registry-0.3.23.tgz. Extracting by manifest.
2900 silly tarball no local data for json5@https://registry.npmjs.org/json5/-/json5-1.0.2.tgz. Extracting by manifest.
2901 silly tarball no local data for json-buffer@https://registry.npmjs.org/json-buffer/-/json-buffer-3.0.1.tgz. Extracting by manifest.
2902 silly tarball no local data for prelude-ls@https://registry.npmjs.org/prelude-ls/-/prelude-ls-1.2.1.tgz. Extracting by manifest.
2903 silly tarball no local data for wrap-ansi-cjs@https://registry.npmjs.org/wrap-ansi/-/wrap-ansi-7.0.0.tgz. Extracting by manifest.
2904 silly tarball no local data for string-width-cjs@https://registry.npmjs.org/string-width/-/string-width-4.2.3.tgz. Extracting by manifest.
2905 silly tarball no local data for string-width@https://registry.npmjs.org/string-width/-/string-width-5.1.2.tgz. Extracting by manifest.
2906 silly tarball no local data for @pkgjs/parseargs@https://registry.npmjs.org/@pkgjs/parseargs/-/parseargs-0.11.0.tgz. Extracting by manifest.
2907 silly tarball no local data for set-function-name@https://registry.npmjs.org/set-function-name/-/set-function-name-2.0.2.tgz. Extracting by manifest.
2908 silly tarball no local data for resolve-from@https://registry.npmjs.org/resolve-from/-/resolve-from-4.0.0.tgz. Extracting by manifest.
2909 silly tarball no local data for @isaacs/cliui@https://registry.npmjs.org/@isaacs/cliui/-/cliui-8.0.2.tgz. Extracting by manifest.
2910 silly tarball no local data for is-extglob@https://registry.npmjs.org/is-extglob/-/is-extglob-2.1.1.tgz. Extracting by manifest.
2911 silly tarball no local data for wrap-ansi@https://registry.npmjs.org/wrap-ansi/-/wrap-ansi-8.1.0.tgz. Extracting by manifest.
2912 silly tarball no local data for side-channel@https://registry.npmjs.org/side-channel/-/side-channel-1.1.0.tgz. Extracting by manifest.
2913 silly tarball no local data for strip-ansi-cjs@https://registry.npmjs.org/strip-ansi/-/strip-ansi-6.0.1.tgz. Extracting by manifest.
2914 silly tarball no local data for path-type@https://registry.npmjs.org/path-type/-/path-type-4.0.0.tgz. Extracting by manifest.
2915 silly tarball no local data for parent-module@https://registry.npmjs.org/parent-module/-/parent-module-1.0.1.tgz. Extracting by manifest.
2916 silly tarball no local data for tslib@https://registry.npmjs.org/tslib/-/tslib-2.8.1.tgz. Extracting by manifest.
2917 silly tarball no local data for merge2@https://registry.npmjs.org/merge2/-/merge2-1.4.1.tgz. Extracting by manifest.
2918 silly tarball no local data for slash@https://registry.npmjs.org/slash/-/slash-3.0.0.tgz. Extracting by manifest.
2919 silly tarball no local data for fast-glob@https://registry.npmjs.org/fast-glob/-/fast-glob-3.3.3.tgz. Extracting by manifest.
2920 silly tarball no local data for array-union@https://registry.npmjs.org/array-union/-/array-union-2.1.0.tgz. Extracting by manifest.
2921 silly tarball no local data for signal-exit@https://registry.npmjs.org/signal-exit/-/signal-exit-4.1.0.tgz. Extracting by manifest.
2922 silly tarball no local data for minipass@https://registry.npmjs.org/minipass/-/minipass-7.1.3.tgz. Extracting by manifest.
2923 silly tarball no local data for type-fest@https://registry.npmjs.org/type-fest/-/type-fest-0.20.2.tgz. Extracting by manifest.
2924 silly tarball no local data for jackspeak@https://registry.npmjs.org/jackspeak/-/jackspeak-2.3.6.tgz. Extracting by manifest.
2925 silly tarball no local data for path-scurry@https://registry.npmjs.org/path-scurry/-/path-scurry-1.11.1.tgz. Extracting by manifest.
2926 silly tarball no local data for micromatch@https://registry.npmjs.org/micromatch/-/micromatch-4.0.8.tgz. Extracting by manifest.
2927 silly tarball no local data for dunder-proto@https://registry.npmjs.org/dunder-proto/-/dunder-proto-1.0.1.tgz. Extracting by manifest.
2928 silly tarball no local data for foreground-child@https://registry.npmjs.org/foreground-child/-/foreground-child-3.3.1.tgz. Extracting by manifest.
2929 silly tarball no local data for functions-have-names@https://registry.npmjs.org/functions-have-names/-/functions-have-names-1.2.3.tgz. Extracting by manifest.
2930 silly tarball no local data for rimraf@https://registry.npmjs.org/rimraf/-/rimraf-3.0.2.tgz. Extracting by manifest.
2931 silly tarball no local data for path-exists@https://registry.npmjs.org/path-exists/-/path-exists-4.0.0.tgz. Extracting by manifest.
2932 silly tarball no local data for dir-glob@https://registry.npmjs.org/dir-glob/-/dir-glob-3.0.1.tgz. Extracting by manifest.
2933 silly tarball no local data for caniuse-lite@https://registry.npmjs.org/caniuse-lite/-/caniuse-lite-1.0.30001779.tgz. Extracting by manifest.
2934 silly tarball no local data for reusify@https://registry.npmjs.org/reusify/-/reusify-1.1.0.tgz. Extracting by manifest.
2935 silly tarball no local data for resolve-pkg-maps@https://registry.npmjs.org/resolve-pkg-maps/-/resolve-pkg-maps-1.0.0.tgz. Extracting by manifest.
2936 silly tarball no local data for flat-cache@https://registry.npmjs.org/flat-cache/-/flat-cache-3.2.0.tgz. Extracting by manifest.
2937 silly tarball no local data for iterator.prototype@https://registry.npmjs.org/iterator.prototype/-/iterator.prototype-1.1.5.tgz. Extracting by manifest.
2938 silly tarball no local data for string.prototype.repeat@https://registry.npmjs.org/string.prototype.repeat/-/string.prototype.repeat-1.0.0.tgz. Extracting by manifest.
2939 silly tarball no local data for flatted@https://registry.npmjs.org/flatted/-/flatted-3.4.1.tgz. Extracting by manifest.
2940 silly tarball no local data for esrecurse@https://registry.npmjs.org/esrecurse/-/esrecurse-4.3.0.tgz. Extracting by manifest.
2941 silly tarball no local data for acorn-jsx@https://registry.npmjs.org/acorn-jsx/-/acorn-jsx-5.3.2.tgz. Extracting by manifest.
2942 silly tarball no local data for acorn@https://registry.npmjs.org/acorn/-/acorn-8.16.0.tgz. Extracting by manifest.
2943 silly tarball no local data for locate-path@https://registry.npmjs.org/locate-path/-/locate-path-6.0.0.tgz. Extracting by manifest.
2944 silly tarball no local data for string.prototype.matchall@https://registry.npmjs.org/string.prototype.matchall/-/string.prototype.matchall-4.0.12.tgz. Extracting by manifest.
2945 silly tarball no local data for array.prototype.findlast@https://registry.npmjs.org/array.prototype.findlast/-/array.prototype.findlast-1.2.5.tgz. Extracting by manifest.
2946 silly tarball no local data for object.entries@https://registry.npmjs.org/object.entries/-/object.entries-1.1.9.tgz. Extracting by manifest.
2947 silly tarball no local data for prop-types@https://registry.npmjs.org/prop-types/-/prop-types-15.8.1.tgz. Extracting by manifest.
2948 silly tarball no local data for string.prototype.includes@https://registry.npmjs.org/string.prototype.includes/-/string.prototype.includes-2.0.1.tgz. Extracting by manifest.
2949 silly tarball no local data for estraverse@https://registry.npmjs.org/estraverse/-/estraverse-5.3.0.tgz. Extracting by manifest.
2950 silly tarball no local data for language-tags@https://registry.npmjs.org/language-tags/-/language-tags-1.0.9.tgz. Extracting by manifest.
2951 silly tarball no local data for jsx-ast-utils@https://registry.npmjs.org/jsx-ast-utils/-/jsx-ast-utils-3.3.5.tgz. Extracting by manifest.
2952 silly tarball no local data for axobject-query@https://registry.npmjs.org/axobject-query/-/axobject-query-4.1.0.tgz. Extracting by manifest.
2953 silly tarball no local data for array.prototype.tosorted@https://registry.npmjs.org/array.prototype.tosorted/-/array.prototype.tosorted-1.1.4.tgz. Extracting by manifest.
2954 silly tarball no local data for aria-query@https://registry.npmjs.org/aria-query/-/aria-query-5.3.2.tgz. Extracting by manifest.
2955 silly tarball no local data for @swc/helpers@https://registry.npmjs.org/@swc/helpers/-/helpers-0.5.5.tgz. Extracting by manifest.
2956 silly tarball no local data for es-iterator-helpers@https://registry.npmjs.org/es-iterator-helpers/-/es-iterator-helpers-1.3.1.tgz. Extracting by manifest.
2957 silly tarball no local data for is-date-object@https://registry.npmjs.org/is-date-object/-/is-date-object-1.1.0.tgz. Extracting by manifest.
2958 silly tarball no local data for is-symbol@https://registry.npmjs.org/is-symbol/-/is-symbol-1.1.1.tgz. Extracting by manifest.
2959 silly tarball no local data for ast-types-flow@https://registry.npmjs.org/ast-types-flow/-/ast-types-flow-0.0.8.tgz. Extracting by manifest.
2960 silly tarball no local data for possible-typed-array-names@https://registry.npmjs.org/possible-typed-array-names/-/possible-typed-array-names-1.1.0.tgz. Extracting by manifest.
2961 silly tarball no local data for unbox-primitive@https://registry.npmjs.org/unbox-primitive/-/unbox-primitive-1.1.0.tgz. Extracting by manifest.
2962 silly tarball no local data for typed-array-byte-offset@https://registry.npmjs.org/typed-array-byte-offset/-/typed-array-byte-offset-1.0.4.tgz. Extracting by manifest.
2963 silly tarball no local data for typed-array-buffer@https://registry.npmjs.org/typed-array-buffer/-/typed-array-buffer-1.0.3.tgz. Extracting by manifest.
2964 silly tarball no local data for typed-array-length@https://registry.npmjs.org/typed-array-length/-/typed-array-length-1.0.7.tgz. Extracting by manifest.
2965 silly tarball no local data for typed-array-byte-length@https://registry.npmjs.org/typed-array-byte-length/-/typed-array-byte-length-1.0.3.tgz. Extracting by manifest.
2966 silly tarball no local data for which-typed-array@https://registry.npmjs.org/which-typed-array/-/which-typed-array-1.1.20.tgz. Extracting by manifest.
2967 silly tarball no local data for stop-iteration-iterator@https://registry.npmjs.org/stop-iteration-iterator/-/stop-iteration-iterator-1.1.0.tgz. Extracting by manifest.
2968 silly tarball no local data for string.prototype.trim@https://registry.npmjs.org/string.prototype.trim/-/string.prototype.trim-1.2.10.tgz. Extracting by manifest.
2969 silly tarball no local data for has-tostringtag@https://registry.npmjs.org/has-tostringtag/-/has-tostringtag-1.0.2.tgz. Extracting by manifest.
2970 silly tarball no local data for string.prototype.trimstart@https://registry.npmjs.org/string.prototype.trimstart/-/string.prototype.trimstart-1.0.8.tgz. Extracting by manifest.
2971 silly tarball no local data for safe-push-apply@https://registry.npmjs.org/safe-push-apply/-/safe-push-apply-1.0.0.tgz. Extracting by manifest.
2972 silly tarball no local data for set-proto@https://registry.npmjs.org/set-proto/-/set-proto-1.0.0.tgz. Extracting by manifest.
2973 silly tarball no local data for keyv@https://registry.npmjs.org/keyv/-/keyv-4.5.4.tgz. Extracting by manifest.
2974 silly tarball no local data for emoji-regex@https://registry.npmjs.org/emoji-regex/-/emoji-regex-9.2.2.tgz. Extracting by manifest.
2975 silly tarball no local data for object-inspect@https://registry.npmjs.org/object-inspect/-/object-inspect-1.13.4.tgz. Extracting by manifest.
2976 silly tarball no local data for safe-regex-test@https://registry.npmjs.org/safe-regex-test/-/safe-regex-test-1.1.0.tgz. Extracting by manifest.
2977 silly tarball no local data for object.assign@https://registry.npmjs.org/object.assign/-/object.assign-4.1.7.tgz. Extracting by manifest.
2978 silly tarball no local data for safe-array-concat@https://registry.npmjs.org/safe-array-concat/-/safe-array-concat-1.1.3.tgz. Extracting by manifest.
2979 silly tarball no local data for is-shared-array-buffer@https://registry.npmjs.org/is-shared-array-buffer/-/is-shared-array-buffer-1.0.4.tgz. Extracting by manifest.
2980 silly tarball no local data for is-weakref@https://registry.npmjs.org/is-weakref/-/is-weakref-1.1.1.tgz. Extracting by manifest.
2981 silly tarball no local data for own-keys@https://registry.npmjs.org/own-keys/-/own-keys-1.0.1.tgz. Extracting by manifest.
2982 silly tarball no local data for is-typed-array@https://registry.npmjs.org/is-typed-array/-/is-typed-array-1.1.15.tgz. Extracting by manifest.
2983 silly tarball no local data for is-regex@https://registry.npmjs.org/is-regex/-/is-regex-1.2.1.tgz. Extracting by manifest.
2984 silly tarball no local data for damerau-levenshtein@https://registry.npmjs.org/damerau-levenshtein/-/damerau-levenshtein-1.0.8.tgz. Extracting by manifest.
2985 silly tarball no local data for is-set@https://registry.npmjs.org/is-set/-/is-set-2.0.3.tgz. Extracting by manifest.
2986 silly tarball no local data for is-data-view@https://registry.npmjs.org/is-data-view/-/is-data-view-1.0.2.tgz. Extracting by manifest.
2987 silly tarball no local data for is-callable@https://registry.npmjs.org/is-callable/-/is-callable-1.2.7.tgz. Extracting by manifest.
2988 silly tarball no local data for is-array-buffer@https://registry.npmjs.org/is-array-buffer/-/is-array-buffer-3.0.5.tgz. Extracting by manifest.
2989 silly tarball no local data for internal-slot@https://registry.npmjs.org/internal-slot/-/internal-slot-1.1.0.tgz. Extracting by manifest.
2990 silly tarball no local data for globalthis@https://registry.npmjs.org/globalthis/-/globalthis-1.0.4.tgz. Extracting by manifest.
2991 silly tarball no local data for has-symbols@https://registry.npmjs.org/has-symbols/-/has-symbols-1.1.0.tgz. Extracting by manifest.
2992 silly tarball no local data for function.prototype.name@https://registry.npmjs.org/function.prototype.name/-/function.prototype.name-1.1.8.tgz. Extracting by manifest.
2993 silly tarball no local data for get-symbol-description@https://registry.npmjs.org/get-symbol-description/-/get-symbol-description-1.1.0.tgz. Extracting by manifest.
2994 silly tarball no local data for es-set-tostringtag@https://registry.npmjs.org/es-set-tostringtag/-/es-set-tostringtag-2.1.0.tgz. Extracting by manifest.
2995 silly tarball no local data for has-proto@https://registry.npmjs.org/has-proto/-/has-proto-1.2.0.tgz. Extracting by manifest.
2996 silly tarball no local data for es-to-primitive@https://registry.npmjs.org/es-to-primitive/-/es-to-primitive-1.3.0.tgz. Extracting by manifest.
2997 silly tarball no local data for get-proto@https://registry.npmjs.org/get-proto/-/get-proto-1.0.1.tgz. Extracting by manifest.
2998 silly tarball no local data for axe-core@https://registry.npmjs.org/axe-core/-/axe-core-4.11.1.tgz. Extracting by manifest.
2999 silly tarball no local data for data-view-byte-offset@https://registry.npmjs.org/data-view-byte-offset/-/data-view-byte-offset-1.0.1.tgz. Extracting by manifest.
3000 silly tarball no local data for regexp.prototype.flags@https://registry.npmjs.org/regexp.prototype.flags/-/regexp.prototype.flags-1.5.4.tgz. Extracting by manifest.
3001 silly tarball no local data for array-buffer-byte-length@https://registry.npmjs.org/array-buffer-byte-length/-/array-buffer-byte-length-1.0.2.tgz. Extracting by manifest.
3002 silly tarball no local data for data-view-byte-length@https://registry.npmjs.org/data-view-byte-length/-/data-view-byte-length-1.0.2.tgz. Extracting by manifest.
3003 silly tarball no local data for arraybuffer.prototype.slice@https://registry.npmjs.org/arraybuffer.prototype.slice/-/arraybuffer.prototype.slice-1.0.4.tgz. Extracting by manifest.
3004 silly tarball no local data for object-keys@https://registry.npmjs.org/object-keys/-/object-keys-1.1.1.tgz. Extracting by manifest.
3005 silly tarball no local data for has-property-descriptors@https://registry.npmjs.org/has-property-descriptors/-/has-property-descriptors-1.0.2.tgz. Extracting by manifest.
3006 silly tarball no local data for function-bind@https://registry.npmjs.org/function-bind/-/function-bind-1.1.2.tgz. Extracting by manifest.
3007 silly tarball no local data for gopd@https://registry.npmjs.org/gopd/-/gopd-1.2.0.tgz. Extracting by manifest.
3008 silly tarball no local data for available-typed-arrays@https://registry.npmjs.org/available-typed-arrays/-/available-typed-arrays-1.0.7.tgz. Extracting by manifest.
3009 silly tarball no local data for call-bind-apply-helpers@https://registry.npmjs.org/call-bind-apply-helpers/-/call-bind-apply-helpers-1.0.2.tgz. Extracting by manifest.
3010 silly tarball no local data for define-data-property@https://registry.npmjs.org/define-data-property/-/define-data-property-1.1.4.tgz. Extracting by manifest.
3011 silly tarball no local data for set-function-length@https://registry.npmjs.org/set-function-length/-/set-function-length-1.2.2.tgz. Extracting by manifest.
3012 silly tarball no local data for es-define-property@https://registry.npmjs.org/es-define-property/-/es-define-property-1.0.1.tgz. Extracting by manifest.
3013 silly tarball no local data for data-view-buffer@https://registry.npmjs.org/data-view-buffer/-/data-view-buffer-1.0.2.tgz. Extracting by manifest.
3014 silly tarball no local data for math-intrinsics@https://registry.npmjs.org/math-intrinsics/-/math-intrinsics-1.1.0.tgz. Extracting by manifest.
3015 silly tarball no local data for es-shim-unscopables@https://registry.npmjs.org/es-shim-unscopables/-/es-shim-unscopables-1.1.0.tgz. Extracting by manifest.
3016 silly tarball no local data for get-intrinsic@https://registry.npmjs.org/get-intrinsic/-/get-intrinsic-1.3.0.tgz. Extracting by manifest.
3017 silly tarball no local data for is-string@https://registry.npmjs.org/is-string/-/is-string-1.1.1.tgz. Extracting by manifest.
3018 silly tarball no local data for call-bound@https://registry.npmjs.org/call-bound/-/call-bound-1.0.4.tgz. Extracting by manifest.
3019 silly tarball no local data for define-properties@https://registry.npmjs.org/define-properties/-/define-properties-1.2.1.tgz. Extracting by manifest.
3020 silly tarball no local data for tsconfig-paths@https://registry.npmjs.org/tsconfig-paths/-/tsconfig-paths-3.15.0.tgz. Extracting by manifest.
3021 silly tarball no local data for call-bind@https://registry.npmjs.org/call-bind/-/call-bind-1.0.8.tgz. Extracting by manifest.
3022 silly tarball no local data for object.values@https://registry.npmjs.org/object.values/-/object.values-1.2.1.tgz. Extracting by manifest.
3023 silly tarball no local data for string.prototype.trimend@https://registry.npmjs.org/string.prototype.trimend/-/string.prototype.trimend-1.0.9.tgz. Extracting by manifest.
3024 silly tarball no local data for es-object-atoms@https://registry.npmjs.org/es-object-atoms/-/es-object-atoms-1.1.1.tgz. Extracting by manifest.
3025 silly tarball no local data for object.fromentries@https://registry.npmjs.org/object.fromentries/-/object.fromentries-2.0.8.tgz. Extracting by manifest.
3026 silly tarball no local data for object.groupby@https://registry.npmjs.org/object.groupby/-/object.groupby-1.0.3.tgz. Extracting by manifest.
3027 silly tarball no local data for es-abstract@https://registry.npmjs.org/es-abstract/-/es-abstract-1.24.1.tgz. Extracting by manifest.
3028 silly tarball no local data for hasown@https://registry.npmjs.org/hasown/-/hasown-2.0.2.tgz. Extracting by manifest.
3029 silly tarball no local data for array.prototype.flat@https://registry.npmjs.org/array.prototype.flat/-/array.prototype.flat-1.3.3.tgz. Extracting by manifest.
3030 silly tarball no local data for array.prototype.findlastindex@https://registry.npmjs.org/array.prototype.findlastindex/-/array.prototype.findlastindex-1.2.6.tgz. Extracting by manifest.
3031 silly tarball no local data for @rtsao/scc@https://registry.npmjs.org/@rtsao/scc/-/scc-1.1.0.tgz. Extracting by manifest.
3032 silly tarball no local data for is-negative-zero@https://registry.npmjs.org/is-negative-zero/-/is-negative-zero-2.0.3.tgz. Extracting by manifest.
3033 silly tarball no local data for es-errors@https://registry.npmjs.org/es-errors/-/es-errors-1.3.0.tgz. Extracting by manifest.
3034 silly tarball no local data for get-tsconfig@https://registry.npmjs.org/get-tsconfig/-/get-tsconfig-4.13.6.tgz. Extracting by manifest.
3035 silly tarball no local data for stable-hash@https://registry.npmjs.org/stable-hash/-/stable-hash-0.0.5.tgz. Extracting by manifest.
3036 silly tarball no local data for is-bun-module@https://registry.npmjs.org/is-bun-module/-/is-bun-module-2.0.0.tgz. Extracting by manifest.
3037 silly tarball no local data for tinyglobby@https://registry.npmjs.org/tinyglobby/-/tinyglobby-0.2.15.tgz. Extracting by manifest.
3038 silly tarball no local data for array-includes@https://registry.npmjs.org/array-includes/-/array-includes-3.1.9.tgz. Extracting by manifest.
3039 silly tarball no local data for is-core-module@https://registry.npmjs.org/is-core-module/-/is-core-module-2.16.1.tgz. Extracting by manifest.
3040 silly tarball no local data for @nolyfill/is-core-module@https://registry.npmjs.org/@nolyfill/is-core-module/-/is-core-module-1.0.39.tgz. Extracting by manifest.
3041 silly tarball no local data for globby@https://registry.npmjs.org/globby/-/globby-11.1.0.tgz. Extracting by manifest.
3042 silly tarball no local data for resolve@https://registry.npmjs.org/resolve/-/resolve-1.22.11.tgz. Extracting by manifest.
3043 silly tarball no local data for semver@https://registry.npmjs.org/semver/-/semver-7.7.4.tgz. Extracting by manifest.
3044 silly tarball no local data for @typescript-eslint/typescript-estree@https://registry.npmjs.org/@typescript-eslint/typescript-estree/-/typescript-estree-7.2.0.tgz. Extracting by manifest.
3045 silly tarball no local data for glob@https://registry.npmjs.org/glob/-/glob-10.3.10.tgz. Extracting by manifest.
3046 silly tarball no local data for @typescript-eslint/scope-manager@https://registry.npmjs.org/@typescript-eslint/scope-manager/-/scope-manager-7.2.0.tgz. Extracting by manifest.
3047 silly tarball no local data for ts-api-utils@https://registry.npmjs.org/ts-api-utils/-/ts-api-utils-1.4.3.tgz. Extracting by manifest.
3048 silly tarball no local data for eslint-plugin-jsx-a11y@https://registry.npmjs.org/eslint-plugin-jsx-a11y/-/eslint-plugin-jsx-a11y-6.10.2.tgz. Extracting by manifest.
3049 silly tarball no local data for @typescript-eslint/visitor-keys@https://registry.npmjs.org/@typescript-eslint/visitor-keys/-/visitor-keys-7.2.0.tgz. Extracting by manifest.
3050 silly tarball no local data for array.prototype.flatmap@https://registry.npmjs.org/array.prototype.flatmap/-/array.prototype.flatmap-1.3.3.tgz. Extracting by manifest.
3051 silly tarball no local data for pirates@https://registry.npmjs.org/pirates/-/pirates-4.0.7.tgz. Extracting by manifest.
3052 silly tarball no local data for @typescript-eslint/parser@https://registry.npmjs.org/@typescript-eslint/parser/-/parser-7.2.0.tgz. Extracting by manifest.
3053 silly tarball no local data for eslint-plugin-import@https://registry.npmjs.org/eslint-plugin-import/-/eslint-plugin-import-2.32.0.tgz. Extracting by manifest.
3054 silly tarball no local data for eslint-import-resolver-node@https://registry.npmjs.org/eslint-import-resolver-node/-/eslint-import-resolver-node-0.3.9.tgz. Extracting by manifest.
3055 silly tarball no local data for @next/eslint-plugin-next@https://registry.npmjs.org/@next/eslint-plugin-next/-/eslint-plugin-next-14.2.5.tgz. Extracting by manifest.
3056 silly tarball no local data for @rushstack/eslint-patch@https://registry.npmjs.org/@rushstack/eslint-patch/-/eslint-patch-1.16.1.tgz. Extracting by manifest.
3057 silly tarball no local data for path-key@https://registry.npmjs.org/path-key/-/path-key-3.1.1.tgz. Extracting by manifest.
3058 silly tarball no local data for shebang-command@https://registry.npmjs.org/shebang-command/-/shebang-command-2.0.0.tgz. Extracting by manifest.
3059 silly tarball no local data for which@https://registry.npmjs.org/which/-/which-2.0.2.tgz. Extracting by manifest.
3060 silly tarball no local data for color-name@https://registry.npmjs.org/color-name/-/color-name-1.1.4.tgz. Extracting by manifest.
3061 silly tarball no local data for eslint-import-resolver-typescript@https://registry.npmjs.org/eslint-import-resolver-typescript/-/eslint-import-resolver-typescript-3.10.1.tgz. Extracting by manifest.
3062 silly tarball no local data for ansi-styles@https://registry.npmjs.org/ansi-styles/-/ansi-styles-4.3.0.tgz. Extracting by manifest.
3063 silly tarball no local data for json-schema-traverse@https://registry.npmjs.org/json-schema-traverse/-/json-schema-traverse-0.4.1.tgz. Extracting by manifest.
3064 silly tarball no local data for @typescript-eslint/types@https://registry.npmjs.org/@typescript-eslint/types/-/types-7.2.0.tgz. Extracting by manifest.
3065 silly tarball no local data for eslint-plugin-react@https://registry.npmjs.org/eslint-plugin-react/-/eslint-plugin-react-7.37.5.tgz. Extracting by manifest.
3066 silly tarball no local data for supports-color@https://registry.npmjs.org/supports-color/-/supports-color-7.2.0.tgz. Extracting by manifest.
3067 silly tarball no local data for uri-js@https://registry.npmjs.org/uri-js/-/uri-js-4.4.1.tgz. Extracting by manifest.
3068 silly tarball no local data for eslint-plugin-react-hooks@https://registry.npmjs.org/eslint-plugin-react-hooks/-/eslint-plugin-react-hooks-5.0.0-canary-7118f5dd7-20230705.tgz. Extracting by manifest.
3069 silly tarball no local data for eslint-module-utils@https://registry.npmjs.org/eslint-module-utils/-/eslint-module-utils-2.12.1.tgz. Extracting by manifest.
3070 silly tarball no local data for fast-json-stable-stringify@https://registry.npmjs.org/fast-json-stable-stringify/-/fast-json-stable-stringify-2.1.0.tgz. Extracting by manifest.
3071 silly tarball no local data for run-parallel@https://registry.npmjs.org/run-parallel/-/run-parallel-1.2.0.tgz. Extracting by manifest.
3072 silly tarball no local data for @nodelib/fs.scandir@https://registry.npmjs.org/@nodelib/fs.scandir/-/fs.scandir-2.1.5.tgz. Extracting by manifest.
3073 silly tarball no local data for @nodelib/fs.stat@https://registry.npmjs.org/@nodelib/fs.stat/-/fs.stat-2.0.5.tgz. Extracting by manifest.
3074 silly tarball no local data for @humanwhocodes/object-schema@https://registry.npmjs.org/@humanwhocodes/object-schema/-/object-schema-2.0.3.tgz. Extracting by manifest.
3075 silly tarball no local data for fastq@https://registry.npmjs.org/fastq/-/fastq-1.20.1.tgz. Extracting by manifest.
3076 silly tarball no local data for ms@https://registry.npmjs.org/ms/-/ms-2.1.3.tgz. Extracting by manifest.
3077 silly tarball no local data for strip-json-comments@https://registry.npmjs.org/strip-json-comments/-/strip-json-comments-3.1.1.tgz. Extracting by manifest.
3078 silly tarball no local data for strip-ansi@https://registry.npmjs.org/strip-ansi/-/strip-ansi-6.0.1.tgz. Extracting by manifest.
3079 silly tarball no local data for text-table@https://registry.npmjs.org/text-table/-/text-table-0.2.0.tgz. Extracting by manifest.
3080 silly tarball no local data for optionator@https://registry.npmjs.org/optionator/-/optionator-0.9.4.tgz. Extracting by manifest.
3081 silly tarball no local data for natural-compare@https://registry.npmjs.org/natural-compare/-/natural-compare-1.4.0.tgz. Extracting by manifest.
3082 silly tarball no local data for minimatch@https://registry.npmjs.org/minimatch/-/minimatch-3.1.5.tgz. Extracting by manifest.
3083 silly tarball no local data for lodash.merge@https://registry.npmjs.org/lodash.merge/-/lodash.merge-4.6.2.tgz. Extracting by manifest.
3084 silly tarball no local data for import-fresh@https://registry.npmjs.org/import-fresh/-/import-fresh-3.3.1.tgz. Extracting by manifest.
3085 silly tarball no local data for is-path-inside@https://registry.npmjs.org/is-path-inside/-/is-path-inside-3.0.3.tgz. Extracting by manifest.
3086 silly tarball no local data for json-stable-stringify-without-jsonify@https://registry.npmjs.org/json-stable-stringify-without-jsonify/-/json-stable-stringify-without-jsonify-1.0.1.tgz. Extracting by manifest.
3087 silly tarball no local data for graphemer@https://registry.npmjs.org/graphemer/-/graphemer-1.4.0.tgz. Extracting by manifest.
3088 silly tarball no local data for ignore@https://registry.npmjs.org/ignore/-/ignore-5.3.2.tgz. Extracting by manifest.
3089 silly tarball no local data for levn@https://registry.npmjs.org/levn/-/levn-0.4.1.tgz. Extracting by manifest.
3090 silly tarball no local data for imurmurhash@https://registry.npmjs.org/imurmurhash/-/imurmurhash-0.1.4.tgz. Extracting by manifest.
3091 silly tarball no local data for is-glob@https://registry.npmjs.org/is-glob/-/is-glob-4.0.3.tgz. Extracting by manifest.
3092 silly tarball no local data for color-convert@https://registry.npmjs.org/color-convert/-/color-convert-2.0.1.tgz. Extracting by manifest.
3093 silly tarball no local data for globals@https://registry.npmjs.org/globals/-/globals-13.24.0.tgz. Extracting by manifest.
3094 silly tarball no local data for fast-deep-equal@https://registry.npmjs.org/fast-deep-equal/-/fast-deep-equal-3.1.3.tgz. Extracting by manifest.
3095 silly tarball no local data for glob-parent@https://registry.npmjs.org/glob-parent/-/glob-parent-6.0.2.tgz. Extracting by manifest.
3096 silly tarball no local data for eslint-visitor-keys@https://registry.npmjs.org/eslint-visitor-keys/-/eslint-visitor-keys-3.4.3.tgz. Extracting by manifest.
3097 silly tarball no local data for file-entry-cache@https://registry.npmjs.org/file-entry-cache/-/file-entry-cache-6.0.1.tgz. Extracting by manifest.
3098 silly tarball no local data for espree@https://registry.npmjs.org/espree/-/espree-9.6.1.tgz. Extracting by manifest.
3099 silly tarball no local data for esutils@https://registry.npmjs.org/esutils/-/esutils-2.0.3.tgz. Extracting by manifest.
3100 silly tarball no local data for eslint-scope@https://registry.npmjs.org/eslint-scope/-/eslint-scope-7.2.2.tgz. Extracting by manifest.
3101 silly tarball no local data for esquery@https://registry.npmjs.org/esquery/-/esquery-1.7.0.tgz. Extracting by manifest.
3102 silly tarball no local data for escape-string-regexp@https://registry.npmjs.org/escape-string-regexp/-/escape-string-regexp-4.0.0.tgz. Extracting by manifest.
3103 silly tarball no local data for doctrine@https://registry.npmjs.org/doctrine/-/doctrine-3.0.0.tgz. Extracting by manifest.
3104 silly tarball no local data for ajv@https://registry.npmjs.org/ajv/-/ajv-6.14.0.tgz. Extracting by manifest.
3105 silly tarball no local data for chalk@https://registry.npmjs.org/chalk/-/chalk-4.1.2.tgz. Extracting by manifest.
3106 silly tarball no local data for debug@https://registry.npmjs.org/debug/-/debug-4.4.3.tgz. Extracting by manifest.
3107 silly tarball no local data for cross-spawn@https://registry.npmjs.org/cross-spawn/-/cross-spawn-7.0.6.tgz. Extracting by manifest.
3108 silly tarball no local data for @humanwhocodes/module-importer@https://registry.npmjs.org/@humanwhocodes/module-importer/-/module-importer-1.0.1.tgz. Extracting by manifest.
3109 silly tarball no local data for @nodelib/fs.walk@https://registry.npmjs.org/@nodelib/fs.walk/-/fs.walk-1.2.8.tgz. Extracting by manifest.
3110 silly tarball no local data for csstype@https://registry.npmjs.org/csstype/-/csstype-3.2.3.tgz. Extracting by manifest.
3111 silly tarball no local data for @humanwhocodes/config-array@https://registry.npmjs.org/@humanwhocodes/config-array/-/config-array-0.13.0.tgz. Extracting by manifest.
3112 silly tarball no local data for @ungap/structured-clone@https://registry.npmjs.org/@ungap/structured-clone/-/structured-clone-1.3.0.tgz. Extracting by manifest.
3113 silly tarball no local data for @eslint-community/regexpp@https://registry.npmjs.org/@eslint-community/regexpp/-/regexpp-4.12.2.tgz. Extracting by manifest.
3114 silly tarball no local data for @types/prop-types@https://registry.npmjs.org/@types/prop-types/-/prop-types-15.7.15.tgz. Extracting by manifest.
3115 silly tarball no local data for @eslint-community/eslint-utils@https://registry.npmjs.org/@eslint-community/eslint-utils/-/eslint-utils-4.9.1.tgz. Extracting by manifest.
3116 silly tarball no local data for tailwindcss@https://registry.npmjs.org/tailwindcss/-/tailwindcss-3.4.19.tgz. Extracting by manifest.
3117 silly tarball no local data for undici-types@https://registry.npmjs.org/undici-types/-/undici-types-6.21.0.tgz. Extracting by manifest.
3118 silly tarball no local data for typescript@https://registry.npmjs.org/typescript/-/typescript-5.9.3.tgz. Extracting by manifest.
3119 silly tarball no local data for eslint-config-next@https://registry.npmjs.org/eslint-config-next/-/eslint-config-next-14.2.5.tgz. Extracting by manifest.
3120 silly tarball no local data for @eslint/eslintrc@https://registry.npmjs.org/@eslint/eslintrc/-/eslintrc-2.1.4.tgz. Extracting by manifest.
3121 silly tarball no local data for eslint@https://registry.npmjs.org/eslint/-/eslint-8.57.1.tgz. Extracting by manifest.
3122 silly tarball no local data for postcss@https://registry.npmjs.org/postcss/-/postcss-8.5.8.tgz. Extracting by manifest.
3123 silly tarball no local data for next@https://registry.npmjs.org/next/-/next-14.2.5.tgz. Extracting by manifest.
3124 silly tarball no local data for @eslint/js@https://registry.npmjs.org/@eslint/js/-/js-8.57.1.tgz. Extracting by manifest.
3125 silly tarball no local data for @types/react-dom@https://registry.npmjs.org/@types/react-dom/-/react-dom-18.3.7.tgz. Extracting by manifest.
3126 silly tarball no local data for @types/node@https://registry.npmjs.org/@types/node/-/node-20.19.37.tgz. Extracting by manifest.
3127 silly tarball no local data for @types/react@https://registry.npmjs.org/@types/react/-/react-18.3.28.tgz. Extracting by manifest.
3128 silly tarball no local data for react@https://registry.npmjs.org/react/-/react-18.3.1.tgz. Extracting by manifest.
3129 silly tarball no local data for find-up@https://registry.npmjs.org/find-up/-/find-up-5.0.0.tgz. Extracting by manifest.
3130 silly tarball no local data for react-dom@https://registry.npmjs.org/react-dom/-/react-dom-18.3.1.tgz. Extracting by manifest.
3131 silly tarball no local data for scheduler@https://registry.npmjs.org/scheduler/-/scheduler-0.23.2.tgz. Extracting by manifest.
3132 silly tarball no local data for glob-parent@https://registry.npmjs.org/glob-parent/-/glob-parent-5.1.2.tgz. Extracting by manifest.
3133 silly tarball no local data for unrs-resolver@https://registry.npmjs.org/unrs-resolver/-/unrs-resolver-1.11.1.tgz. Extracting by manifest.
3134 silly tarball no local data for ansi-styles@https://registry.npmjs.org/ansi-styles/-/ansi-styles-6.2.3.tgz. Extracting by manifest.
3135 silly tarball no local data for emoji-regex@https://registry.npmjs.org/emoji-regex/-/emoji-regex-8.0.0.tgz. Extracting by manifest.
3136 silly tarball no local data for emoji-regex@https://registry.npmjs.org/emoji-regex/-/emoji-regex-8.0.0.tgz. Extracting by manifest.
3137 silly tarball no local data for string-width@https://registry.npmjs.org/string-width/-/string-width-4.2.3.tgz. Extracting by manifest.
3138 silly tarball no local data for strip-ansi@https://registry.npmjs.org/strip-ansi/-/strip-ansi-7.2.0.tgz. Extracting by manifest.
3139 silly tarball no local data for ansi-regex@https://registry.npmjs.org/ansi-regex/-/ansi-regex-6.2.2.tgz. Extracting by manifest.
3140 silly tarball no local data for ansi-regex@https://registry.npmjs.org/ansi-regex/-/ansi-regex-6.2.2.tgz. Extracting by manifest.
3141 silly tarball no local data for semver@https://registry.npmjs.org/semver/-/semver-6.3.1.tgz. Extracting by manifest.
3142 silly tarball no local data for react-is@https://registry.npmjs.org/react-is/-/react-is-16.13.1.tgz. Extracting by manifest.
3143 silly tarball no local data for js-yaml@https://registry.npmjs.org/js-yaml/-/js-yaml-4.1.1.tgz. Extracting by manifest.
3144 silly tarball no local data for strip-ansi@https://registry.npmjs.org/strip-ansi/-/strip-ansi-7.2.0.tgz. Extracting by manifest.
3145 silly tarball no local data for ansi-regex@https://registry.npmjs.org/ansi-regex/-/ansi-regex-6.2.2.tgz. Extracting by manifest.
3146 silly tarball no local data for strip-ansi@https://registry.npmjs.org/strip-ansi/-/strip-ansi-7.2.0.tgz. Extracting by manifest.
3147 silly tarball no local data for glob@https://registry.npmjs.org/glob/-/glob-7.2.3.tgz. Extracting by manifest.
3148 silly tarball no local data for picomatch@https://registry.npmjs.org/picomatch/-/picomatch-4.0.3.tgz. Extracting by manifest.
3149 silly tarball no local data for brace-expansion@https://registry.npmjs.org/brace-expansion/-/brace-expansion-2.0.2.tgz. Extracting by manifest.
3150 silly tarball no local data for minimatch@https://registry.npmjs.org/minimatch/-/minimatch-9.0.9.tgz. Extracting by manifest.
3151 silly tarball no local data for minimatch@https://registry.npmjs.org/minimatch/-/minimatch-9.0.3.tgz. Extracting by manifest.
3152 silly tarball no local data for brace-expansion@https://registry.npmjs.org/brace-expansion/-/brace-expansion-2.0.2.tgz. Extracting by manifest.
3153 silly tarball no local data for debug@https://registry.npmjs.org/debug/-/debug-3.2.7.tgz. Extracting by manifest.
3154 silly tarball no local data for postcss@https://registry.npmjs.org/postcss/-/postcss-8.4.31.tgz. Extracting by manifest.
3155 silly tarball no local data for resolve@https://registry.npmjs.org/resolve/-/resolve-2.0.0-next.6.tgz. Extracting by manifest.
3156 silly tarball no local data for doctrine@https://registry.npmjs.org/doctrine/-/doctrine-2.1.0.tgz. Extracting by manifest.
3157 silly tarball no local data for debug@https://registry.npmjs.org/debug/-/debug-3.2.7.tgz. Extracting by manifest.
3158 silly tarball no local data for doctrine@https://registry.npmjs.org/doctrine/-/doctrine-2.1.0.tgz. Extracting by manifest.
3159 silly tarball no local data for fdir@https://registry.npmjs.org/fdir/-/fdir-6.5.0.tgz. Extracting by manifest.
3160 silly tarball no local data for debug@https://registry.npmjs.org/debug/-/debug-3.2.7.tgz. Extracting by manifest.
3161 silly tarball no local data for semver@https://registry.npmjs.org/semver/-/semver-6.3.1.tgz. Extracting by manifest.
3162 silly tarball no local data for glob-parent@https://registry.npmjs.org/glob-parent/-/glob-parent-5.1.2.tgz. Extracting by manifest.
3163 silly tarball no local data for semver@https://registry.npmjs.org/semver/-/semver-6.3.1.tgz. Extracting by manifest.
3164 http fetch GET 200 https://registry.npmjs.org/once/-/once-1.4.0.tgz 120ms (cache miss)
3165 http fetch GET 200 https://registry.npmjs.org/inherits/-/inherits-2.0.4.tgz 120ms (cache miss)
3166 http fetch GET 200 https://registry.npmjs.org/wrappy/-/wrappy-1.0.2.tgz 121ms (cache miss)
3167 http fetch GET 200 https://registry.npmjs.org/generator-function/-/generator-function-2.0.1.tgz 120ms (cache miss)
3168 http fetch GET 200 https://registry.npmjs.org/inflight/-/inflight-1.0.6.tgz 121ms (cache miss)
3169 warn deprecated inflight@1.0.6: This module is not supported, and leaks memory. Do not use it. Check out lru-cache if you want a good and tested way to coalesce async requests by a key value, which is much more comprehensive and powerful.
3170 http fetch GET 200 https://registry.npmjs.org/node-exports-info/-/node-exports-info-1.6.0.tgz 122ms (cache miss)
3171 http fetch GET 200 https://registry.npmjs.org/is-weakmap/-/is-weakmap-2.0.2.tgz 137ms (cache miss)
3172 http fetch GET 200 https://registry.npmjs.org/is-map/-/is-map-2.0.3.tgz 138ms (cache miss)
3173 http fetch GET 200 https://registry.npmjs.org/isexe/-/isexe-2.0.0.tgz 291ms (cache miss)
3174 http fetch GET 200 https://registry.npmjs.org/punycode/-/punycode-2.3.1.tgz 291ms (cache miss)
3175 http fetch GET 200 https://registry.npmjs.org/is-bigint/-/is-bigint-1.1.0.tgz 318ms (cache miss)
3176 http fetch GET 200 https://registry.npmjs.org/is-boolean-object/-/is-boolean-object-1.2.2.tgz 377ms (cache miss)
3177 http fetch GET 200 https://registry.npmjs.org/is-async-function/-/is-async-function-2.1.1.tgz 378ms (cache miss)
3178 http fetch GET 200 https://registry.npmjs.org/@emnapi/wasi-threads/-/wasi-threads-1.2.0.tgz 389ms (cache miss)
3179 http fetch POST 200 https://registry.npmjs.org/-/npm/v1/security/advisories/bulk 494ms
3180 silly audit report {
3180 silly audit report   next: [
3180 silly audit report     {
3180 silly audit report       id: 1099638,
3180 silly audit report       url: 'https://github.com/advisories/GHSA-gp8f-8m3g-qvj9',
3180 silly audit report       title: 'Next.js Cache Poisoning',
3180 silly audit report       severity: 'high',
3180 silly audit report       vulnerable_versions: '>=14.0.0 <14.2.10',
3180 silly audit report       cwe: [Array],
3180 silly audit report       cvss: [Object]
3180 silly audit report     },
3180 silly audit report     {
3180 silly audit report       id: 1100421,
3180 silly audit report       url: 'https://github.com/advisories/GHSA-g77x-44xx-532m',
3180 silly audit report       title: 'Denial of Service condition in Next.js image optimization',
3180 silly audit report       severity: 'moderate',
3180 silly audit report       vulnerable_versions: '>=10.0.0 <14.2.7',
3180 silly audit report       cwe: [Array],
3180 silly audit report       cvss: [Object]
3180 silly audit report     },
3180 silly audit report     {
3180 silly audit report       id: 1101438,
3180 silly audit report       url: 'https://github.com/advisories/GHSA-7m27-7ghc-44w9',
3180 silly audit report       title: 'Next.js Allows a Denial of Service (DoS) with Server Actions',
3180 silly audit report       severity: 'moderate',
3180 silly audit report       vulnerable_versions: '>=14.0.0 <14.2.21',
3180 silly audit report       cwe: [Array],
3180 silly audit report       cvss: [Object]
3180 silly audit report     },
3180 silly audit report     {
3180 silly audit report       id: 1105461,
3180 silly audit report       url: 'https://github.com/advisories/GHSA-3h52-269p-cp9r',
3180 silly audit report       title: 'Information exposure in Next.js dev server due to lack of origin verification',
3180 silly audit report       severity: 'low',
3180 silly audit report       vulnerable_versions: '>=13.0 <14.2.30',
3180 silly audit report       cwe: [Array],
3180 silly audit report       cvss: [Object]
3180 silly audit report     },
3180 silly audit report     {
3180 silly audit report       id: 1111391,
3180 silly audit report       url: 'https://github.com/advisories/GHSA-mwv6-3258-q52c',
3180 silly audit report       title: 'Next Vulnerable to Denial of Service with Server Components',
3180 silly audit report       severity: 'high',
3180 silly audit report       vulnerable_versions: '>=13.3.0 <14.2.34',
3180 silly audit report       cwe: [Array],
3180 silly audit report       cvss: [Object]
3180 silly audit report     },
3180 silly audit report     {
3180 silly audit report       id: 1107226,
3180 silly audit report       url: 'https://github.com/advisories/GHSA-g5qg-72qw-gw5v',
3180 silly audit report       title: 'Next.js Affected by Cache Key Confusion for Image Optimization API Routes',
3180 silly audit report       severity: 'moderate',
3180 silly audit report       vulnerable_versions: '>=0.9.9 <14.2.31',
3180 silly audit report       cwe: [Array],
3180 silly audit report       cvss: [Object]
3180 silly audit report     },
3180 silly audit report     {
3180 silly audit report       id: 1107420,
3180 silly audit report       url: 'https://github.com/advisories/GHSA-7gfc-8cq8-jh5f',
3180 silly audit report       title: 'Next.js authorization bypass vulnerability',
3180 silly audit report       severity: 'high',
3180 silly audit report       vulnerable_versions: '>=9.5.5 <14.2.15',
3180 silly audit report       cwe: [Array],
3180 silly audit report       cvss: [Object]
3180 silly audit report     },
3180 silly audit report     {
3180 silly audit report       id: 1107512,
3180 silly audit report       url: 'https://github.com/advisories/GHSA-4342-x723-ch2f',
3180 silly audit report       title: 'Next.js Improper Middleware Redirect Handling Leads to SSRF',
3180 silly audit report       severity: 'moderate',
3180 silly audit report       vulnerable_versions: '>=0.9.9 <14.2.32',
3180 silly audit report       cwe: [Array],
3180 silly audit report       cvss: [Object]
3180 silly audit report     },
3180 silly audit report     {
3180 silly audit report       id: 1107513,
3180 silly audit report       url: 'https://github.com/advisories/GHSA-xv57-4mr9-wg8v',
3180 silly audit report       title: 'Next.js Content Injection Vulnerability for Image Optimization',
3180 silly audit report       severity: 'moderate',
3180 silly audit report       vulnerable_versions: '>=0.9.9 <14.2.31',
3180 silly audit report       cwe: [Array],
3180 silly audit report       cvss: [Object]
3180 silly audit report     },
3180 silly audit report     {
3180 silly audit report       id: 1112182,
3180 silly audit report       url: 'https://github.com/advisories/GHSA-5j59-xgg2-r9c4',
3180 silly audit report       title: 'Next has a Denial of Service with Server Components - Incomplete Fix Follow-Up',
3180 silly audit report       severity: 'high',
3180 silly audit report       vulnerable_versions: '>=13.3.1-canary.0 <14.2.35',
3180 silly audit report       cwe: [Array],
3180 silly audit report       cvss: [Object]
3180 silly audit report     },
3180 silly audit report     {
3180 silly audit report       id: 1108291,
3180 silly audit report       url: 'https://github.com/advisories/GHSA-qpjv-v59x-3qc4',
3180 silly audit report       title: 'Next.js Race Condition to Cache Poisoning',
3180 silly audit report       severity: 'low',
3180 silly audit report       vulnerable_versions: '>=0.9.9 <14.2.24',
3180 silly audit report       cwe: [Array],
3180 silly audit report       cvss: [Object]
3180 silly audit report     },
3180 silly audit report     {
3180 silly audit report       id: 1112593,
3180 silly audit report       url: 'https://github.com/advisories/GHSA-9g9p-9gw9-jx7f',
3180 silly audit report       title: 'Next.js self-hosted applications vulnerable to DoS via Image Optimizer remotePatterns configuration',
3180 silly audit report       severity: 'moderate',
3180 silly audit report       vulnerable_versions: '>=10.0.0 <15.5.10',
3180 silly audit report       cwe: [Array],
3180 silly audit report       cvss: [Object]
3180 silly audit report     },
3180 silly audit report     {
3180 silly audit report       id: 1112653,
3180 silly audit report       url: 'https://github.com/advisories/GHSA-h25m-26qc-wcjf',
3180 silly audit report       title: 'Next.js HTTP request deserialization can lead to DoS when using insecure React Server Components',
3180 silly audit report       severity: 'high',
3180 silly audit report       vulnerable_versions: '>=13.0.0 <15.0.8',
3180 silly audit report       cwe: [Array],
3180 silly audit report       cvss: [Object]
3180 silly audit report     },
3180 silly audit report     {
3180 silly audit report       id: 1113689,
3180 silly audit report       url: 'https://github.com/advisories/GHSA-f82v-jwr5-mffw',
3180 silly audit report       title: 'Authorization Bypass in Next.js Middleware',
3180 silly audit report       severity: 'critical',
3180 silly audit report       vulnerable_versions: '>=14.0.0 <14.2.25',
3180 silly audit report       cwe: [Array],
3180 silly audit report       cvss: [Object]
3180 silly audit report     }
3180 silly audit report   ],
3180 silly audit report   minimatch: [
3180 silly audit report     {
3180 silly audit report       id: 1113465,
3180 silly audit report       url: 'https://github.com/advisories/GHSA-3ppc-4f35-3m26',
3180 silly audit report       title: 'minimatch has a ReDoS via repeated wildcards with non-matching literal in pattern',
3180 silly audit report       severity: 'high',
3180 silly audit report       vulnerable_versions: '>=9.0.0 <9.0.6',
3180 silly audit report       cwe: [Array],
3180 silly audit report       cvss: [Object]
3180 silly audit report     },
3180 silly audit report     {
3180 silly audit report       id: 1113544,
3180 silly audit report       url: 'https://github.com/advisories/GHSA-7r86-cg39-jmmj',
3180 silly audit report       title: 'minimatch has ReDoS: matchOne() combinatorial backtracking via multiple non-adjacent GLOBSTAR segments',
3180 silly audit report       severity: 'high',
3180 silly audit report       vulnerable_versions: '>=9.0.0 <9.0.7',
3180 silly audit report       cwe: [Array],
3180 silly audit report       cvss: [Object]
3180 silly audit report     },
3180 silly audit report     {
3180 silly audit report       id: 1113552,
3180 silly audit report       url: 'https://github.com/advisories/GHSA-23c5-xmqv-rm74',
3180 silly audit report       title: 'minimatch ReDoS: nested *() extglobs generate catastrophically backtracking regular expressions',
3180 silly audit report       severity: 'high',
3180 silly audit report       vulnerable_versions: '>=9.0.0 <9.0.7',
3180 silly audit report       cwe: [Array],
3180 silly audit report       cvss: [Object]
3180 silly audit report     }
3180 silly audit report   ],
3180 silly audit report   glob: [
3180 silly audit report     {
3180 silly audit report       id: 1109842,
3180 silly audit report       url: 'https://github.com/advisories/GHSA-5j98-mcp5-4vw2',
3180 silly audit report       title: 'glob CLI: Command injection via -c/--cmd executes matches with shell:true',
3180 silly audit report       severity: 'high',
3180 silly audit report       vulnerable_versions: '>=10.2.0 <10.5.0',
3180 silly audit report       cwe: [Array],
3180 silly audit report       cvss: [Object]
3180 silly audit report     }
3180 silly audit report   ]
3180 silly audit report }
3181 silly packumentCache corgi:https://registry.npmjs.org/next cache-miss
3182 silly packumentCache corgi:https://registry.npmjs.org/minimatch cache-miss
3183 silly packumentCache corgi:https://registry.npmjs.org/glob cache-miss
3184 http fetch GET 200 https://registry.npmjs.org/path-is-absolute/-/path-is-absolute-1.0.1.tgz 470ms (cache miss)
3185 http fetch GET 200 https://registry.npmjs.org/which-collection/-/which-collection-1.0.2.tgz 471ms (cache miss)
3186 http fetch GET 200 https://registry.npmjs.org/is-number-object/-/is-number-object-1.1.1.tgz 471ms (cache miss)
3187 http fetch GET 200 https://registry.npmjs.org/napi-postinstall/-/napi-postinstall-0.3.4.tgz 503ms (cache miss)
3188 http fetch GET 200 https://registry.npmjs.org/is-finalizationregistry/-/is-finalizationregistry-1.1.1.tgz 516ms (cache miss)
3189 http fetch GET 200 https://registry.npmjs.org/is-generator-function/-/is-generator-function-1.1.2.tgz 516ms (cache miss)
3190 http fetch GET 200 https://registry.npmjs.org/which-builtin-type/-/which-builtin-type-1.2.1.tgz 552ms (cache miss)
3191 http fetch GET 200 https://registry.npmjs.org/reflect.getprototypeof/-/reflect.getprototypeof-1.0.10.tgz 552ms (cache miss)
3192 http fetch GET 200 https://registry.npmjs.org/which-boxed-primitive/-/which-boxed-primitive-1.1.1.tgz 552ms (cache miss)
3193 http fetch GET 200 https://registry.npmjs.org/async-function/-/async-function-1.0.0.tgz 554ms (cache miss)
3194 http fetch GET 200 https://registry.npmjs.org/is-number/-/is-number-7.0.0.tgz 587ms (cache miss)
3195 http fetch GET 200 https://registry.npmjs.org/strip-bom/-/strip-bom-3.0.0.tgz 587ms (cache miss)
3196 http fetch GET 200 https://registry.npmjs.org/for-each/-/for-each-0.3.5.tgz 618ms (cache miss)
3197 http fetch GET 200 https://registry.npmjs.org/thenify/-/thenify-3.3.1.tgz 618ms (cache miss)
3198 http fetch GET 200 https://registry.npmjs.org/@emnapi/runtime/-/runtime-1.9.0.tgz 620ms (cache miss)
3199 http fetch GET 200 https://registry.npmjs.org/minimist/-/minimist-1.2.8.tgz 620ms (cache miss)
3200 http fetch GET 200 https://registry.npmjs.org/thenify-all/-/thenify-all-1.6.0.tgz 681ms (cache miss)
3201 http fetch GET 200 https://registry.npmjs.org/@types/json5/-/json5-0.0.29.tgz 683ms (cache miss)
3202 http fetch GET 200 https://registry.npmjs.org/@jridgewell/sourcemap-codec/-/sourcemap-codec-1.5.5.tgz 687ms (cache miss)
3203 http fetch GET 200 https://registry.npmjs.org/ts-interface-checker/-/ts-interface-checker-0.1.13.tgz 712ms (cache miss)
3204 http fetch GET 200 https://registry.npmjs.org/any-promise/-/any-promise-1.3.0.tgz 713ms (cache miss)
3205 http fetch GET 200 https://registry.npmjs.org/@jridgewell/resolve-uri/-/resolve-uri-3.1.2.tgz 772ms (cache miss)
3206 http fetch GET 200 https://registry.npmjs.org/@jridgewell/trace-mapping/-/trace-mapping-0.3.31.tgz 774ms (cache miss)
3207 http fetch GET 200 https://registry.npmjs.org/@tybys/wasm-util/-/wasm-util-0.10.1.tgz 776ms (cache miss)
3208 http fetch GET 200 https://registry.npmjs.org/fs.realpath/-/fs.realpath-1.0.0.tgz 807ms (cache miss)
3209 http fetch GET 200 https://registry.npmjs.org/has-bigints/-/has-bigints-1.1.0.tgz 812ms (cache miss)
3210 http fetch GET 200 https://registry.npmjs.org/mz/-/mz-2.7.0.tgz 812ms (cache miss)
3211 http fetch GET 200 https://registry.npmjs.org/is-weakset/-/is-weakset-2.0.4.tgz 814ms (cache miss)
3212 http fetch GET 200 https://registry.npmjs.org/read-cache/-/read-cache-1.0.0.tgz 877ms (cache miss)
3213 http fetch GET 200 https://registry.npmjs.org/lines-and-columns/-/lines-and-columns-1.2.4.tgz 877ms (cache miss)
3214 http fetch GET 200 https://registry.npmjs.org/camelcase-css/-/camelcase-css-2.0.1.tgz 877ms (cache miss)
3215 http fetch GET 200 https://registry.npmjs.org/@jridgewell/gen-mapping/-/gen-mapping-0.3.13.tgz 877ms (cache miss)
3216 http fetch GET 200 https://registry.npmjs.org/pify/-/pify-2.3.0.tgz 877ms (cache miss)
3217 http fetch GET 200 https://registry.npmjs.org/cssesc/-/cssesc-3.0.0.tgz 904ms (cache miss)
3218 http fetch GET 200 https://registry.npmjs.org/commander/-/commander-4.1.1.tgz 904ms (cache miss)
3219 http fetch GET 200 https://registry.npmjs.org/binary-extensions/-/binary-extensions-2.3.0.tgz 904ms (cache miss)
3220 http fetch GET 200 https://registry.npmjs.org/readdirp/-/readdirp-3.6.0.tgz 1070ms (cache miss)
3221 http fetch GET 200 https://registry.npmjs.org/is-binary-path/-/is-binary-path-2.1.0.tgz 1071ms (cache miss)
3222 http fetch GET 200 https://registry.npmjs.org/postcss-value-parser/-/postcss-value-parser-4.2.0.tgz 1072ms (cache miss)
3223 http fetch GET 200 https://registry.npmjs.org/postcss-nested/-/postcss-nested-6.2.0.tgz 1072ms (cache miss)
3224 http fetch GET 200 https://registry.npmjs.org/@emnapi/core/-/core-1.9.0.tgz 1074ms (cache miss)
3225 http fetch GET 200 https://registry.npmjs.org/fsevents/-/fsevents-2.3.3.tgz 1073ms (cache miss)
3226 http fetch GET 200 https://registry.npmjs.org/util-deprecate/-/util-deprecate-1.0.2.tgz 1122ms (cache miss)
3227 http fetch GET 200 https://registry.npmjs.org/postcss-js/-/postcss-js-4.1.0.tgz 1123ms (cache miss)
3228 http fetch GET 200 https://registry.npmjs.org/postcss-load-config/-/postcss-load-config-6.0.1.tgz 1123ms (cache miss)
3229 http fetch GET 200 https://registry.npmjs.org/postcss-import/-/postcss-import-15.1.0.tgz 1197ms (cache miss)
3230 http fetch GET 200 https://registry.npmjs.org/dlv/-/dlv-1.1.3.tgz 1363ms (cache miss)
3231 http fetch GET 200 https://registry.npmjs.org/object-hash/-/object-hash-3.0.0.tgz 1363ms (cache miss)
3232 http fetch GET 200 https://registry.npmjs.org/normalize-path/-/normalize-path-3.0.0.tgz 1363ms (cache miss)
3233 http fetch GET 200 https://registry.npmjs.org/didyoumean/-/didyoumean-1.2.2.tgz 1363ms (cache miss)
3234 http fetch GET 200 https://registry.npmjs.org/anymatch/-/anymatch-3.1.3.tgz 1363ms (cache miss)
3235 http fetch GET 200 https://registry.npmjs.org/chokidar/-/chokidar-3.6.0.tgz 1394ms (cache miss)
3236 http fetch GET 200 https://registry.npmjs.org/lilconfig/-/lilconfig-3.1.3.tgz 1413ms (cache miss)
3237 http fetch GET 200 https://registry.npmjs.org/arg/-/arg-5.0.2.tgz 1413ms (cache miss)
3238 http fetch GET 200 https://registry.npmjs.org/postcss-selector-parser/-/postcss-selector-parser-6.1.2.tgz 1414ms (cache miss)
3239 http fetch GET 200 https://registry.npmjs.org/client-only/-/client-only-0.0.1.tgz 1418ms (cache miss)
3240 http fetch GET 200 https://registry.npmjs.org/is-fullwidth-code-point/-/is-fullwidth-code-point-3.0.0.tgz 1479ms (cache miss)
3241 http fetch GET 200 https://registry.npmjs.org/eastasianwidth/-/eastasianwidth-0.2.0.tgz 1479ms (cache miss)
3242 http fetch GET 200 https://registry.npmjs.org/ansi-regex/-/ansi-regex-5.0.1.tgz 1479ms (cache miss)
3243 http fetch GET 200 https://registry.npmjs.org/@alloc/quick-lru/-/quick-lru-5.2.0.tgz 1480ms (cache miss)
3244 http fetch GET 200 https://registry.npmjs.org/side-channel-weakmap/-/side-channel-weakmap-1.0.2.tgz 1479ms (cache miss)
3245 http fetch GET 200 https://registry.npmjs.org/supports-preserve-symlinks-flag/-/supports-preserve-symlinks-flag-1.0.0.tgz 1479ms (cache miss)
3246 http fetch GET 200 https://registry.npmjs.org/has-flag/-/has-flag-4.0.0.tgz 1484ms (cache miss)
3247 http fetch GET 200 https://registry.npmjs.org/object-assign/-/object-assign-4.1.1.tgz 1484ms (cache miss)
3248 http fetch GET 200 https://registry.npmjs.org/loose-envify/-/loose-envify-1.4.0.tgz 1484ms (cache miss)
3249 http fetch GET 200 https://registry.npmjs.org/queue-microtask/-/queue-microtask-1.2.3.tgz 1507ms (cache miss)
3250 http fetch GET 200 https://registry.npmjs.org/side-channel-map/-/side-channel-map-1.0.1.tgz 1507ms (cache miss)
3251 http fetch GET 200 https://registry.npmjs.org/shebang-regex/-/shebang-regex-3.0.0.tgz 1604ms (cache miss)
3252 http fetch GET 200 https://registry.npmjs.org/callsites/-/callsites-3.1.0.tgz 1643ms (cache miss)
3253 http fetch GET 200 https://registry.npmjs.org/side-channel-list/-/side-channel-list-1.0.0.tgz 1644ms (cache miss)
3254 http fetch GET 200 https://registry.npmjs.org/path-parse/-/path-parse-1.0.7.tgz 1643ms (cache miss)
3255 http fetch GET 200 https://registry.npmjs.org/picocolors/-/picocolors-1.1.1.tgz 1644ms (cache miss)
3256 http fetch GET 200 https://registry.npmjs.org/js-tokens/-/js-tokens-4.0.0.tgz 1644ms (cache miss)
3257 http fetch GET 200 https://registry.npmjs.org/yocto-queue/-/yocto-queue-0.1.0.tgz 1644ms (cache miss)
3258 http fetch GET 200 https://registry.npmjs.org/deep-is/-/deep-is-0.1.4.tgz 1689ms (cache miss)
3259 http fetch GET 200 https://registry.npmjs.org/nanoid/-/nanoid-3.3.11.tgz 1691ms (cache miss)
3260 http fetch GET 200 https://registry.npmjs.org/p-limit/-/p-limit-3.1.0.tgz 1721ms (cache miss)
3261 http fetch GET 200 https://registry.npmjs.org/word-wrap/-/word-wrap-1.2.5.tgz 1721ms (cache miss)
3262 http fetch GET 200 https://registry.npmjs.org/streamsearch/-/streamsearch-1.1.0.tgz 1799ms (cache miss)
3263 http fetch GET 200 https://registry.npmjs.org/source-map-js/-/source-map-js-1.2.1.tgz 1852ms (cache miss)
3264 http fetch GET 200 https://registry.npmjs.org/concat-map/-/concat-map-0.0.1.tgz 1874ms (cache miss)
3265 http fetch GET 200 https://registry.npmjs.org/isarray/-/isarray-2.0.5.tgz 1878ms (cache miss)
3266 http fetch GET 200 https://registry.npmjs.org/graceful-fs/-/graceful-fs-4.2.11.tgz 1880ms (cache miss)
3267 http fetch GET 200 https://registry.npmjs.org/balanced-match/-/balanced-match-1.0.2.tgz 1879ms (cache miss)
3268 http fetch GET 200 https://registry.npmjs.org/brace-expansion/-/brace-expansion-1.1.12.tgz 1919ms (cache miss)
3269 http fetch GET 200 https://registry.npmjs.org/to-regex-range/-/to-regex-range-5.0.1.tgz 1987ms (cache miss)
3270 http fetch GET 200 https://registry.npmjs.org/fast-levenshtein/-/fast-levenshtein-2.0.6.tgz 2039ms (cache miss)
3271 http fetch GET 200 https://registry.npmjs.org/p-locate/-/p-locate-5.0.0.tgz 2040ms (cache miss)
3272 http fetch GET 200 https://registry.npmjs.org/lru-cache/-/lru-cache-10.4.3.tgz 2062ms (cache miss)
3273 http fetch GET 200 https://registry.npmjs.org/fill-range/-/fill-range-7.1.1.tgz 2062ms (cache miss)
3274 http fetch GET 200 https://registry.npmjs.org/styled-jsx/-/styled-jsx-5.1.1.tgz 2066ms (cache miss)
3275 http fetch GET 200 https://registry.npmjs.org/busboy/-/busboy-1.6.0.tgz 2067ms (cache miss)
3276 http fetch GET 200 https://registry.npmjs.org/braces/-/braces-3.0.3.tgz 2147ms (cache miss)
3277 http fetch GET 200 https://registry.npmjs.org/picomatch/-/picomatch-2.3.1.tgz 2195ms (cache miss)
3278 http fetch GET 200 https://registry.npmjs.org/type-check/-/type-check-0.4.0.tgz 2236ms (cache miss)
3279 http fetch GET 200 https://registry.npmjs.org/argparse/-/argparse-2.0.1.tgz 2237ms (cache miss)
3280 http fetch GET 200 https://registry.npmjs.org/json5/-/json5-1.0.2.tgz 2321ms (cache miss)
3281 http fetch GET 200 https://registry.npmjs.org/json-buffer/-/json-buffer-3.0.1.tgz 2321ms (cache miss)
3282 http fetch GET 200 https://registry.npmjs.org/prelude-ls/-/prelude-ls-1.2.1.tgz 2401ms (cache miss)
3283 http fetch GET 200 https://registry.npmjs.org/wrap-ansi/-/wrap-ansi-7.0.0.tgz 2490ms (cache miss)
3284 http fetch GET 200 https://registry.npmjs.org/string-width/-/string-width-4.2.3.tgz 2490ms (cache miss)
3285 http fetch GET 200 https://registry.npmjs.org/string-width/-/string-width-5.1.2.tgz 2607ms (cache miss)
3286 http fetch GET 200 https://registry.npmjs.org/@pkgjs/parseargs/-/parseargs-0.11.0.tgz 2701ms (cache miss)
3287 http fetch GET 200 https://registry.npmjs.org/set-function-name/-/set-function-name-2.0.2.tgz 2701ms (cache miss)
3288 http fetch GET 200 https://registry.npmjs.org/resolve-from/-/resolve-from-4.0.0.tgz 2740ms (cache miss)
3289 http fetch GET 200 https://registry.npmjs.org/language-subtag-registry/-/language-subtag-registry-0.3.23.tgz 2741ms (cache miss)
3290 http fetch GET 200 https://registry.npmjs.org/@isaacs/cliui/-/cliui-8.0.2.tgz 2804ms (cache miss)
3291 http fetch GET 200 https://registry.npmjs.org/@unrs/resolver-binding-darwin-arm64/-/resolver-binding-darwin-arm64-1.11.1.tgz 2810ms (cache miss)
3292 http fetch GET 200 https://registry.npmjs.org/is-extglob/-/is-extglob-2.1.1.tgz 2804ms (cache miss)
3293 http fetch GET 200 https://registry.npmjs.org/@swc/counter/-/counter-0.1.3.tgz 2806ms (cache miss)
3294 http fetch GET 200 https://registry.npmjs.org/wrap-ansi/-/wrap-ansi-8.1.0.tgz 2805ms (cache miss)
3295 http fetch GET 200 https://registry.npmjs.org/side-channel/-/side-channel-1.1.0.tgz 2826ms (cache miss)
3296 http fetch GET 200 https://registry.npmjs.org/@next/env/-/env-14.2.5.tgz 2827ms (cache miss)
3297 http fetch GET 200 https://registry.npmjs.org/strip-ansi/-/strip-ansi-6.0.1.tgz 2847ms (cache miss)
3298 http fetch GET 200 https://registry.npmjs.org/path-type/-/path-type-4.0.0.tgz 2847ms (cache miss)
3299 http fetch GET 200 https://registry.npmjs.org/parent-module/-/parent-module-1.0.1.tgz 2848ms (cache miss)
3300 http fetch GET 200 https://registry.npmjs.org/merge2/-/merge2-1.4.1.tgz 2909ms (cache miss)
3301 http fetch GET 200 https://registry.npmjs.org/array-union/-/array-union-2.1.0.tgz 2908ms (cache miss)
3302 http fetch GET 200 https://registry.npmjs.org/slash/-/slash-3.0.0.tgz 2908ms (cache miss)
3303 http fetch GET 200 https://registry.npmjs.org/tslib/-/tslib-2.8.1.tgz 2910ms (cache miss)
3304 http fetch GET 200 https://registry.npmjs.org/signal-exit/-/signal-exit-4.1.0.tgz 2944ms (cache miss)
3305 http fetch GET 200 https://registry.npmjs.org/micromatch/-/micromatch-4.0.8.tgz 3028ms (cache miss)
3306 http fetch GET 200 https://registry.npmjs.org/jiti/-/jiti-1.21.7.tgz 3075ms (cache miss)
3307 http fetch GET 200 https://registry.npmjs.org/jackspeak/-/jackspeak-2.3.6.tgz 3071ms (cache miss)
3308 http fetch GET 200 https://registry.npmjs.org/type-fest/-/type-fest-0.20.2.tgz 3073ms (cache miss)
3309 http fetch GET 200 https://registry.npmjs.org/rimraf/-/rimraf-3.0.2.tgz 3125ms (cache miss)
3310 warn deprecated rimraf@3.0.2: Rimraf versions prior to v4 are no longer supported
3311 http fetch GET 200 https://registry.npmjs.org/functions-have-names/-/functions-have-names-1.2.3.tgz 3125ms (cache miss)
3312 http fetch GET 200 https://registry.npmjs.org/path-scurry/-/path-scurry-1.11.1.tgz 3126ms (cache miss)
3313 http fetch GET 200 https://registry.npmjs.org/dunder-proto/-/dunder-proto-1.0.1.tgz 3156ms (cache miss)
3314 http fetch GET 200 https://registry.npmjs.org/foreground-child/-/foreground-child-3.3.1.tgz 3156ms (cache miss)
3315 http fetch GET 200 https://registry.npmjs.org/path-exists/-/path-exists-4.0.0.tgz 3156ms (cache miss)
3316 http fetch GET 200 https://registry.npmjs.org/dir-glob/-/dir-glob-3.0.1.tgz 3156ms (cache miss)
3317 http fetch GET 200 https://registry.npmjs.org/minipass/-/minipass-7.1.3.tgz 3157ms (cache miss)
3318 http fetch GET 200 https://registry.npmjs.org/sucrase/-/sucrase-3.35.1.tgz 3163ms (cache miss)
3319 http fetch GET 200 https://registry.npmjs.org/fast-glob/-/fast-glob-3.3.3.tgz 3160ms (cache miss)
3320 http fetch GET 200 https://registry.npmjs.org/resolve-pkg-maps/-/resolve-pkg-maps-1.0.0.tgz 3189ms (cache miss)
3321 http fetch GET 200 https://registry.npmjs.org/reusify/-/reusify-1.1.0.tgz 3191ms (cache miss)
3322 http fetch GET 200 https://registry.npmjs.org/flat-cache/-/flat-cache-3.2.0.tgz 3252ms (cache miss)
3323 http fetch GET 200 https://registry.npmjs.org/string.prototype.repeat/-/string.prototype.repeat-1.0.0.tgz 3252ms (cache miss)
3324 http fetch GET 200 https://registry.npmjs.org/iterator.prototype/-/iterator.prototype-1.1.5.tgz 3252ms (cache miss)
3325 http fetch GET 200 https://registry.npmjs.org/acorn-jsx/-/acorn-jsx-5.3.2.tgz 3252ms (cache miss)
3326 http fetch GET 200 https://registry.npmjs.org/locate-path/-/locate-path-6.0.0.tgz 3252ms (cache miss)
3327 http fetch GET 200 https://registry.npmjs.org/array.prototype.findlast/-/array.prototype.findlast-1.2.5.tgz 3261ms (cache miss)
3328 http fetch GET 200 https://registry.npmjs.org/esrecurse/-/esrecurse-4.3.0.tgz 3262ms (cache miss)
3329 http fetch GET 200 https://registry.npmjs.org/object.entries/-/object.entries-1.1.9.tgz 3396ms (cache miss)
3330 http fetch GET 200 https://registry.npmjs.org/flatted/-/flatted-3.4.1.tgz 3398ms (cache miss)
3331 http fetch GET 200 https://registry.npmjs.org/string.prototype.includes/-/string.prototype.includes-2.0.1.tgz 3428ms (cache miss)
3332 http fetch GET 200 https://registry.npmjs.org/estraverse/-/estraverse-5.3.0.tgz 3428ms (cache miss)
3333 http fetch GET 200 https://registry.npmjs.org/string.prototype.matchall/-/string.prototype.matchall-4.0.12.tgz 3428ms (cache miss)
3334 http fetch GET 200 https://registry.npmjs.org/language-tags/-/language-tags-1.0.9.tgz 3462ms (cache miss)
3335 http fetch GET 200 https://registry.npmjs.org/array.prototype.tosorted/-/array.prototype.tosorted-1.1.4.tgz 3461ms (cache miss)
3336 http fetch GET 200 https://registry.npmjs.org/prop-types/-/prop-types-15.8.1.tgz 3558ms (cache miss)
3337 http fetch GET 200 https://registry.npmjs.org/axobject-query/-/axobject-query-4.1.0.tgz 3576ms (cache miss)
3338 http fetch GET 200 https://registry.npmjs.org/jsx-ast-utils/-/jsx-ast-utils-3.3.5.tgz 3578ms (cache miss)
3339 http fetch GET 200 https://registry.npmjs.org/aria-query/-/aria-query-5.3.2.tgz 3654ms (cache miss)
3340 http fetch GET 200 https://registry.npmjs.org/is-date-object/-/is-date-object-1.1.0.tgz 3681ms (cache miss)
3341 http fetch GET 200 https://registry.npmjs.org/is-symbol/-/is-symbol-1.1.1.tgz 3681ms (cache miss)
3342 http fetch GET 200 https://registry.npmjs.org/unbox-primitive/-/unbox-primitive-1.1.0.tgz 3711ms (cache miss)
3343 http fetch GET 200 https://registry.npmjs.org/ast-types-flow/-/ast-types-flow-0.0.8.tgz 3712ms (cache miss)
3344 http fetch GET 200 https://registry.npmjs.org/possible-typed-array-names/-/possible-typed-array-names-1.1.0.tgz 3714ms (cache miss)
3345 http fetch GET 200 https://registry.npmjs.org/typed-array-buffer/-/typed-array-buffer-1.0.3.tgz 3746ms (cache miss)
3346 http fetch GET 200 https://registry.npmjs.org/typed-array-byte-offset/-/typed-array-byte-offset-1.0.4.tgz 3747ms (cache miss)
3347 http fetch GET 200 https://registry.npmjs.org/typed-array-length/-/typed-array-length-1.0.7.tgz 3770ms (cache miss)
3348 http fetch GET 200 https://registry.npmjs.org/typed-array-byte-length/-/typed-array-byte-length-1.0.3.tgz 3770ms (cache miss)
3349 http fetch GET 200 https://registry.npmjs.org/stop-iteration-iterator/-/stop-iteration-iterator-1.1.0.tgz 3770ms (cache miss)
3350 http fetch GET 200 https://registry.npmjs.org/set-proto/-/set-proto-1.0.0.tgz 3832ms (cache miss)
3351 http fetch GET 200 https://registry.npmjs.org/string.prototype.trimstart/-/string.prototype.trimstart-1.0.8.tgz 3833ms (cache miss)
3352 http fetch GET 200 https://registry.npmjs.org/string.prototype.trim/-/string.prototype.trim-1.2.10.tgz 3834ms (cache miss)
3353 http fetch GET 200 https://registry.npmjs.org/has-tostringtag/-/has-tostringtag-1.0.2.tgz 3834ms (cache miss)
3354 http fetch GET 200 https://registry.npmjs.org/caniuse-lite/-/caniuse-lite-1.0.30001779.tgz 3843ms (cache miss)
3355 http fetch GET 200 https://registry.npmjs.org/safe-push-apply/-/safe-push-apply-1.0.0.tgz 3856ms (cache miss)
3356 http fetch GET 200 https://registry.npmjs.org/keyv/-/keyv-4.5.4.tgz 4002ms (cache miss)
3357 http fetch GET 200 https://registry.npmjs.org/es-iterator-helpers/-/es-iterator-helpers-1.3.1.tgz 4003ms (cache miss)
3358 http fetch GET 200 https://registry.npmjs.org/which-typed-array/-/which-typed-array-1.1.20.tgz 4003ms (cache miss)
3359 http fetch GET 200 https://registry.npmjs.org/safe-regex-test/-/safe-regex-test-1.1.0.tgz 4038ms (cache miss)
3360 http fetch GET 200 https://registry.npmjs.org/safe-array-concat/-/safe-array-concat-1.1.3.tgz 4038ms (cache miss)
3361 http fetch GET 200 https://registry.npmjs.org/emoji-regex/-/emoji-regex-9.2.2.tgz 4038ms (cache miss)
3362 http fetch GET 200 https://registry.npmjs.org/own-keys/-/own-keys-1.0.1.tgz 4038ms (cache miss)
3363 http fetch GET 200 https://registry.npmjs.org/is-shared-array-buffer/-/is-shared-array-buffer-1.0.4.tgz 4038ms (cache miss)
3364 http fetch GET 200 https://registry.npmjs.org/is-weakref/-/is-weakref-1.1.1.tgz 4038ms (cache miss)
3365 http fetch GET 200 https://registry.npmjs.org/object-inspect/-/object-inspect-1.13.4.tgz 4039ms (cache miss)
3366 http fetch GET 200 https://registry.npmjs.org/object.assign/-/object.assign-4.1.7.tgz 4040ms (cache miss)
3367 http fetch GET 200 https://registry.npmjs.org/damerau-levenshtein/-/damerau-levenshtein-1.0.8.tgz 4109ms (cache miss)
3368 http fetch GET 200 https://registry.npmjs.org/is-set/-/is-set-2.0.3.tgz 4109ms (cache miss)
3369 http fetch GET 200 https://registry.npmjs.org/globalthis/-/globalthis-1.0.4.tgz 4110ms (cache miss)
3370 http fetch GET 200 https://registry.npmjs.org/has-symbols/-/has-symbols-1.1.0.tgz 4110ms (cache miss)
3371 http fetch GET 200 https://registry.npmjs.org/function.prototype.name/-/function.prototype.name-1.1.8.tgz 4112ms (cache miss)
3372 http fetch GET 200 https://registry.npmjs.org/is-data-view/-/is-data-view-1.0.2.tgz 4157ms (cache miss)
3373 http fetch GET 200 https://registry.npmjs.org/is-array-buffer/-/is-array-buffer-3.0.5.tgz 4157ms (cache miss)
3374 http fetch GET 200 https://registry.npmjs.org/is-typed-array/-/is-typed-array-1.1.15.tgz 4157ms (cache miss)
3375 http fetch GET 200 https://registry.npmjs.org/is-callable/-/is-callable-1.2.7.tgz 4157ms (cache miss)
3376 http fetch GET 200 https://registry.npmjs.org/internal-slot/-/internal-slot-1.1.0.tgz 4157ms (cache miss)
3377 http fetch GET 200 https://registry.npmjs.org/get-symbol-description/-/get-symbol-description-1.1.0.tgz 4258ms (cache miss)
3378 http fetch GET 200 https://registry.npmjs.org/has-proto/-/has-proto-1.2.0.tgz 4257ms (cache miss)
3379 http fetch GET 200 https://registry.npmjs.org/is-regex/-/is-regex-1.2.1.tgz 4258ms (cache miss)
3380 http fetch GET 200 https://registry.npmjs.org/es-to-primitive/-/es-to-primitive-1.3.0.tgz 4258ms (cache miss)
3381 http fetch GET 200 https://registry.npmjs.org/es-set-tostringtag/-/es-set-tostringtag-2.1.0.tgz 4327ms (cache miss)
3382 http fetch GET 200 https://registry.npmjs.org/get-proto/-/get-proto-1.0.1.tgz 4326ms (cache miss)
3383 http fetch GET 200 https://registry.npmjs.org/data-view-byte-offset/-/data-view-byte-offset-1.0.1.tgz 4383ms (cache miss)
3384 http fetch GET 200 https://registry.npmjs.org/regexp.prototype.flags/-/regexp.prototype.flags-1.5.4.tgz 4384ms (cache miss)
3385 http fetch GET 200 https://registry.npmjs.org/array-buffer-byte-length/-/array-buffer-byte-length-1.0.2.tgz 4446ms (cache miss)
3386 http fetch GET 200 https://registry.npmjs.org/data-view-byte-length/-/data-view-byte-length-1.0.2.tgz 4446ms (cache miss)
3387 http fetch GET 200 https://registry.npmjs.org/@swc/helpers/-/helpers-0.5.5.tgz 4473ms (cache miss)
3388 http fetch GET 200 https://registry.npmjs.org/object-keys/-/object-keys-1.1.1.tgz 4583ms (cache miss)
3389 http fetch GET 200 https://registry.npmjs.org/has-property-descriptors/-/has-property-descriptors-1.0.2.tgz 4583ms (cache miss)
3390 http fetch GET 200 https://registry.npmjs.org/function-bind/-/function-bind-1.1.2.tgz 4583ms (cache miss)
3391 http fetch GET 200 https://registry.npmjs.org/arraybuffer.prototype.slice/-/arraybuffer.prototype.slice-1.0.4.tgz 4676ms (cache miss)
3392 http fetch GET 200 https://registry.npmjs.org/gopd/-/gopd-1.2.0.tgz 4676ms (cache miss)
3393 http fetch GET 200 https://registry.npmjs.org/available-typed-arrays/-/available-typed-arrays-1.0.7.tgz 4677ms (cache miss)
3394 http fetch GET 200 https://registry.npmjs.org/acorn/-/acorn-8.16.0.tgz 4680ms (cache miss)
3395 http fetch GET 200 https://registry.npmjs.org/call-bind-apply-helpers/-/call-bind-apply-helpers-1.0.2.tgz 4747ms (cache miss)
3396 http fetch GET 200 https://registry.npmjs.org/define-data-property/-/define-data-property-1.1.4.tgz 4748ms (cache miss)
3397 http fetch GET 200 https://registry.npmjs.org/set-function-length/-/set-function-length-1.2.2.tgz 4748ms (cache miss)
3398 http fetch GET 200 https://registry.npmjs.org/es-define-property/-/es-define-property-1.0.1.tgz 4808ms (cache miss)
3399 http fetch GET 200 https://registry.npmjs.org/math-intrinsics/-/math-intrinsics-1.1.0.tgz 4808ms (cache miss)
3400 http fetch GET 200 https://registry.npmjs.org/data-view-buffer/-/data-view-buffer-1.0.2.tgz 4809ms (cache miss)
3401 http fetch GET 200 https://registry.npmjs.org/get-intrinsic/-/get-intrinsic-1.3.0.tgz 4808ms (cache miss)
3402 http fetch GET 200 https://registry.npmjs.org/es-shim-unscopables/-/es-shim-unscopables-1.1.0.tgz 4808ms (cache miss)
3403 http fetch GET 200 https://registry.npmjs.org/define-properties/-/define-properties-1.2.1.tgz 4906ms (cache miss)
3404 http fetch GET 200 https://registry.npmjs.org/tsconfig-paths/-/tsconfig-paths-3.15.0.tgz 4916ms (cache miss)
3405 http fetch GET 200 https://registry.npmjs.org/call-bound/-/call-bound-1.0.4.tgz 4954ms (cache miss)
3406 http fetch GET 200 https://registry.npmjs.org/is-string/-/is-string-1.1.1.tgz 4954ms (cache miss)
3407 http fetch GET 200 https://registry.npmjs.org/object.values/-/object.values-1.2.1.tgz 4954ms (cache miss)
3408 http fetch GET 200 https://registry.npmjs.org/string.prototype.trimend/-/string.prototype.trimend-1.0.9.tgz 4996ms (cache miss)
3409 http fetch GET 200 https://registry.npmjs.org/call-bind/-/call-bind-1.0.8.tgz 4996ms (cache miss)
3410 http fetch GET 200 https://registry.npmjs.org/hasown/-/hasown-2.0.2.tgz 5023ms (cache miss)
3411 http fetch GET 200 https://registry.npmjs.org/object.groupby/-/object.groupby-1.0.3.tgz 5024ms (cache miss)
3412 http fetch GET 200 https://registry.npmjs.org/object.fromentries/-/object.fromentries-2.0.8.tgz 5187ms (cache miss)
3413 http fetch GET 200 https://registry.npmjs.org/es-object-atoms/-/es-object-atoms-1.1.1.tgz 5188ms (cache miss)
3414 http fetch GET 200 https://registry.npmjs.org/array.prototype.flat/-/array.prototype.flat-1.3.3.tgz 5188ms (cache miss)
3415 http fetch GET 200 https://registry.npmjs.org/array.prototype.findlastindex/-/array.prototype.findlastindex-1.2.6.tgz 5189ms (cache miss)
3416 http fetch GET 200 https://registry.npmjs.org/es-errors/-/es-errors-1.3.0.tgz 5234ms (cache miss)
3417 http fetch GET 200 https://registry.npmjs.org/stable-hash/-/stable-hash-0.0.5.tgz 5346ms (cache miss)
3418 http fetch GET 200 https://registry.npmjs.org/is-bun-module/-/is-bun-module-2.0.0.tgz 5372ms (cache miss)
3419 http fetch GET 200 https://registry.npmjs.org/tinyglobby/-/tinyglobby-0.2.15.tgz 5372ms (cache miss)
3420 http fetch GET 200 https://registry.npmjs.org/is-negative-zero/-/is-negative-zero-2.0.3.tgz 5372ms (cache miss)
3421 http fetch GET 200 https://registry.npmjs.org/@nolyfill/is-core-module/-/is-core-module-1.0.39.tgz 5462ms (cache miss)
3422 http fetch GET 200 https://registry.npmjs.org/is-core-module/-/is-core-module-2.16.1.tgz 5537ms (cache miss)
3423 http fetch GET 200 https://registry.npmjs.org/globby/-/globby-11.1.0.tgz 5537ms (cache miss)
3424 http fetch GET 200 https://registry.npmjs.org/@rtsao/scc/-/scc-1.1.0.tgz 5566ms (cache miss)
3425 http fetch GET 200 https://registry.npmjs.org/get-tsconfig/-/get-tsconfig-4.13.6.tgz 5605ms (cache miss)
3426 http fetch GET 200 https://registry.npmjs.org/resolve/-/resolve-1.22.11.tgz 5636ms (cache miss)
3427 http fetch GET 200 https://registry.npmjs.org/es-abstract/-/es-abstract-1.24.1.tgz 5639ms (cache miss)
3428 http fetch GET 200 https://registry.npmjs.org/array-includes/-/array-includes-3.1.9.tgz 5661ms (cache miss)
3429 http fetch GET 200 https://registry.npmjs.org/semver/-/semver-7.7.4.tgz 5664ms (cache miss)
3430 http fetch GET 200 https://registry.npmjs.org/glob/-/glob-10.3.10.tgz 5930ms (cache miss)
3431 warn deprecated glob@10.3.10: Old versions of glob are not supported, and contain widely publicized security vulnerabilities, which have been fixed in the current version. Please update. Support for old versions may be purchased (at exorbitant rates) by contacting i@izs.me
3432 http fetch GET 200 https://registry.npmjs.org/array.prototype.flatmap/-/array.prototype.flatmap-1.3.3.tgz 5998ms (cache miss)
3433 http fetch GET 200 https://registry.npmjs.org/pirates/-/pirates-4.0.7.tgz 5999ms (cache miss)
3434 http fetch GET 200 https://registry.npmjs.org/eslint-import-resolver-node/-/eslint-import-resolver-node-0.3.9.tgz 6065ms (cache miss)
3435 http fetch GET 200 https://registry.npmjs.org/@typescript-eslint/visitor-keys/-/visitor-keys-7.2.0.tgz 6180ms (cache miss)
3436 http fetch GET 200 https://registry.npmjs.org/ts-api-utils/-/ts-api-utils-1.4.3.tgz 6180ms (cache miss)
3437 http fetch GET 200 https://registry.npmjs.org/path-key/-/path-key-3.1.1.tgz 6249ms (cache miss)
3438 http fetch GET 200 https://registry.npmjs.org/shebang-command/-/shebang-command-2.0.0.tgz 6249ms (cache miss)
3439 http fetch GET 200 https://registry.npmjs.org/@next/eslint-plugin-next/-/eslint-plugin-next-14.2.5.tgz 6268ms (cache miss)
3440 http fetch GET 200 https://registry.npmjs.org/eslint-plugin-jsx-a11y/-/eslint-plugin-jsx-a11y-6.10.2.tgz 6278ms (cache miss)
3441 http fetch GET 200 https://registry.npmjs.org/@typescript-eslint/typescript-estree/-/typescript-estree-7.2.0.tgz 6281ms (cache miss)
3442 http fetch GET 200 https://registry.npmjs.org/which/-/which-2.0.2.tgz 6290ms (cache miss)
3443 http fetch GET 200 https://registry.npmjs.org/@typescript-eslint/parser/-/parser-7.2.0.tgz 6291ms (cache miss)
3444 http fetch GET 200 https://registry.npmjs.org/color-name/-/color-name-1.1.4.tgz 6290ms (cache miss)
3445 http fetch GET 200 https://registry.npmjs.org/eslint-import-resolver-typescript/-/eslint-import-resolver-typescript-3.10.1.tgz 6291ms (cache miss)
3446 http fetch GET 200 https://registry.npmjs.org/@rushstack/eslint-patch/-/eslint-patch-1.16.1.tgz 6310ms (cache miss)
3447 http fetch GET 200 https://registry.npmjs.org/ansi-styles/-/ansi-styles-4.3.0.tgz 6359ms (cache miss)
3448 http fetch GET 200 https://registry.npmjs.org/json-schema-traverse/-/json-schema-traverse-0.4.1.tgz 6402ms (cache miss)
3449 http fetch GET 200 https://registry.npmjs.org/run-parallel/-/run-parallel-1.2.0.tgz 6436ms (cache miss)
3450 http fetch GET 200 https://registry.npmjs.org/supports-color/-/supports-color-7.2.0.tgz 6437ms (cache miss)
3451 http fetch GET 200 https://registry.npmjs.org/axe-core/-/axe-core-4.11.1.tgz 6443ms (cache miss)
3452 http fetch GET 200 https://registry.npmjs.org/eslint-plugin-react-hooks/-/eslint-plugin-react-hooks-5.0.0-canary-7118f5dd7-20230705.tgz 6468ms (cache miss)
3453 http fetch GET 200 https://registry.npmjs.org/eslint-plugin-import/-/eslint-plugin-import-2.32.0.tgz 6667ms (cache miss)
3454 http fetch GET 200 https://registry.npmjs.org/eslint-module-utils/-/eslint-module-utils-2.12.1.tgz 6672ms (cache miss)
3455 http fetch GET 200 https://registry.npmjs.org/ms/-/ms-2.1.3.tgz 6672ms (cache miss)
3456 http fetch GET 200 https://registry.npmjs.org/strip-json-comments/-/strip-json-comments-3.1.1.tgz 6747ms (cache miss)
3457 http fetch GET 200 https://registry.npmjs.org/fastq/-/fastq-1.20.1.tgz 6747ms (cache miss)
3458 http fetch GET 200 https://registry.npmjs.org/@typescript-eslint/types/-/types-7.2.0.tgz 6807ms (cache miss)
3459 http fetch GET 200 https://registry.npmjs.org/strip-ansi/-/strip-ansi-6.0.1.tgz 6825ms (cache miss)
3460 http fetch GET 200 https://registry.npmjs.org/text-table/-/text-table-0.2.0.tgz 6826ms (cache miss)
3461 http fetch GET 200 https://registry.npmjs.org/@humanwhocodes/object-schema/-/object-schema-2.0.3.tgz 6840ms (cache miss)
3462 warn deprecated @humanwhocodes/object-schema@2.0.3: Use @eslint/object-schema instead
3463 http fetch GET 200 https://registry.npmjs.org/minimatch/-/minimatch-3.1.5.tgz 6889ms (cache miss)
3464 http fetch GET 200 https://registry.npmjs.org/natural-compare/-/natural-compare-1.4.0.tgz 6890ms (cache miss)
3465 http fetch GET 200 https://registry.npmjs.org/@nodelib/fs.stat/-/fs.stat-2.0.5.tgz 6891ms (cache miss)
3466 http fetch GET 200 https://registry.npmjs.org/@nodelib/fs.scandir/-/fs.scandir-2.1.5.tgz 6900ms (cache miss)
3467 http fetch GET 200 https://registry.npmjs.org/optionator/-/optionator-0.9.4.tgz 6912ms (cache miss)
3468 http fetch GET 200 https://registry.npmjs.org/eslint-plugin-react/-/eslint-plugin-react-7.37.5.tgz 6947ms (cache miss)
3469 http fetch GET 200 https://registry.npmjs.org/ignore/-/ignore-5.3.2.tgz 6982ms (cache miss)
3470 http fetch GET 200 https://registry.npmjs.org/imurmurhash/-/imurmurhash-0.1.4.tgz 6983ms (cache miss)
3471 http fetch GET 200 https://registry.npmjs.org/import-fresh/-/import-fresh-3.3.1.tgz 6983ms (cache miss)
3472 http fetch GET 200 https://registry.npmjs.org/is-path-inside/-/is-path-inside-3.0.3.tgz 6983ms (cache miss)
3473 http fetch GET 200 https://registry.npmjs.org/json-stable-stringify-without-jsonify/-/json-stable-stringify-without-jsonify-1.0.1.tgz 6983ms (cache miss)
3474 http fetch GET 200 https://registry.npmjs.org/lodash.merge/-/lodash.merge-4.6.2.tgz 6986ms (cache miss)
3475 http fetch GET 200 https://registry.npmjs.org/levn/-/levn-0.4.1.tgz 7019ms (cache miss)
3476 http fetch GET 200 https://registry.npmjs.org/is-glob/-/is-glob-4.0.3.tgz 7020ms (cache miss)
3477 http fetch GET 200 https://registry.npmjs.org/globals/-/globals-13.24.0.tgz 7020ms (cache miss)
3478 http fetch GET 200 https://registry.npmjs.org/color-convert/-/color-convert-2.0.1.tgz 7111ms (cache miss)
3479 http fetch GET 200 https://registry.npmjs.org/eslint-visitor-keys/-/eslint-visitor-keys-3.4.3.tgz 7111ms (cache miss)
3480 http fetch GET 200 https://registry.npmjs.org/glob-parent/-/glob-parent-6.0.2.tgz 7111ms (cache miss)
3481 http fetch GET 200 https://registry.npmjs.org/fast-json-stable-stringify/-/fast-json-stable-stringify-2.1.0.tgz 7113ms (cache miss)
3482 http fetch GET 200 https://registry.npmjs.org/fast-deep-equal/-/fast-deep-equal-3.1.3.tgz 7112ms (cache miss)
3483 http fetch GET 200 https://registry.npmjs.org/graphemer/-/graphemer-1.4.0.tgz 7113ms (cache miss)
3484 http fetch GET 200 https://registry.npmjs.org/file-entry-cache/-/file-entry-cache-6.0.1.tgz 7206ms (cache miss)
3485 http fetch GET 200 https://registry.npmjs.org/espree/-/espree-9.6.1.tgz 7207ms (cache miss)
3486 http fetch GET 200 https://registry.npmjs.org/escape-string-regexp/-/escape-string-regexp-4.0.0.tgz 7273ms (cache miss)
3487 http fetch GET 200 https://registry.npmjs.org/esutils/-/esutils-2.0.3.tgz 7327ms (cache miss)
3488 http fetch GET 200 https://registry.npmjs.org/debug/-/debug-4.4.3.tgz 7327ms (cache miss)
3489 http fetch GET 200 https://registry.npmjs.org/chalk/-/chalk-4.1.2.tgz 7369ms (cache miss)
3490 http fetch GET 200 https://registry.npmjs.org/doctrine/-/doctrine-3.0.0.tgz 7430ms (cache miss)
3491 http fetch GET 200 https://registry.npmjs.org/@typescript-eslint/scope-manager/-/scope-manager-7.2.0.tgz 7538ms (cache miss)
3492 http fetch GET 200 https://registry.npmjs.org/esquery/-/esquery-1.7.0.tgz 7599ms (cache miss)
3493 http fetch GET 200 https://registry.npmjs.org/@humanwhocodes/module-importer/-/module-importer-1.0.1.tgz 7599ms (cache miss)
3494 http fetch GET 200 https://registry.npmjs.org/@nodelib/fs.walk/-/fs.walk-1.2.8.tgz 7600ms (cache miss)
3495 http fetch GET 200 https://registry.npmjs.org/@humanwhocodes/config-array/-/config-array-0.13.0.tgz 7705ms (cache miss)
3496 warn deprecated @humanwhocodes/config-array@0.13.0: Use @eslint/config-array instead
3497 http fetch GET 200 https://registry.npmjs.org/@ungap/structured-clone/-/structured-clone-1.3.0.tgz 7851ms (cache miss)
3498 http fetch GET 200 https://registry.npmjs.org/@types/prop-types/-/prop-types-15.7.15.tgz 7851ms (cache miss)
3499 http fetch GET 200 https://registry.npmjs.org/eslint-scope/-/eslint-scope-7.2.2.tgz 7853ms (cache miss)
3500 http fetch GET 200 https://registry.npmjs.org/ajv/-/ajv-6.14.0.tgz 7853ms (cache miss)
3501 http fetch GET 200 https://registry.npmjs.org/cross-spawn/-/cross-spawn-7.0.6.tgz 7944ms (cache miss)
3502 http fetch GET 200 https://registry.npmjs.org/undici-types/-/undici-types-6.21.0.tgz 7951ms (cache miss)
3503 http fetch GET 200 https://registry.npmjs.org/eslint-config-next/-/eslint-config-next-14.2.5.tgz 8187ms (cache miss)
3504 http fetch GET 200 https://registry.npmjs.org/@napi-rs/wasm-runtime/-/wasm-runtime-0.2.12.tgz 8209ms (cache miss)
3505 http fetch GET 200 https://registry.npmjs.org/csstype/-/csstype-3.2.3.tgz 8187ms (cache miss)
3506 http fetch GET 200 https://registry.npmjs.org/@eslint-community/regexpp/-/regexpp-4.12.2.tgz 8188ms (cache miss)
3507 http fetch GET 200 https://registry.npmjs.org/postcss/-/postcss-8.5.8.tgz 8384ms (cache miss)
3508 http fetch GET 200 https://registry.npmjs.org/uri-js/-/uri-js-4.4.1.tgz 8387ms (cache miss)
3509 http fetch GET 200 https://registry.npmjs.org/@eslint/js/-/js-8.57.1.tgz 8601ms (cache miss)
3510 http fetch GET 200 https://registry.npmjs.org/find-up/-/find-up-5.0.0.tgz 8760ms (cache miss)
3511 http fetch GET 200 https://registry.npmjs.org/scheduler/-/scheduler-0.23.2.tgz 9106ms (cache miss)
3512 http fetch GET 200 https://registry.npmjs.org/glob-parent/-/glob-parent-5.1.2.tgz 9151ms (cache miss)
3513 http fetch GET 200 https://registry.npmjs.org/unrs-resolver/-/unrs-resolver-1.11.1.tgz 9386ms (cache miss)
3514 http fetch GET 200 https://registry.npmjs.org/@eslint-community/eslint-utils/-/eslint-utils-4.9.1.tgz 9388ms (cache miss)
3515 http fetch GET 200 https://registry.npmjs.org/ansi-styles/-/ansi-styles-6.2.3.tgz 9411ms (cache miss)
3516 http fetch GET 200 https://registry.npmjs.org/@types/react-dom/-/react-dom-18.3.7.tgz 9411ms (cache miss)
3517 http fetch GET 200 https://registry.npmjs.org/emoji-regex/-/emoji-regex-8.0.0.tgz 9482ms (cache miss)
3518 http fetch GET 200 https://registry.npmjs.org/string-width/-/string-width-4.2.3.tgz 9781ms (cache miss)
3519 http fetch GET 200 https://registry.npmjs.org/ansi-regex/-/ansi-regex-6.2.2.tgz 9781ms (cache miss)
3520 http fetch GET 200 https://registry.npmjs.org/emoji-regex/-/emoji-regex-8.0.0.tgz 9782ms (cache miss)
3521 http fetch GET 200 https://registry.npmjs.org/ansi-regex/-/ansi-regex-6.2.2.tgz 9842ms (cache miss)
3522 http fetch GET 200 https://registry.npmjs.org/@types/react/-/react-18.3.28.tgz 9844ms (cache miss)
3523 http fetch GET 200 https://registry.npmjs.org/strip-ansi/-/strip-ansi-7.2.0.tgz 9982ms (cache miss)
3524 http fetch GET 200 https://registry.npmjs.org/ansi-regex/-/ansi-regex-6.2.2.tgz 10165ms (cache miss)
3525 http fetch GET 200 https://registry.npmjs.org/strip-ansi/-/strip-ansi-7.2.0.tgz 10165ms (cache miss)
3526 http fetch GET 200 https://registry.npmjs.org/react-is/-/react-is-16.13.1.tgz 10199ms (cache miss)
3527 http fetch GET 200 https://registry.npmjs.org/semver/-/semver-6.3.1.tgz 10199ms (cache miss)
3528 http fetch GET 200 https://registry.npmjs.org/glob/-/glob-7.2.3.tgz 10481ms (cache miss)
3529 http fetch GET 200 https://registry.npmjs.org/strip-ansi/-/strip-ansi-7.2.0.tgz 10481ms (cache miss)
3530 warn deprecated glob@7.2.3: Old versions of glob are not supported, and contain widely publicized security vulnerabilities, which have been fixed in the current version. Please update. Support for old versions may be purchased (at exorbitant rates) by contacting i@izs.me
3531 http fetch GET 200 https://registry.npmjs.org/eslint/-/eslint-8.57.1.tgz 10485ms (cache miss)
3532 warn deprecated eslint@8.57.1: This version is no longer supported. Please see https://eslint.org/version-support for other options.
3533 http fetch GET 200 https://registry.npmjs.org/brace-expansion/-/brace-expansion-2.0.2.tgz 10535ms (cache miss)
3534 http fetch GET 200 https://registry.npmjs.org/picomatch/-/picomatch-4.0.3.tgz 10536ms (cache miss)
3535 http fetch GET 200 https://registry.npmjs.org/brace-expansion/-/brace-expansion-2.0.2.tgz 10738ms (cache miss)
3536 http fetch GET 200 https://registry.npmjs.org/js-yaml/-/js-yaml-4.1.1.tgz 10818ms (cache miss)
3537 http fetch GET 200 https://registry.npmjs.org/postcss/-/postcss-8.4.31.tgz 10818ms (cache miss)
3538 http fetch GET 200 https://registry.npmjs.org/minimatch/-/minimatch-9.0.3.tgz 10967ms (cache miss)
3539 http fetch GET 200 https://registry.npmjs.org/debug/-/debug-3.2.7.tgz 11030ms (cache miss)
3540 http fetch GET 200 https://registry.npmjs.org/resolve/-/resolve-2.0.0-next.6.tgz 11035ms (cache miss)
3541 http fetch GET 200 https://registry.npmjs.org/@types/node/-/node-20.19.37.tgz 11052ms (cache miss)
3542 http fetch GET 200 https://registry.npmjs.org/fdir/-/fdir-6.5.0.tgz 11072ms (cache miss)
3543 http fetch GET 200 https://registry.npmjs.org/doctrine/-/doctrine-2.1.0.tgz 11073ms (cache miss)
3544 http fetch GET 200 https://registry.npmjs.org/doctrine/-/doctrine-2.1.0.tgz 11073ms (cache miss)
3545 http fetch GET 200 https://registry.npmjs.org/glob-parent/-/glob-parent-5.1.2.tgz 11196ms (cache miss)
3546 http fetch GET 200 https://registry.npmjs.org/semver/-/semver-6.3.1.tgz 11196ms (cache miss)
3547 http fetch GET 200 https://registry.npmjs.org/debug/-/debug-3.2.7.tgz 11198ms (cache miss)
3548 http fetch GET 200 https://registry.npmjs.org/semver/-/semver-6.3.1.tgz 11213ms (cache miss)
3549 http fetch GET 200 https://registry.npmjs.org/minimatch/-/minimatch-9.0.9.tgz 11227ms (cache miss)
3550 http fetch GET 200 https://registry.npmjs.org/minimatch 11104ms (cache miss)
3551 silly packumentCache corgi:https://registry.npmjs.org/minimatch set size:undefined disposed:false
3552 http fetch GET 200 https://registry.npmjs.org/debug/-/debug-3.2.7.tgz 11917ms (cache miss)
3553 http fetch GET 200 https://registry.npmjs.org/glob 11515ms (cache miss)
3554 silly packumentCache corgi:https://registry.npmjs.org/glob set size:undefined disposed:false
3555 http fetch GET 200 https://registry.npmjs.org/tailwindcss/-/tailwindcss-3.4.19.tgz 11959ms (cache miss)
3556 http fetch GET 200 https://registry.npmjs.org/@eslint/eslintrc/-/eslintrc-2.1.4.tgz 12224ms (cache miss)
3557 http fetch GET 200 https://registry.npmjs.org/react/-/react-18.3.1.tgz 14883ms (cache miss)
3558 http fetch GET 200 https://registry.npmjs.org/next 15005ms (cache miss)
3559 silly packumentCache corgi:https://registry.npmjs.org/next set size:undefined disposed:false
3560 silly packumentCache corgi:https://registry.npmjs.org/@typescript-eslint%2ftypescript-estree cache-miss
3561 http fetch GET 200 https://registry.npmjs.org/react-dom/-/react-dom-18.3.1.tgz 19241ms (cache miss)
3562 http fetch GET 200 https://registry.npmjs.org/@typescript-eslint%2ftypescript-estree 8920ms (cache miss)
3563 silly packumentCache corgi:https://registry.npmjs.org/@typescript-eslint%2ftypescript-estree set size:undefined disposed:false
3564 silly packumentCache corgi:https://registry.npmjs.org/@next%2feslint-plugin-next cache-miss
3565 http fetch GET 200 https://registry.npmjs.org/@next%2feslint-plugin-next 4198ms (cache miss)
3566 silly packumentCache corgi:https://registry.npmjs.org/@next%2feslint-plugin-next set size:undefined disposed:false
3567 silly packumentCache corgi:https://registry.npmjs.org/@typescript-eslint%2fparser cache-miss
3568 http fetch GET 200 https://registry.npmjs.org/typescript/-/typescript-5.9.3.tgz 30045ms (cache miss)
3569 http fetch GET 200 https://registry.npmjs.org/@typescript-eslint%2fparser 3212ms (cache miss)
3570 silly packumentCache corgi:https://registry.npmjs.org/@typescript-eslint%2fparser set size:undefined disposed:false
3571 silly packumentCache corgi:https://registry.npmjs.org/eslint-config-next cache-miss
3572 http fetch GET 200 https://registry.npmjs.org/eslint-config-next 15241ms (cache miss)
3573 silly packumentCache corgi:https://registry.npmjs.org/eslint-config-next set size:undefined disposed:false
3574 http fetch GET 200 https://registry.npmjs.org/@next/swc-darwin-arm64/-/swc-darwin-arm64-14.2.5.tgz 75815ms (cache miss)
3575 http fetch GET 200 https://registry.npmjs.org/next/-/next-14.2.5.tgz 92370ms (cache miss)
3576 warn deprecated next@14.2.5: This version has a security vulnerability. Please upgrade to a patched version. See https://nextjs.org/blog/security-update-2025-12-11 for more details.
3577 verbose stack Error: process terminated
3577 verbose stack     at /usr/local/lib/node_modules/npm/node_modules/@npmcli/arborist/lib/arborist/reify.js:293:39
3577 verbose stack     at process.<anonymous> (/usr/local/lib/node_modules/npm/node_modules/@npmcli/arborist/lib/signal-handling.js:53:5)
3577 verbose stack     at process.emit (node:events:519:28)
3578 error process terminated
3579 error signal SIGINT
3580 silly unfinished npm timer reify 1773720367827
3581 verbose cwd /Users/gayathrisathish/Library/Mobile Documents/com~apple~CloudDocs/Desktop/Projects/RoadRhythm
3582 verbose os Darwin 25.2.0
3583 verbose node v22.20.0
3584 verbose npm  v10.9.3
3585 notice
3585 notice New [31mmajor[39m version of npm available! [31m10.9.3[39m -> [34m11.11.1[39m
3585 notice Changelog: [34mhttps://github.com/npm/cli/releases/tag/v11.11.1[39m
3585 notice To update run: [4mnpm install -g npm@11.11.1[24m
3585 notice  { force: true, [Symbol(proc-log.meta)]: true }
3586 verbose exit 1
3587 verbose code 1
3588 error A complete log of this run can be found in: /Users/gayathrisathish/Library/Mobile Documents/com~apple~CloudDocs/Desktop/Projects/RoadRhythm/.npm-cache/_logs/2026-03-17T04_06_07_608Z-debug-0.log
